{
"type": "FeatureCollection",
"name": "commercial",
"crs": { "type": "name", "properties": { "name": "urn:ogc:def:crs:OGC:1.3:CRS84" } },
"features": [
{ "type": "Feature", "properties": { "fid": 1.0, "osm_id": 6507784886.0, "osm_type": "nodes", "amenity": "cafe", "name": "Awor Gallery & Coffee", "layer": "commercial utm", "path": "D:\\geomapid\\Kebutuhan Final Project\\SHP\\UTM\\commercial utm.shp" }, "geometry": { "type": "Point", "coordinates": [ 110.3734817, -7.780282 ] } },
{ "type": "Feature", "properties": { "fid": 2.0, "osm_id": 4162538289.0, "osm_type": "nodes", "amenity": "cafe", "name": "Mooi's Kitchen", "layer": "commercial utm", "path": "D:\\geomapid\\Kebutuhan Final Project\\SHP\\UTM\\commercial utm.shp" }, "geometry": { "type": "Point", "coordinates": [ 110.3733949, -7.7803677 ] } },
{ "type": "Feature", "properties": { "fid": 3.0, "osm_id": 6327281304.0, "osm_type": "nodes", "amenity": "bar", "name": "Sakapatat", "layer": "commercial utm", "path": "D:\\geomapid\\Kebutuhan Final Project\\SHP\\UTM\\commercial utm.shp" }, "geometry": { "type": "Point", "coordinates": [ 110.3642457, -7.7807449 ] } },
{ "type": "Feature", "properties": { "fid": 4.0, "osm_id": 1359116507.0, "osm_type": "nodes", "amenity": null, "name": "Hotel Trim Tiga", "layer": "commercial utm", "path": "D:\\geomapid\\Kebutuhan Final Project\\SHP\\UTM\\commercial utm.shp" }, "geometry": { "type": "Point", "coordinates": [ 110.3670381, -7.7804558 ] } },
{ "type": "Feature", "properties": { "fid": 5.0, "osm_id": 3557258295.0, "osm_type": "nodes", "amenity": "restaurant", "name": "Papa Rons Pizza", "layer": "commercial utm", "path": "D:\\geomapid\\Kebutuhan Final Project\\SHP\\UTM\\commercial utm.shp" }, "geometry": { "type": "Point", "coordinates": [ 110.3670879, -7.7795662 ] } },
{ "type": "Feature", "properties": { "fid": 6.0, "osm_id": 3557258192.0, "osm_type": "nodes", "amenity": null, "name": "Hotel Citradream Yogyakarta", "layer": "commercial utm", "path": "D:\\geomapid\\Kebutuhan Final Project\\SHP\\UTM\\commercial utm.shp" }, "geometry": { "type": "Point", "coordinates": [ 110.3676243, -7.780212 ] } },
{ "type": "Feature", "properties": { "fid": 7.0, "osm_id": 10024838969.0, "osm_type": "nodes", "amenity": null, "name": "Bu Una Frozen Food", "layer": "commercial utm", "path": "D:\\geomapid\\Kebutuhan Final Project\\SHP\\UTM\\commercial utm.shp" }, "geometry": { "type": "Point", "coordinates": [ 110.369042600000014, -7.7791853 ] } },
{ "type": "Feature", "properties": { "fid": 8.0, "osm_id": 6369552903.0, "osm_type": "nodes", "amenity": null, "name": "EL'S Computer", "layer": "commercial utm", "path": "D:\\geomapid\\Kebutuhan Final Project\\SHP\\UTM\\commercial utm.shp" }, "geometry": { "type": "Point", "coordinates": [ 110.3736486, -7.7781718 ] } },
{ "type": "Feature", "properties": { "fid": 9.0, "osm_id": 9681842134.0, "osm_type": "nodes", "amenity": "restaurant", "name": "Lingua eatery and coffee", "layer": "commercial utm", "path": "D:\\geomapid\\Kebutuhan Final Project\\SHP\\UTM\\commercial utm.shp" }, "geometry": { "type": "Point", "coordinates": [ 110.3607966, -7.7774733 ] } },
{ "type": "Feature", "properties": { "fid": 10.0, "osm_id": 3557258293.0, "osm_type": "nodes", "amenity": null, "name": "Monginsidi Guest House", "layer": "commercial utm", "path": "D:\\geomapid\\Kebutuhan Final Project\\SHP\\UTM\\commercial utm.shp" }, "geometry": { "type": "Point", "coordinates": [ 110.3659077, -7.7780727 ] } },
{ "type": "Feature", "properties": { "fid": 11.0, "osm_id": 6327275235.0, "osm_type": "nodes", "amenity": null, "name": "Crog Robotics", "layer": "commercial utm", "path": "D:\\geomapid\\Kebutuhan Final Project\\SHP\\UTM\\commercial utm.shp" }, "geometry": { "type": "Point", "coordinates": [ 110.3641354, -7.7781726 ] } },
{ "type": "Feature", "properties": { "fid": 12.0, "osm_id": 1350265565.0, "osm_type": "nodes", "amenity": null, "name": "Bener Mobil", "layer": "commercial utm", "path": "D:\\geomapid\\Kebutuhan Final Project\\SHP\\UTM\\commercial utm.shp" }, "geometry": { "type": "Point", "coordinates": [ 110.35196980000002, -7.779143 ] } },
{ "type": "Feature", "properties": { "fid": 13.0, "osm_id": 4771094725.0, "osm_type": "nodes", "amenity": "atm", "name": null, "layer": "commercial utm", "path": "D:\\geomapid\\Kebutuhan Final Project\\SHP\\UTM\\commercial utm.shp" }, "geometry": { "type": "Point", "coordinates": [ 110.353637100000014, -7.7925747 ] } },
{ "type": "Feature", "properties": { "fid": 14.0, "osm_id": 3630332110.0, "osm_type": "nodes", "amenity": null, "name": "Yamaha", "layer": "commercial utm", "path": "D:\\geomapid\\Kebutuhan Final Project\\SHP\\UTM\\commercial utm.shp" }, "geometry": { "type": "Point", "coordinates": [ 110.3550561, -7.8236655 ] } },
{ "type": "Feature", "properties": { "fid": 15.0, "osm_id": 5653520449.0, "osm_type": "nodes", "amenity": "fuel", "name": "SPBU Pertamina 44.552.11 Bener", "layer": "commercial utm", "path": "D:\\geomapid\\Kebutuhan Final Project\\SHP\\UTM\\commercial utm.shp" }, "geometry": { "type": "Point", "coordinates": [ 110.3519602, -7.7813087 ] } },
{ "type": "Feature", "properties": { "fid": 16.0, "osm_id": 12880769774.0, "osm_type": "nodes", "amenity": "restaurant", "name": "Yamie Singkawang", "layer": "commercial utm", "path": "D:\\geomapid\\Kebutuhan Final Project\\SHP\\UTM\\commercial utm.shp" }, "geometry": { "type": "Point", "coordinates": [ 110.3685087, -7.8141018 ] } },
{ "type": "Feature", "properties": { "fid": 17.0, "osm_id": 5911323786.0, "osm_type": "nodes", "amenity": "restaurant", "name": "Tujuan", "layer": "commercial utm", "path": "D:\\geomapid\\Kebutuhan Final Project\\SHP\\UTM\\commercial utm.shp" }, "geometry": { "type": "Point", "coordinates": [ 110.3647863, -7.8183994 ] } },
{ "type": "Feature", "properties": { "fid": 18.0, "osm_id": 8380712721.0, "osm_type": "nodes", "amenity": null, "name": "Mediterranea by Kamil", "layer": "commercial utm", "path": "D:\\geomapid\\Kebutuhan Final Project\\SHP\\UTM\\commercial utm.shp" }, "geometry": { "type": "Point", "coordinates": [ 110.3645224, -7.8185942 ] } },
{ "type": "Feature", "properties": { "fid": 19.0, "osm_id": 11057432705.0, "osm_type": "nodes", "amenity": null, "name": null, "layer": "commercial utm", "path": "D:\\geomapid\\Kebutuhan Final Project\\SHP\\UTM\\commercial utm.shp" }, "geometry": { "type": "Point", "coordinates": [ 110.3663308, -7.8186156 ] } },
{ "type": "Feature", "properties": { "fid": 20.0, "osm_id": 11824674203.0, "osm_type": "nodes", "amenity": "restaurant", "name": "Jawa Timur Resto", "layer": "commercial utm", "path": "D:\\geomapid\\Kebutuhan Final Project\\SHP\\UTM\\commercial utm.shp" }, "geometry": { "type": "Point", "coordinates": [ 110.3681857, -7.8189366 ] } },
{ "type": "Feature", "properties": { "fid": 21.0, "osm_id": 12743402575.0, "osm_type": "nodes", "amenity": "bar", "name": "Made Cafe", "layer": "commercial utm", "path": "D:\\geomapid\\Kebutuhan Final Project\\SHP\\UTM\\commercial utm.shp" }, "geometry": { "type": "Point", "coordinates": [ 110.3680028, -7.8190011 ] } },
{ "type": "Feature", "properties": { "fid": 22.0, "osm_id": 12743402576.0, "osm_type": "nodes", "amenity": "restaurant", "name": "City Grill", "layer": "commercial utm", "path": "D:\\geomapid\\Kebutuhan Final Project\\SHP\\UTM\\commercial utm.shp" }, "geometry": { "type": "Point", "coordinates": [ 110.3681692, -7.8194988 ] } },
{ "type": "Feature", "properties": { "fid": 23.0, "osm_id": 12743402577.0, "osm_type": "nodes", "amenity": "bar", "name": "Banana Bar", "layer": "commercial utm", "path": "D:\\geomapid\\Kebutuhan Final Project\\SHP\\UTM\\commercial utm.shp" }, "geometry": { "type": "Point", "coordinates": [ 110.3679739, -7.8192777 ] } },
{ "type": "Feature", "properties": { "fid": 24.0, "osm_id": 12743402578.0, "osm_type": "nodes", "amenity": "bar", "name": "Luku Cafe", "layer": "commercial utm", "path": "D:\\geomapid\\Kebutuhan Final Project\\SHP\\UTM\\commercial utm.shp" }, "geometry": { "type": "Point", "coordinates": [ 110.3681708, -7.8191243 ] } },
{ "type": "Feature", "properties": { "fid": 25.0, "osm_id": 12743402579.0, "osm_type": "nodes", "amenity": "restaurant", "name": "Sekar Pizza", "layer": "commercial utm", "path": "D:\\geomapid\\Kebutuhan Final Project\\SHP\\UTM\\commercial utm.shp" }, "geometry": { "type": "Point", "coordinates": [ 110.3666073, -7.8187959 ] } },
{ "type": "Feature", "properties": { "fid": 26.0, "osm_id": 12743402580.0, "osm_type": "nodes", "amenity": "bar", "name": "Ruis", "layer": "commercial utm", "path": "D:\\geomapid\\Kebutuhan Final Project\\SHP\\UTM\\commercial utm.shp" }, "geometry": { "type": "Point", "coordinates": [ 110.3679878, -7.8191441 ] } },
{ "type": "Feature", "properties": { "fid": 27.0, "osm_id": 9194565892.0, "osm_type": "nodes", "amenity": null, "name": "Ray White Central Jogja", "layer": "commercial utm", "path": "D:\\geomapid\\Kebutuhan Final Project\\SHP\\UTM\\commercial utm.shp" }, "geometry": { "type": "Point", "coordinates": [ 110.3726575, -7.7941385 ] } },
{ "type": "Feature", "properties": { "fid": 28.0, "osm_id": 12874730348.0, "osm_type": "nodes", "amenity": null, "name": "Yudhistira Sembako", "layer": "commercial utm", "path": "D:\\geomapid\\Kebutuhan Final Project\\SHP\\UTM\\commercial utm.shp" }, "geometry": { "type": "Point", "coordinates": [ 110.3816174, -7.8220685 ] } },
{ "type": "Feature", "properties": { "fid": 29.0, "osm_id": 11323123168.0, "osm_type": "nodes", "amenity": "restaurant", "name": "Easy Groovy", "layer": "commercial utm", "path": "D:\\geomapid\\Kebutuhan Final Project\\SHP\\UTM\\commercial utm.shp" }, "geometry": { "type": "Point", "coordinates": [ 110.3724886, -7.8193036 ] } },
{ "type": "Feature", "properties": { "fid": 30.0, "osm_id": 10316227334.0, "osm_type": "nodes", "amenity": "restaurant", "name": "Pizza Hut", "layer": "commercial utm", "path": "D:\\geomapid\\Kebutuhan Final Project\\SHP\\UTM\\commercial utm.shp" }, "geometry": { "type": "Point", "coordinates": [ 110.3796927, -7.8019188 ] } },
{ "type": "Feature", "properties": { "fid": 31.0, "osm_id": 13991344501.0, "osm_type": "nodes", "amenity": null, "name": null, "layer": "commercial utm", "path": "D:\\geomapid\\Kebutuhan Final Project\\SHP\\UTM\\commercial utm.shp" }, "geometry": { "type": "Point", "coordinates": [ 110.367426, -7.7794824 ] } },
{ "type": "Feature", "properties": { "fid": 32.0, "osm_id": 9222486038.0, "osm_type": "nodes", "amenity": null, "name": "Photo Copy", "layer": "commercial utm", "path": "D:\\geomapid\\Kebutuhan Final Project\\SHP\\UTM\\commercial utm.shp" }, "geometry": { "type": "Point", "coordinates": [ 110.3757123, -7.7779149 ] } },
{ "type": "Feature", "properties": { "fid": 33.0, "osm_id": 9824029773.0, "osm_type": "nodes", "amenity": null, "name": "Royal Darmo Malioboro Hotel Yogyakarta", "layer": "commercial utm", "path": "D:\\geomapid\\Kebutuhan Final Project\\SHP\\UTM\\commercial utm.shp" }, "geometry": { "type": "Point", "coordinates": [ 110.3585358, -7.7924892 ] } },
{ "type": "Feature", "properties": { "fid": 34.0, "osm_id": 13986136802.0, "osm_type": "nodes", "amenity": null, "name": "Perkumpulan Budi Abadi (Hoo Hap Hwee)", "layer": "commercial utm", "path": "D:\\geomapid\\Kebutuhan Final Project\\SHP\\UTM\\commercial utm.shp" }, "geometry": { "type": "Point", "coordinates": [ 110.3755377, -7.8042 ] } },
{ "type": "Feature", "properties": { "fid": 35.0, "osm_id": 12727127901.0, "osm_type": "nodes", "amenity": null, "name": "Ndalem Sarengat", "layer": "commercial utm", "path": "D:\\geomapid\\Kebutuhan Final Project\\SHP\\UTM\\commercial utm.shp" }, "geometry": { "type": "Point", "coordinates": [ 110.3680513, -7.8105958 ] } },
{ "type": "Feature", "properties": { "fid": 36.0, "osm_id": 6302946216.0, "osm_type": "nodes", "amenity": "bar", "name": "Hidden Bar", "layer": "commercial utm", "path": "D:\\geomapid\\Kebutuhan Final Project\\SHP\\UTM\\commercial utm.shp" }, "geometry": { "type": "Point", "coordinates": [ 110.3681812, -7.8190316 ] } },
{ "type": "Feature", "properties": { "fid": 37.0, "osm_id": 12743402582.0, "osm_type": "nodes", "amenity": "restaurant", "name": "Chicken Shack", "layer": "commercial utm", "path": "D:\\geomapid\\Kebutuhan Final Project\\SHP\\UTM\\commercial utm.shp" }, "geometry": { "type": "Point", "coordinates": [ 110.3661823, -7.8185648 ] } },
{ "type": "Feature", "properties": { "fid": 38.0, "osm_id": 4784604521.0, "osm_type": "nodes", "amenity": null, "name": "ViaVia Artisan Bakery", "layer": "commercial utm", "path": "D:\\geomapid\\Kebutuhan Final Project\\SHP\\UTM\\commercial utm.shp" }, "geometry": { "type": "Point", "coordinates": [ 110.3716529, -7.8193891 ] } },
{ "type": "Feature", "properties": { "fid": 39.0, "osm_id": 12471093202.0, "osm_type": "nodes", "amenity": null, "name": "Annas Laundry", "layer": "commercial utm", "path": "D:\\geomapid\\Kebutuhan Final Project\\SHP\\UTM\\commercial utm.shp" }, "geometry": { "type": "Point", "coordinates": [ 110.3693972, -7.8188946 ] } },
{ "type": "Feature", "properties": { "fid": 40.0, "osm_id": 12473297949.0, "osm_type": "nodes", "amenity": null, "name": null, "layer": "commercial utm", "path": "D:\\geomapid\\Kebutuhan Final Project\\SHP\\UTM\\commercial utm.shp" }, "geometry": { "type": "Point", "coordinates": [ 110.3731954, -7.818522 ] } },
{ "type": "Feature", "properties": { "fid": 41.0, "osm_id": 12473282634.0, "osm_type": "nodes", "amenity": null, "name": "Renjana Bed & Breakfast", "layer": "commercial utm", "path": "D:\\geomapid\\Kebutuhan Final Project\\SHP\\UTM\\commercial utm.shp" }, "geometry": { "type": "Point", "coordinates": [ 110.3710841, -7.8160765 ] } },
{ "type": "Feature", "properties": { "fid": 42.0, "osm_id": 12473335888.0, "osm_type": "nodes", "amenity": null, "name": "Barakallah Laundry", "layer": "commercial utm", "path": "D:\\geomapid\\Kebutuhan Final Project\\SHP\\UTM\\commercial utm.shp" }, "geometry": { "type": "Point", "coordinates": [ 110.3727063, -7.8179997 ] } },
{ "type": "Feature", "properties": { "fid": 43.0, "osm_id": 12468697905.0, "osm_type": "nodes", "amenity": null, "name": "The Backyard Hostel", "layer": "commercial utm", "path": "D:\\geomapid\\Kebutuhan Final Project\\SHP\\UTM\\commercial utm.shp" }, "geometry": { "type": "Point", "coordinates": [ 110.3659042, -7.8178639 ] } },
{ "type": "Feature", "properties": { "fid": 44.0, "osm_id": 11830254727.0, "osm_type": "nodes", "amenity": "cafe", "name": "Atomic", "layer": "commercial utm", "path": "D:\\geomapid\\Kebutuhan Final Project\\SHP\\UTM\\commercial utm.shp" }, "geometry": { "type": "Point", "coordinates": [ 110.365814900000018, -7.8185143 ] } },
{ "type": "Feature", "properties": { "fid": 45.0, "osm_id": 3377547360.0, "osm_type": "nodes", "amenity": null, "name": "Tropis Homestay", "layer": "commercial utm", "path": "D:\\geomapid\\Kebutuhan Final Project\\SHP\\UTM\\commercial utm.shp" }, "geometry": { "type": "Point", "coordinates": [ 110.369487, -7.8188791 ] } },
{ "type": "Feature", "properties": { "fid": 46.0, "osm_id": 5318487964.0, "osm_type": "nodes", "amenity": null, "name": "Pandanaran", "layer": "commercial utm", "path": "D:\\geomapid\\Kebutuhan Final Project\\SHP\\UTM\\commercial utm.shp" }, "geometry": { "type": "Point", "coordinates": [ 110.372381, -7.8194868 ] } },
{ "type": "Feature", "properties": { "fid": 47.0, "osm_id": 5583703631.0, "osm_type": "nodes", "amenity": null, "name": "Opera", "layer": "commercial utm", "path": "D:\\geomapid\\Kebutuhan Final Project\\SHP\\UTM\\commercial utm.shp" }, "geometry": { "type": "Point", "coordinates": [ 110.3684471, -7.8189638 ] } },
{ "type": "Feature", "properties": { "fid": 48.0, "osm_id": 5836039798.0, "osm_type": "nodes", "amenity": "restaurant", "name": "Warung Heru", "layer": "commercial utm", "path": "D:\\geomapid\\Kebutuhan Final Project\\SHP\\UTM\\commercial utm.shp" }, "geometry": { "type": "Point", "coordinates": [ 110.3710081, -7.8191231 ] } },
{ "type": "Feature", "properties": { "fid": 49.0, "osm_id": 7098192760.0, "osm_type": "nodes", "amenity": "cafe", "name": "Ruang Seduh", "layer": "commercial utm", "path": "D:\\geomapid\\Kebutuhan Final Project\\SHP\\UTM\\commercial utm.shp" }, "geometry": { "type": "Point", "coordinates": [ 110.369969, -7.8192176 ] } },
{ "type": "Feature", "properties": { "fid": 50.0, "osm_id": 10648615485.0, "osm_type": "nodes", "amenity": "bar", "name": "Boogie Down", "layer": "commercial utm", "path": "D:\\geomapid\\Kebutuhan Final Project\\SHP\\UTM\\commercial utm.shp" }, "geometry": { "type": "Point", "coordinates": [ 110.369127800000015, -7.8188242 ] } },
{ "type": "Feature", "properties": { "fid": 51.0, "osm_id": 11451288963.0, "osm_type": "nodes", "amenity": "bar", "name": "Just Play On", "layer": "commercial utm", "path": "D:\\geomapid\\Kebutuhan Final Project\\SHP\\UTM\\commercial utm.shp" }, "geometry": { "type": "Point", "coordinates": [ 110.368821, -7.8188376 ] } },
{ "type": "Feature", "properties": { "fid": 52.0, "osm_id": 11451288964.0, "osm_type": "nodes", "amenity": null, "name": "Sartika Hotel", "layer": "commercial utm", "path": "D:\\geomapid\\Kebutuhan Final Project\\SHP\\UTM\\commercial utm.shp" }, "geometry": { "type": "Point", "coordinates": [ 110.3727699, -7.8195468 ] } },
{ "type": "Feature", "properties": { "fid": 53.0, "osm_id": 11451288965.0, "osm_type": "nodes", "amenity": "restaurant", "name": "Stairs", "layer": "commercial utm", "path": "D:\\geomapid\\Kebutuhan Final Project\\SHP\\UTM\\commercial utm.shp" }, "geometry": { "type": "Point", "coordinates": [ 110.3697009, -7.8191368 ] } },
{ "type": "Feature", "properties": { "fid": 54.0, "osm_id": 2102342687.0, "osm_type": "nodes", "amenity": "restaurant", "name": "Bu Ageng", "layer": "commercial utm", "path": "D:\\geomapid\\Kebutuhan Final Project\\SHP\\UTM\\commercial utm.shp" }, "geometry": { "type": "Point", "coordinates": [ 110.3642203, -7.8182738 ] } },
{ "type": "Feature", "properties": { "fid": 55.0, "osm_id": 6267351618.0, "osm_type": "nodes", "amenity": "restaurant", "name": "Easy Garden Restaurant & Cafe", "layer": "commercial utm", "path": "D:\\geomapid\\Kebutuhan Final Project\\SHP\\UTM\\commercial utm.shp" }, "geometry": { "type": "Point", "coordinates": [ 110.3613666, -7.817961 ] } },
{ "type": "Feature", "properties": { "fid": 56.0, "osm_id": 11057432706.0, "osm_type": "nodes", "amenity": null, "name": null, "layer": "commercial utm", "path": "D:\\geomapid\\Kebutuhan Final Project\\SHP\\UTM\\commercial utm.shp" }, "geometry": { "type": "Point", "coordinates": [ 110.369363300000018, -7.8189338 ] } },
{ "type": "Feature", "properties": { "fid": 57.0, "osm_id": 11057432905.0, "osm_type": "nodes", "amenity": null, "name": null, "layer": "commercial utm", "path": "D:\\geomapid\\Kebutuhan Final Project\\SHP\\UTM\\commercial utm.shp" }, "geometry": { "type": "Point", "coordinates": [ 110.3612765, -7.8189813 ] } },
{ "type": "Feature", "properties": { "fid": 58.0, "osm_id": 11057430413.0, "osm_type": "nodes", "amenity": null, "name": null, "layer": "commercial utm", "path": "D:\\geomapid\\Kebutuhan Final Project\\SHP\\UTM\\commercial utm.shp" }, "geometry": { "type": "Point", "coordinates": [ 110.3622511, -7.8176986 ] } },
{ "type": "Feature", "properties": { "fid": 59.0, "osm_id": 5783079553.0, "osm_type": "nodes", "amenity": null, "name": "Imam Gallery", "layer": "commercial utm", "path": "D:\\geomapid\\Kebutuhan Final Project\\SHP\\UTM\\commercial utm.shp" }, "geometry": { "type": "Point", "coordinates": [ 110.3697148, -7.817563 ] } },
{ "type": "Feature", "properties": { "fid": 60.0, "osm_id": 5432547502.0, "osm_type": "nodes", "amenity": null, "name": "Pondok Ijo", "layer": "commercial utm", "path": "D:\\geomapid\\Kebutuhan Final Project\\SHP\\UTM\\commercial utm.shp" }, "geometry": { "type": "Point", "coordinates": [ 110.3648419, -7.8168656 ] } },
{ "type": "Feature", "properties": { "fid": 61.0, "osm_id": 5245154022.0, "osm_type": "nodes", "amenity": "cafe", "name": "Kiosk", "layer": "commercial utm", "path": "D:\\geomapid\\Kebutuhan Final Project\\SHP\\UTM\\commercial utm.shp" }, "geometry": { "type": "Point", "coordinates": [ 110.368202700000012, -7.8187146 ] } },
{ "type": "Feature", "properties": { "fid": 62.0, "osm_id": 4288356591.0, "osm_type": "nodes", "amenity": null, "name": "Monggo Chocolate shop", "layer": "commercial utm", "path": "D:\\geomapid\\Kebutuhan Final Project\\SHP\\UTM\\commercial utm.shp" }, "geometry": { "type": "Point", "coordinates": [ 110.3634109, -7.8183511 ] } },
{ "type": "Feature", "properties": { "fid": 63.0, "osm_id": 6855834428.0, "osm_type": "nodes", "amenity": null, "name": "Nextdoor Homestay", "layer": "commercial utm", "path": "D:\\geomapid\\Kebutuhan Final Project\\SHP\\UTM\\commercial utm.shp" }, "geometry": { "type": "Point", "coordinates": [ 110.3690913, -7.816999799999988 ] } },
{ "type": "Feature", "properties": { "fid": 64.0, "osm_id": 5201378808.0, "osm_type": "nodes", "amenity": "cafe", "name": "Angkringan Gondrong", "layer": "commercial utm", "path": "D:\\geomapid\\Kebutuhan Final Project\\SHP\\UTM\\commercial utm.shp" }, "geometry": { "type": "Point", "coordinates": [ 110.3605561, -7.8138188 ] } },
{ "type": "Feature", "properties": { "fid": 65.0, "osm_id": 2257634218.0, "osm_type": "nodes", "amenity": null, "name": "Indah Palace", "layer": "commercial utm", "path": "D:\\geomapid\\Kebutuhan Final Project\\SHP\\UTM\\commercial utm.shp" }, "geometry": { "type": "Point", "coordinates": [ 110.3724939, -7.8183158 ] } },
{ "type": "Feature", "properties": { "fid": 66.0, "osm_id": 1652990181.0, "osm_type": "nodes", "amenity": null, "name": "Pondok terra", "layer": "commercial utm", "path": "D:\\geomapid\\Kebutuhan Final Project\\SHP\\UTM\\commercial utm.shp" }, "geometry": { "type": "Point", "coordinates": [ 110.3642294, -7.8172496 ] } },
{ "type": "Feature", "properties": { "fid": 67.0, "osm_id": 13155243001.0, "osm_type": "nodes", "amenity": null, "name": "Batik Seno", "layer": "commercial utm", "path": "D:\\geomapid\\Kebutuhan Final Project\\SHP\\UTM\\commercial utm.shp" }, "geometry": { "type": "Point", "coordinates": [ 110.3652825, -7.8193066 ] } },
{ "type": "Feature", "properties": { "fid": 68.0, "osm_id": 13355366602.0, "osm_type": "nodes", "amenity": null, "name": "Rumah Kalpataru", "layer": "commercial utm", "path": "D:\\geomapid\\Kebutuhan Final Project\\SHP\\UTM\\commercial utm.shp" }, "geometry": { "type": "Point", "coordinates": [ 110.3685342, -7.8175162 ] } },
{ "type": "Feature", "properties": { "fid": 69.0, "osm_id": 13373480001.0, "osm_type": "nodes", "amenity": null, "name": "Omah Siliran Heritage", "layer": "commercial utm", "path": "D:\\geomapid\\Kebutuhan Final Project\\SHP\\UTM\\commercial utm.shp" }, "geometry": { "type": "Point", "coordinates": [ 110.3661825, -7.8132379 ] } },
{ "type": "Feature", "properties": { "fid": 70.0, "osm_id": 4441696190.0, "osm_type": "nodes", "amenity": null, "name": "ichan house", "layer": "commercial utm", "path": "D:\\geomapid\\Kebutuhan Final Project\\SHP\\UTM\\commercial utm.shp" }, "geometry": { "type": "Point", "coordinates": [ 110.3609385, -7.8117611 ] } },
{ "type": "Feature", "properties": { "fid": 71.0, "osm_id": 4875778821.0, "osm_type": "nodes", "amenity": "cafe", "name": "Heiho Loewak Coffee", "layer": "commercial utm", "path": "D:\\geomapid\\Kebutuhan Final Project\\SHP\\UTM\\commercial utm.shp" }, "geometry": { "type": "Point", "coordinates": [ 110.3610681, -7.8096392 ] } },
{ "type": "Feature", "properties": { "fid": 72.0, "osm_id": 5372687423.0, "osm_type": "nodes", "amenity": null, "name": "The Cozy Nest", "layer": "commercial utm", "path": "D:\\geomapid\\Kebutuhan Final Project\\SHP\\UTM\\commercial utm.shp" }, "geometry": { "type": "Point", "coordinates": [ 110.3651374, -7.8125301 ] } },
{ "type": "Feature", "properties": { "fid": 73.0, "osm_id": 5374694121.0, "osm_type": "nodes", "amenity": null, "name": "Cozy Nest Hostel Yogyakarta", "layer": "commercial utm", "path": "D:\\geomapid\\Kebutuhan Final Project\\SHP\\UTM\\commercial utm.shp" }, "geometry": { "type": "Point", "coordinates": [ 110.3647209, -7.8123783 ] } },
{ "type": "Feature", "properties": { "fid": 74.0, "osm_id": 5491083321.0, "osm_type": "nodes", "amenity": "restaurant", "name": "Bakmi Jawa Pak Rebo", "layer": "commercial utm", "path": "D:\\geomapid\\Kebutuhan Final Project\\SHP\\UTM\\commercial utm.shp" }, "geometry": { "type": "Point", "coordinates": [ 110.3690271, -7.8124132 ] } },
{ "type": "Feature", "properties": { "fid": 75.0, "osm_id": 5583703628.0, "osm_type": "nodes", "amenity": null, "name": "MiniMarket", "layer": "commercial utm", "path": "D:\\geomapid\\Kebutuhan Final Project\\SHP\\UTM\\commercial utm.shp" }, "geometry": { "type": "Point", "coordinates": [ 110.3701171, -7.8190584 ] } },
{ "type": "Feature", "properties": { "fid": 76.0, "osm_id": 5583704723.0, "osm_type": "nodes", "amenity": null, "name": "Laundry", "layer": "commercial utm", "path": "D:\\geomapid\\Kebutuhan Final Project\\SHP\\UTM\\commercial utm.shp" }, "geometry": { "type": "Point", "coordinates": [ 110.3702862, -7.8190632 ] } },
{ "type": "Feature", "properties": { "fid": 77.0, "osm_id": 5903606985.0, "osm_type": "nodes", "amenity": null, "name": "Griya Asih", "layer": "commercial utm", "path": "D:\\geomapid\\Kebutuhan Final Project\\SHP\\UTM\\commercial utm.shp" }, "geometry": { "type": "Point", "coordinates": [ 110.3648338, -7.8131109 ] } },
{ "type": "Feature", "properties": { "fid": 78.0, "osm_id": 6699652885.0, "osm_type": "nodes", "amenity": null, "name": "Green wash", "layer": "commercial utm", "path": "D:\\geomapid\\Kebutuhan Final Project\\SHP\\UTM\\commercial utm.shp" }, "geometry": { "type": "Point", "coordinates": [ 110.362116, -7.8189523 ] } },
{ "type": "Feature", "properties": { "fid": 79.0, "osm_id": 6819331885.0, "osm_type": "nodes", "amenity": null, "name": "Uni-Q Juice", "layer": "commercial utm", "path": "D:\\geomapid\\Kebutuhan Final Project\\SHP\\UTM\\commercial utm.shp" }, "geometry": { "type": "Point", "coordinates": [ 110.3667593, -7.8089312 ] } },
{ "type": "Feature", "properties": { "fid": 80.0, "osm_id": 11061460605.0, "osm_type": "nodes", "amenity": "cafe", "name": "Dropshot Espresso Bar", "layer": "commercial utm", "path": "D:\\geomapid\\Kebutuhan Final Project\\SHP\\UTM\\commercial utm.shp" }, "geometry": { "type": "Point", "coordinates": [ 110.3730208, -7.8193423 ] } },
{ "type": "Feature", "properties": { "fid": 81.0, "osm_id": 11061583707.0, "osm_type": "nodes", "amenity": null, "name": "Gorga Hostel", "layer": "commercial utm", "path": "D:\\geomapid\\Kebutuhan Final Project\\SHP\\UTM\\commercial utm.shp" }, "geometry": { "type": "Point", "coordinates": [ 110.3719572, -7.818538 ] } },
{ "type": "Feature", "properties": { "fid": 82.0, "osm_id": 11876212070.0, "osm_type": "nodes", "amenity": null, "name": "Ranasa Hostel Yogyakarta", "layer": "commercial utm", "path": "D:\\geomapid\\Kebutuhan Final Project\\SHP\\UTM\\commercial utm.shp" }, "geometry": { "type": "Point", "coordinates": [ 110.3617684, -7.8174208 ] } },
{ "type": "Feature", "properties": { "fid": 83.0, "osm_id": 12022673171.0, "osm_type": "nodes", "amenity": null, "name": "Tirtodipuran Link Building B", "layer": "commercial utm", "path": "D:\\geomapid\\Kebutuhan Final Project\\SHP\\UTM\\commercial utm.shp" }, "geometry": { "type": "Point", "coordinates": [ 110.3647112, -7.8188868 ] } },
{ "type": "Feature", "properties": { "fid": 84.0, "osm_id": 12022823569.0, "osm_type": "nodes", "amenity": "restaurant", "name": "Black Forest Cafe", "layer": "commercial utm", "path": "D:\\geomapid\\Kebutuhan Final Project\\SHP\\UTM\\commercial utm.shp" }, "geometry": { "type": "Point", "coordinates": [ 110.3682402, -7.8194094 ] } },
{ "type": "Feature", "properties": { "fid": 85.0, "osm_id": 5583703624.0, "osm_type": "nodes", "amenity": null, "name": "Alfamart", "layer": "commercial utm", "path": "D:\\geomapid\\Kebutuhan Final Project\\SHP\\UTM\\commercial utm.shp" }, "geometry": { "type": "Point", "coordinates": [ 110.373112, -7.8189945 ] } },
{ "type": "Feature", "properties": { "fid": 86.0, "osm_id": 3487442212.0, "osm_type": "nodes", "amenity": "restaurant", "name": "Mediterranea by Kamil", "layer": "commercial utm", "path": "D:\\geomapid\\Kebutuhan Final Project\\SHP\\UTM\\commercial utm.shp" }, "geometry": { "type": "Point", "coordinates": [ 110.3645423, -7.8185002 ] } },
{ "type": "Feature", "properties": { "fid": 87.0, "osm_id": 14088947101.0, "osm_type": "nodes", "amenity": "marketplace", "name": "Pasar Kluwih", "layer": "commercial utm", "path": "D:\\geomapid\\Kebutuhan Final Project\\SHP\\UTM\\commercial utm.shp" }, "geometry": { "type": "Point", "coordinates": [ 110.365487, -7.809476 ] } },
{ "type": "Feature", "properties": { "fid": 88.0, "osm_id": 5583703627.0, "osm_type": "nodes", "amenity": null, "name": "Fotocopy Aries", "layer": "commercial utm", "path": "D:\\geomapid\\Kebutuhan Final Project\\SHP\\UTM\\commercial utm.shp" }, "geometry": { "type": "Point", "coordinates": [ 110.3731999, -7.8187856 ] } },
{ "type": "Feature", "properties": { "fid": 89.0, "osm_id": 6825725785.0, "osm_type": "nodes", "amenity": null, "name": "Refresh Juice", "layer": "commercial utm", "path": "D:\\geomapid\\Kebutuhan Final Project\\SHP\\UTM\\commercial utm.shp" }, "geometry": { "type": "Point", "coordinates": [ 110.39789260000002, -7.8099618 ] } },
{ "type": "Feature", "properties": { "fid": 90.0, "osm_id": 12473548764.0, "osm_type": "nodes", "amenity": null, "name": "ViaVia", "layer": "commercial utm", "path": "D:\\geomapid\\Kebutuhan Final Project\\SHP\\UTM\\commercial utm.shp" }, "geometry": { "type": "Point", "coordinates": [ 110.3715014, -7.8193304 ] } },
{ "type": "Feature", "properties": { "fid": 91.0, "osm_id": 12471082108.0, "osm_type": "nodes", "amenity": null, "name": null, "layer": "commercial utm", "path": "D:\\geomapid\\Kebutuhan Final Project\\SHP\\UTM\\commercial utm.shp" }, "geometry": { "type": "Point", "coordinates": [ 110.375952100000021, -7.8203081 ] } },
{ "type": "Feature", "properties": { "fid": 92.0, "osm_id": 12471093215.0, "osm_type": "nodes", "amenity": null, "name": null, "layer": "commercial utm", "path": "D:\\geomapid\\Kebutuhan Final Project\\SHP\\UTM\\commercial utm.shp" }, "geometry": { "type": "Point", "coordinates": [ 110.3758053, -7.8196353 ] } },
{ "type": "Feature", "properties": { "fid": 93.0, "osm_id": 12467067863.0, "osm_type": "nodes", "amenity": null, "name": "Queen Shop Organic & Natural", "layer": "commercial utm", "path": "D:\\geomapid\\Kebutuhan Final Project\\SHP\\UTM\\commercial utm.shp" }, "geometry": { "type": "Point", "coordinates": [ 110.3703733, -7.8228104 ] } },
{ "type": "Feature", "properties": { "fid": 94.0, "osm_id": 12383448160.0, "osm_type": "nodes", "amenity": "marketplace", "name": "Pasar Prawirotaman", "layer": "commercial utm", "path": "D:\\geomapid\\Kebutuhan Final Project\\SHP\\UTM\\commercial utm.shp" }, "geometry": { "type": "Point", "coordinates": [ 110.3682201, -7.8200291 ] } },
{ "type": "Feature", "properties": { "fid": 95.0, "osm_id": 11822339754.0, "osm_type": "nodes", "amenity": "restaurant", "name": "Joffi Ramen", "layer": "commercial utm", "path": "D:\\geomapid\\Kebutuhan Final Project\\SHP\\UTM\\commercial utm.shp" }, "geometry": { "type": "Point", "coordinates": [ 110.3709022, -7.8200049 ] } },
{ "type": "Feature", "properties": { "fid": 96.0, "osm_id": 11684684569.0, "osm_type": "nodes", "amenity": "restaurant", "name": "Tjemara Noodle Bar", "layer": "commercial utm", "path": "D:\\geomapid\\Kebutuhan Final Project\\SHP\\UTM\\commercial utm.shp" }, "geometry": { "type": "Point", "coordinates": [ 110.3707153, -7.8199821 ] } },
{ "type": "Feature", "properties": { "fid": 97.0, "osm_id": 4012066481.0, "osm_type": "nodes", "amenity": "restaurant", "name": "Le Soleil", "layer": "commercial utm", "path": "D:\\geomapid\\Kebutuhan Final Project\\SHP\\UTM\\commercial utm.shp" }, "geometry": { "type": "Point", "coordinates": [ 110.3719973, -7.8192018 ] } },
{ "type": "Feature", "properties": { "fid": 98.0, "osm_id": 4934720721.0, "osm_type": "nodes", "amenity": null, "name": null, "layer": "commercial utm", "path": "D:\\geomapid\\Kebutuhan Final Project\\SHP\\UTM\\commercial utm.shp" }, "geometry": { "type": "Point", "coordinates": [ 110.3702843, -7.8191752 ] } },
{ "type": "Feature", "properties": { "fid": 99.0, "osm_id": 6979849185.0, "osm_type": "nodes", "amenity": "restaurant", "name": "Arkadia", "layer": "commercial utm", "path": "D:\\geomapid\\Kebutuhan Final Project\\SHP\\UTM\\commercial utm.shp" }, "geometry": { "type": "Point", "coordinates": [ 110.3700674, -7.8193058 ] } },
{ "type": "Feature", "properties": { "fid": 100.0, "osm_id": 9867154018.0, "osm_type": "nodes", "amenity": "restaurant", "name": "Warung Toscana", "layer": "commercial utm", "path": "D:\\geomapid\\Kebutuhan Final Project\\SHP\\UTM\\commercial utm.shp" }, "geometry": { "type": "Point", "coordinates": [ 110.371142, -7.8191365 ] } },
{ "type": "Feature", "properties": { "fid": 101.0, "osm_id": 11323130269.0, "osm_type": "nodes", "amenity": null, "name": "Kirana Hotel", "layer": "commercial utm", "path": "D:\\geomapid\\Kebutuhan Final Project\\SHP\\UTM\\commercial utm.shp" }, "geometry": { "type": "Point", "coordinates": [ 110.3726911, -7.8192907 ] } },
{ "type": "Feature", "properties": { "fid": 102.0, "osm_id": 11254250744.0, "osm_type": "nodes", "amenity": null, "name": "Life Media", "layer": "commercial utm", "path": "D:\\geomapid\\Kebutuhan Final Project\\SHP\\UTM\\commercial utm.shp" }, "geometry": { "type": "Point", "coordinates": [ 110.3679299, -7.8249951 ] } },
{ "type": "Feature", "properties": { "fid": 103.0, "osm_id": 9824010696.0, "osm_type": "nodes", "amenity": null, "name": "Gallery Prawirotaman Hotel", "layer": "commercial utm", "path": "D:\\geomapid\\Kebutuhan Final Project\\SHP\\UTM\\commercial utm.shp" }, "geometry": { "type": "Point", "coordinates": [ 110.371217, -7.8202654 ] } },
{ "type": "Feature", "properties": { "fid": 104.0, "osm_id": 8853552056.0, "osm_type": "nodes", "amenity": "restaurant", "name": "Soto Ayam Pak B Sidokabul", "layer": "commercial utm", "path": "D:\\geomapid\\Kebutuhan Final Project\\SHP\\UTM\\commercial utm.shp" }, "geometry": { "type": "Point", "coordinates": [ 110.3794672, -7.8204099 ] } },
{ "type": "Feature", "properties": { "fid": 105.0, "osm_id": 2524302491.0, "osm_type": "nodes", "amenity": "restaurant", "name": "Milas", "layer": "commercial utm", "path": "D:\\geomapid\\Kebutuhan Final Project\\SHP\\UTM\\commercial utm.shp" }, "geometry": { "type": "Point", "coordinates": [ 110.3685451, -7.822212 ] } },
{ "type": "Feature", "properties": { "fid": 106.0, "osm_id": 5554130521.0, "osm_type": "nodes", "amenity": "restaurant", "name": "Blengerr", "layer": "commercial utm", "path": "D:\\geomapid\\Kebutuhan Final Project\\SHP\\UTM\\commercial utm.shp" }, "geometry": { "type": "Point", "coordinates": [ 110.3676938, -7.8228759 ] } },
{ "type": "Feature", "properties": { "fid": 107.0, "osm_id": 1640323394.0, "osm_type": "nodes", "amenity": null, "name": "Delta Homestay", "layer": "commercial utm", "path": "D:\\geomapid\\Kebutuhan Final Project\\SHP\\UTM\\commercial utm.shp" }, "geometry": { "type": "Point", "coordinates": [ 110.369418, -7.819688 ] } },
{ "type": "Feature", "properties": { "fid": 108.0, "osm_id": 3487503092.0, "osm_type": "nodes", "amenity": "fast_food", "name": "Warung Teh Poci", "layer": "commercial utm", "path": "D:\\geomapid\\Kebutuhan Final Project\\SHP\\UTM\\commercial utm.shp" }, "geometry": { "type": "Point", "coordinates": [ 110.3674434, -7.8209494 ] } },
{ "type": "Feature", "properties": { "fid": 109.0, "osm_id": 6284253996.0, "osm_type": "nodes", "amenity": "marketplace", "name": "Milas", "layer": "commercial utm", "path": "D:\\geomapid\\Kebutuhan Final Project\\SHP\\UTM\\commercial utm.shp" }, "geometry": { "type": "Point", "coordinates": [ 110.3686163, -7.8222383 ] } },
{ "type": "Feature", "properties": { "fid": 110.0, "osm_id": 5596159182.0, "osm_type": "nodes", "amenity": null, "name": "Jempol Homestay", "layer": "commercial utm", "path": "D:\\geomapid\\Kebutuhan Final Project\\SHP\\UTM\\commercial utm.shp" }, "geometry": { "type": "Point", "coordinates": [ 110.3582823, -7.820524 ] } },
{ "type": "Feature", "properties": { "fid": 111.0, "osm_id": 6335605798.0, "osm_type": "nodes", "amenity": "restaurant", "name": "Art Kitchen", "layer": "commercial utm", "path": "D:\\geomapid\\Kebutuhan Final Project\\SHP\\UTM\\commercial utm.shp" }, "geometry": { "type": "Point", "coordinates": [ 110.3690904, -7.8201007 ] } },
{ "type": "Feature", "properties": { "fid": 112.0, "osm_id": 3487442207.0, "osm_type": "nodes", "amenity": null, "name": "Batik Soemihardjo", "layer": "commercial utm", "path": "D:\\geomapid\\Kebutuhan Final Project\\SHP\\UTM\\commercial utm.shp" }, "geometry": { "type": "Point", "coordinates": [ 110.3641907, -7.8212759 ] } },
{ "type": "Feature", "properties": { "fid": 113.0, "osm_id": 3487442208.0, "osm_type": "nodes", "amenity": "restaurant", "name": "Golden Clopatra", "layer": "commercial utm", "path": "D:\\geomapid\\Kebutuhan Final Project\\SHP\\UTM\\commercial utm.shp" }, "geometry": { "type": "Point", "coordinates": [ 110.3638596, -7.8212043 ] } },
{ "type": "Feature", "properties": { "fid": 114.0, "osm_id": 3487442211.0, "osm_type": "nodes", "amenity": null, "name": "Laundry Hijau", "layer": "commercial utm", "path": "D:\\geomapid\\Kebutuhan Final Project\\SHP\\UTM\\commercial utm.shp" }, "geometry": { "type": "Point", "coordinates": [ 110.3638049, -7.8213441 ] } },
{ "type": "Feature", "properties": { "fid": 115.0, "osm_id": 3487442214.0, "osm_type": "nodes", "amenity": null, "name": "Salon Sahera Wanita", "layer": "commercial utm", "path": "D:\\geomapid\\Kebutuhan Final Project\\SHP\\UTM\\commercial utm.shp" }, "geometry": { "type": "Point", "coordinates": [ 110.3639209, -7.8212491 ] } },
{ "type": "Feature", "properties": { "fid": 116.0, "osm_id": 3487442215.0, "osm_type": "nodes", "amenity": "restaurant", "name": "Warung Pascok", "layer": "commercial utm", "path": "D:\\geomapid\\Kebutuhan Final Project\\SHP\\UTM\\commercial utm.shp" }, "geometry": { "type": "Point", "coordinates": [ 110.363645, -7.8212658 ] } },
{ "type": "Feature", "properties": { "fid": 117.0, "osm_id": 3487503058.0, "osm_type": "nodes", "amenity": "restaurant", "name": "Bank Jo", "layer": "commercial utm", "path": "D:\\geomapid\\Kebutuhan Final Project\\SHP\\UTM\\commercial utm.shp" }, "geometry": { "type": "Point", "coordinates": [ 110.36796360000001, -7.8211102 ] } },
{ "type": "Feature", "properties": { "fid": 118.0, "osm_id": 3487503059.0, "osm_type": "nodes", "amenity": null, "name": "Biro Tours", "layer": "commercial utm", "path": "D:\\geomapid\\Kebutuhan Final Project\\SHP\\UTM\\commercial utm.shp" }, "geometry": { "type": "Point", "coordinates": [ 110.3665786, -7.821874 ] } },
{ "type": "Feature", "properties": { "fid": 119.0, "osm_id": 3487503061.0, "osm_type": "nodes", "amenity": null, "name": "Candra Kirana", "layer": "commercial utm", "path": "D:\\geomapid\\Kebutuhan Final Project\\SHP\\UTM\\commercial utm.shp" }, "geometry": { "type": "Point", "coordinates": [ 110.3678554, -7.8216814 ] } },
{ "type": "Feature", "properties": { "fid": 120.0, "osm_id": 3487503064.0, "osm_type": "nodes", "amenity": null, "name": "Dhina Finny Graha", "layer": "commercial utm", "path": "D:\\geomapid\\Kebutuhan Final Project\\SHP\\UTM\\commercial utm.shp" }, "geometry": { "type": "Point", "coordinates": [ 110.3679537, -7.8214794 ] } },
{ "type": "Feature", "properties": { "fid": 121.0, "osm_id": 3487503066.0, "osm_type": "nodes", "amenity": "cafe", "name": "Homestay Ndalem MJ", "layer": "commercial utm", "path": "D:\\geomapid\\Kebutuhan Final Project\\SHP\\UTM\\commercial utm.shp" }, "geometry": { "type": "Point", "coordinates": [ 110.3659364, -7.8206242 ] } },
{ "type": "Feature", "properties": { "fid": 122.0, "osm_id": 3487503068.0, "osm_type": "nodes", "amenity": null, "name": "Hotel Dewi Sri", "layer": "commercial utm", "path": "D:\\geomapid\\Kebutuhan Final Project\\SHP\\UTM\\commercial utm.shp" }, "geometry": { "type": "Point", "coordinates": [ 110.3673655, -7.8219341 ] } },
{ "type": "Feature", "properties": { "fid": 123.0, "osm_id": 3487503069.0, "osm_type": "nodes", "amenity": null, "name": "Hotel Puri Ganesha", "layer": "commercial utm", "path": "D:\\geomapid\\Kebutuhan Final Project\\SHP\\UTM\\commercial utm.shp" }, "geometry": { "type": "Point", "coordinates": [ 110.366336100000012, -7.821832 ] } },
{ "type": "Feature", "properties": { "fid": 124.0, "osm_id": 3487503071.0, "osm_type": "nodes", "amenity": null, "name": "Karissa", "layer": "commercial utm", "path": "D:\\geomapid\\Kebutuhan Final Project\\SHP\\UTM\\commercial utm.shp" }, "geometry": { "type": "Point", "coordinates": [ 110.3656807, -7.8206484 ] } },
{ "type": "Feature", "properties": { "fid": 125.0, "osm_id": 3487503073.0, "osm_type": "nodes", "amenity": "restaurant", "name": "Makanan Padang", "layer": "commercial utm", "path": "D:\\geomapid\\Kebutuhan Final Project\\SHP\\UTM\\commercial utm.shp" }, "geometry": { "type": "Point", "coordinates": [ 110.3679567, -7.8216426 ] } },
{ "type": "Feature", "properties": { "fid": 126.0, "osm_id": 3487503074.0, "osm_type": "nodes", "amenity": null, "name": "Masrasid Furniture", "layer": "commercial utm", "path": "D:\\geomapid\\Kebutuhan Final Project\\SHP\\UTM\\commercial utm.shp" }, "geometry": { "type": "Point", "coordinates": [ 110.3678259, -7.8214773 ] } },
{ "type": "Feature", "properties": { "fid": 127.0, "osm_id": 3487503076.0, "osm_type": "nodes", "amenity": null, "name": "Mekar Jaya (Lampu)", "layer": "commercial utm", "path": "D:\\geomapid\\Kebutuhan Final Project\\SHP\\UTM\\commercial utm.shp" }, "geometry": { "type": "Point", "coordinates": [ 110.3679472, -7.8209888 ] } },
{ "type": "Feature", "properties": { "fid": 128.0, "osm_id": 3487503078.0, "osm_type": "nodes", "amenity": null, "name": "Miranda Vitour", "layer": "commercial utm", "path": "D:\\geomapid\\Kebutuhan Final Project\\SHP\\UTM\\commercial utm.shp" }, "geometry": { "type": "Point", "coordinates": [ 110.3679084, -7.8216576 ] } },
{ "type": "Feature", "properties": { "fid": 129.0, "osm_id": 3487503079.0, "osm_type": "nodes", "amenity": null, "name": "Mj Tours", "layer": "commercial utm", "path": "D:\\geomapid\\Kebutuhan Final Project\\SHP\\UTM\\commercial utm.shp" }, "geometry": { "type": "Point", "coordinates": [ 110.366005, -7.8207027 ] } },
{ "type": "Feature", "properties": { "fid": 130.0, "osm_id": 3487503080.0, "osm_type": "nodes", "amenity": null, "name": "Nidia", "layer": "commercial utm", "path": "D:\\geomapid\\Kebutuhan Final Project\\SHP\\UTM\\commercial utm.shp" }, "geometry": { "type": "Point", "coordinates": [ 110.3673012, -7.8218907 ] } },
{ "type": "Feature", "properties": { "fid": 131.0, "osm_id": 3487503081.0, "osm_type": "nodes", "amenity": null, "name": "Optik Modern", "layer": "commercial utm", "path": "D:\\geomapid\\Kebutuhan Final Project\\SHP\\UTM\\commercial utm.shp" }, "geometry": { "type": "Point", "coordinates": [ 110.3679532, -7.8211668 ] } },
{ "type": "Feature", "properties": { "fid": 132.0, "osm_id": 3487503082.0, "osm_type": "nodes", "amenity": null, "name": "Pendopp Business", "layer": "commercial utm", "path": "D:\\geomapid\\Kebutuhan Final Project\\SHP\\UTM\\commercial utm.shp" }, "geometry": { "type": "Point", "coordinates": [ 110.3671518, -7.8219732 ] } },
{ "type": "Feature", "properties": { "fid": 133.0, "osm_id": 3487503084.0, "osm_type": "nodes", "amenity": "restaurant", "name": "Pramesthi Hotel", "layer": "commercial utm", "path": "D:\\geomapid\\Kebutuhan Final Project\\SHP\\UTM\\commercial utm.shp" }, "geometry": { "type": "Point", "coordinates": [ 110.3653899, -7.8216489 ] } },
{ "type": "Feature", "properties": { "fid": 134.0, "osm_id": 3487503085.0, "osm_type": "nodes", "amenity": null, "name": "Pusat Kain", "layer": "commercial utm", "path": "D:\\geomapid\\Kebutuhan Final Project\\SHP\\UTM\\commercial utm.shp" }, "geometry": { "type": "Point", "coordinates": [ 110.3678538, -7.8215306 ] } },
{ "type": "Feature", "properties": { "fid": 135.0, "osm_id": 3487503087.0, "osm_type": "nodes", "amenity": null, "name": "Royal Jogjaholic", "layer": "commercial utm", "path": "D:\\geomapid\\Kebutuhan Final Project\\SHP\\UTM\\commercial utm.shp" }, "geometry": { "type": "Point", "coordinates": [ 110.3670141, -7.8219354 ] } },
{ "type": "Feature", "properties": { "fid": 136.0, "osm_id": 3487503088.0, "osm_type": "nodes", "amenity": null, "name": "Stars Sepatu Sandal", "layer": "commercial utm", "path": "D:\\geomapid\\Kebutuhan Final Project\\SHP\\UTM\\commercial utm.shp" }, "geometry": { "type": "Point", "coordinates": [ 110.3679512, -7.8212984 ] } },
{ "type": "Feature", "properties": { "fid": 137.0, "osm_id": 3487503091.0, "osm_type": "nodes", "amenity": null, "name": "Vidi Print", "layer": "commercial utm", "path": "D:\\geomapid\\Kebutuhan Final Project\\SHP\\UTM\\commercial utm.shp" }, "geometry": { "type": "Point", "coordinates": [ 110.3679035, -7.8210911 ] } },
{ "type": "Feature", "properties": { "fid": 138.0, "osm_id": 3487503293.0, "osm_type": "nodes", "amenity": null, "name": "Winpiitoys Anime Shop", "layer": "commercial utm", "path": "D:\\geomapid\\Kebutuhan Final Project\\SHP\\UTM\\commercial utm.shp" }, "geometry": { "type": "Point", "coordinates": [ 110.3647065, -7.821477 ] } },
{ "type": "Feature", "properties": { "fid": 139.0, "osm_id": 3487503294.0, "osm_type": "nodes", "amenity": null, "name": "Yogyakarta Homestay", "layer": "commercial utm", "path": "D:\\geomapid\\Kebutuhan Final Project\\SHP\\UTM\\commercial utm.shp" }, "geometry": { "type": "Point", "coordinates": [ 110.3678654, -7.821422 ] } },
{ "type": "Feature", "properties": { "fid": 140.0, "osm_id": 3487503295.0, "osm_type": "nodes", "amenity": null, "name": "Yulia Salon", "layer": "commercial utm", "path": "D:\\geomapid\\Kebutuhan Final Project\\SHP\\UTM\\commercial utm.shp" }, "geometry": { "type": "Point", "coordinates": [ 110.3650441, -7.8215401 ] } },
{ "type": "Feature", "properties": { "fid": 141.0, "osm_id": 3487503301.0, "osm_type": "nodes", "amenity": null, "name": null, "layer": "commercial utm", "path": "D:\\geomapid\\Kebutuhan Final Project\\SHP\\UTM\\commercial utm.shp" }, "geometry": { "type": "Point", "coordinates": [ 110.3669394, -7.8207665 ] } },
{ "type": "Feature", "properties": { "fid": 142.0, "osm_id": 10316262627.0, "osm_type": "nodes", "amenity": null, "name": "Kantor Kelurahan Mantrijeron", "layer": "commercial utm", "path": "D:\\geomapid\\Kebutuhan Final Project\\SHP\\UTM\\commercial utm.shp" }, "geometry": { "type": "Point", "coordinates": [ 110.3645574, -7.823544 ] } },
{ "type": "Feature", "properties": { "fid": 143.0, "osm_id": 12905612292.0, "osm_type": "nodes", "amenity": "restaurant", "name": "Lele Crispy & Lele Geprek Mba Reva", "layer": "commercial utm", "path": "D:\\geomapid\\Kebutuhan Final Project\\SHP\\UTM\\commercial utm.shp" }, "geometry": { "type": "Point", "coordinates": [ 110.3621637, -7.8239557 ] } },
{ "type": "Feature", "properties": { "fid": 144.0, "osm_id": 13093806877.0, "osm_type": "nodes", "amenity": null, "name": "Kantor Kelurahan Sorosutan", "layer": "commercial utm", "path": "D:\\geomapid\\Kebutuhan Final Project\\SHP\\UTM\\commercial utm.shp" }, "geometry": { "type": "Point", "coordinates": [ 110.3801002, -7.825755 ] } },
{ "type": "Feature", "properties": { "fid": 145.0, "osm_id": 4403781489.0, "osm_type": "nodes", "amenity": null, "name": "Satu Dunia Tour and Travel", "layer": "commercial utm", "path": "D:\\geomapid\\Kebutuhan Final Project\\SHP\\UTM\\commercial utm.shp" }, "geometry": { "type": "Point", "coordinates": [ 110.3730759, -7.8194824 ] } },
{ "type": "Feature", "properties": { "fid": 146.0, "osm_id": 5583703621.0, "osm_type": "nodes", "amenity": "cafe", "name": "Lawas Café", "layer": "commercial utm", "path": "D:\\geomapid\\Kebutuhan Final Project\\SHP\\UTM\\commercial utm.shp" }, "geometry": { "type": "Point", "coordinates": [ 110.371987, -7.8201356 ] } },
{ "type": "Feature", "properties": { "fid": 147.0, "osm_id": 5583703623.0, "osm_type": "nodes", "amenity": null, "name": "Laundry service", "layer": "commercial utm", "path": "D:\\geomapid\\Kebutuhan Final Project\\SHP\\UTM\\commercial utm.shp" }, "geometry": { "type": "Point", "coordinates": [ 110.3730623, -7.8210832 ] } },
{ "type": "Feature", "properties": { "fid": 148.0, "osm_id": 5583703630.0, "osm_type": "nodes", "amenity": "restaurant", "name": "Sate Klatak Kambing Muda", "layer": "commercial utm", "path": "D:\\geomapid\\Kebutuhan Final Project\\SHP\\UTM\\commercial utm.shp" }, "geometry": { "type": "Point", "coordinates": [ 110.3679466, -7.8196529 ] } },
{ "type": "Feature", "properties": { "fid": 149.0, "osm_id": 5583703721.0, "osm_type": "nodes", "amenity": "cafe", "name": "Sellie coffee", "layer": "commercial utm", "path": "D:\\geomapid\\Kebutuhan Final Project\\SHP\\UTM\\commercial utm.shp" }, "geometry": { "type": "Point", "coordinates": [ 110.3719679, -7.8202523 ] } },
{ "type": "Feature", "properties": { "fid": 150.0, "osm_id": 5583703724.0, "osm_type": "nodes", "amenity": "restaurant", "name": "Karma", "layer": "commercial utm", "path": "D:\\geomapid\\Kebutuhan Final Project\\SHP\\UTM\\commercial utm.shp" }, "geometry": { "type": "Point", "coordinates": [ 110.3717738, -7.819194 ] } },
{ "type": "Feature", "properties": { "fid": 151.0, "osm_id": 5922392985.0, "osm_type": "nodes", "amenity": "restaurant", "name": "Warung (cheap and very good)", "layer": "commercial utm", "path": "D:\\geomapid\\Kebutuhan Final Project\\SHP\\UTM\\commercial utm.shp" }, "geometry": { "type": "Point", "coordinates": [ 110.3616375, -7.8201583 ] } },
{ "type": "Feature", "properties": { "fid": 152.0, "osm_id": 7138786786.0, "osm_type": "nodes", "amenity": null, "name": "Krack!", "layer": "commercial utm", "path": "D:\\geomapid\\Kebutuhan Final Project\\SHP\\UTM\\commercial utm.shp" }, "geometry": { "type": "Point", "coordinates": [ 110.3614894, -7.8199003 ] } },
{ "type": "Feature", "properties": { "fid": 153.0, "osm_id": 12473345955.0, "osm_type": "nodes", "amenity": null, "name": "Alfamart", "layer": "commercial utm", "path": "D:\\geomapid\\Kebutuhan Final Project\\SHP\\UTM\\commercial utm.shp" }, "geometry": { "type": "Point", "coordinates": [ 110.373048, -7.8192323 ] } },
{ "type": "Feature", "properties": { "fid": 154.0, "osm_id": 4685626989.0, "osm_type": "nodes", "amenity": null, "name": "Omah Salam", "layer": "commercial utm", "path": "D:\\geomapid\\Kebutuhan Final Project\\SHP\\UTM\\commercial utm.shp" }, "geometry": { "type": "Point", "coordinates": [ 110.3700596, -7.8180496 ] } },
{ "type": "Feature", "properties": { "fid": 155.0, "osm_id": 12468745199.0, "osm_type": "nodes", "amenity": null, "name": "Limasan 514", "layer": "commercial utm", "path": "D:\\geomapid\\Kebutuhan Final Project\\SHP\\UTM\\commercial utm.shp" }, "geometry": { "type": "Point", "coordinates": [ 110.3699802, -7.818114 ] } },
{ "type": "Feature", "properties": { "fid": 156.0, "osm_id": 11873201553.0, "osm_type": "nodes", "amenity": "restaurant", "name": "Dapur Sambal", "layer": "commercial utm", "path": "D:\\geomapid\\Kebutuhan Final Project\\SHP\\UTM\\commercial utm.shp" }, "geometry": { "type": "Point", "coordinates": [ 110.3663213, -7.8031499 ] } },
{ "type": "Feature", "properties": { "fid": 157.0, "osm_id": 6611458950.0, "osm_type": "nodes", "amenity": null, "name": "Air Laminer Taman Pintar", "layer": "commercial utm", "path": "D:\\geomapid\\Kebutuhan Final Project\\SHP\\UTM\\commercial utm.shp" }, "geometry": { "type": "Point", "coordinates": [ 110.3673909, -7.8009472 ] } },
{ "type": "Feature", "properties": { "fid": 158.0, "osm_id": 6611417897.0, "osm_type": "nodes", "amenity": null, "name": "Peraga Observatorium", "layer": "commercial utm", "path": "D:\\geomapid\\Kebutuhan Final Project\\SHP\\UTM\\commercial utm.shp" }, "geometry": { "type": "Point", "coordinates": [ 110.3677325, -7.8009997 ] } },
{ "type": "Feature", "properties": { "fid": 159.0, "osm_id": 6611450846.0, "osm_type": "nodes", "amenity": null, "name": "Katrol Taman Pintar", "layer": "commercial utm", "path": "D:\\geomapid\\Kebutuhan Final Project\\SHP\\UTM\\commercial utm.shp" }, "geometry": { "type": "Point", "coordinates": [ 110.3676488, -7.8009251 ] } },
{ "type": "Feature", "properties": { "fid": 160.0, "osm_id": 6611458949.0, "osm_type": "nodes", "amenity": null, "name": "Prasasti Tapak Presiden", "layer": "commercial utm", "path": "D:\\geomapid\\Kebutuhan Final Project\\SHP\\UTM\\commercial utm.shp" }, "geometry": { "type": "Point", "coordinates": [ 110.367348, -7.8009991 ] } },
{ "type": "Feature", "properties": { "fid": 161.0, "osm_id": 6611458951.0, "osm_type": "nodes", "amenity": null, "name": "Roket", "layer": "commercial utm", "path": "D:\\geomapid\\Kebutuhan Final Project\\SHP\\UTM\\commercial utm.shp" }, "geometry": { "type": "Point", "coordinates": [ 110.3677222, -7.8012249 ] } },
{ "type": "Feature", "properties": { "fid": 162.0, "osm_id": 6611458952.0, "osm_type": "nodes", "amenity": null, "name": "Parabola Berbisik", "layer": "commercial utm", "path": "D:\\geomapid\\Kebutuhan Final Project\\SHP\\UTM\\commercial utm.shp" }, "geometry": { "type": "Point", "coordinates": [ 110.3675572, -7.8010456 ] } },
{ "type": "Feature", "properties": { "fid": 163.0, "osm_id": 11554784936.0, "osm_type": "nodes", "amenity": null, "name": "Batik Soenardi", "layer": "commercial utm", "path": "D:\\geomapid\\Kebutuhan Final Project\\SHP\\UTM\\commercial utm.shp" }, "geometry": { "type": "Point", "coordinates": [ 110.3650107, -7.7983225 ] } },
{ "type": "Feature", "properties": { "fid": 164.0, "osm_id": 11554846160.0, "osm_type": "nodes", "amenity": null, "name": "Pangestu Batik", "layer": "commercial utm", "path": "D:\\geomapid\\Kebutuhan Final Project\\SHP\\UTM\\commercial utm.shp" }, "geometry": { "type": "Point", "coordinates": [ 110.3650126, -7.7982677 ] } },
{ "type": "Feature", "properties": { "fid": 165.0, "osm_id": 11413923975.0, "osm_type": "nodes", "amenity": null, "name": "Good Karma", "layer": "commercial utm", "path": "D:\\geomapid\\Kebutuhan Final Project\\SHP\\UTM\\commercial utm.shp" }, "geometry": { "type": "Point", "coordinates": [ 110.3693218, -7.8168867 ] } },
{ "type": "Feature", "properties": { "fid": 166.0, "osm_id": 3229569961.0, "osm_type": "nodes", "amenity": null, "name": "Cemeti - Institute for Art and Society", "layer": "commercial utm", "path": "D:\\geomapid\\Kebutuhan Final Project\\SHP\\UTM\\commercial utm.shp" }, "geometry": { "type": "Point", "coordinates": [ 110.3623894, -7.8176545 ] } },
{ "type": "Feature", "properties": { "fid": 167.0, "osm_id": 7117071984.0, "osm_type": "nodes", "amenity": null, "name": "Santai Sini", "layer": "commercial utm", "path": "D:\\geomapid\\Kebutuhan Final Project\\SHP\\UTM\\commercial utm.shp" }, "geometry": { "type": "Point", "coordinates": [ 110.370356, -7.8141081 ] } },
{ "type": "Feature", "properties": { "fid": 168.0, "osm_id": 5068219322.0, "osm_type": "nodes", "amenity": null, "name": "Wood Stone", "layer": "commercial utm", "path": "D:\\geomapid\\Kebutuhan Final Project\\SHP\\UTM\\commercial utm.shp" }, "geometry": { "type": "Point", "coordinates": [ 110.363949100000013, -7.8164399 ] } },
{ "type": "Feature", "properties": { "fid": 169.0, "osm_id": 3921534721.0, "osm_type": "nodes", "amenity": null, "name": "ViaVia", "layer": "commercial utm", "path": "D:\\geomapid\\Kebutuhan Final Project\\SHP\\UTM\\commercial utm.shp" }, "geometry": { "type": "Point", "coordinates": [ 110.3699774, -7.8182969 ] } },
{ "type": "Feature", "properties": { "fid": 170.0, "osm_id": 5903670385.0, "osm_type": "nodes", "amenity": "cafe", "name": "Jokteng", "layer": "commercial utm", "path": "D:\\geomapid\\Kebutuhan Final Project\\SHP\\UTM\\commercial utm.shp" }, "geometry": { "type": "Point", "coordinates": [ 110.368287900000013, -7.8154613 ] } },
{ "type": "Feature", "properties": { "fid": 171.0, "osm_id": 5601280823.0, "osm_type": "nodes", "amenity": "restaurant", "name": "Upload", "layer": "commercial utm", "path": "D:\\geomapid\\Kebutuhan Final Project\\SHP\\UTM\\commercial utm.shp" }, "geometry": { "type": "Point", "coordinates": [ 110.368367, -7.8165674 ] } },
{ "type": "Feature", "properties": { "fid": 172.0, "osm_id": 5776939653.0, "osm_type": "nodes", "amenity": "restaurant", "name": "Gado-Gado", "layer": "commercial utm", "path": "D:\\geomapid\\Kebutuhan Final Project\\SHP\\UTM\\commercial utm.shp" }, "geometry": { "type": "Point", "coordinates": [ 110.3681944, -7.8186016 ] } },
{ "type": "Feature", "properties": { "fid": 173.0, "osm_id": 5835687804.0, "osm_type": "nodes", "amenity": null, "name": "Rumah Panjaitan Homestay", "layer": "commercial utm", "path": "D:\\geomapid\\Kebutuhan Final Project\\SHP\\UTM\\commercial utm.shp" }, "geometry": { "type": "Point", "coordinates": [ 110.3622399, -7.8169289 ] } },
{ "type": "Feature", "properties": { "fid": 174.0, "osm_id": 3508068493.0, "osm_type": "nodes", "amenity": "restaurant", "name": "Warung Makan Putra", "layer": "commercial utm", "path": "D:\\geomapid\\Kebutuhan Final Project\\SHP\\UTM\\commercial utm.shp" }, "geometry": { "type": "Point", "coordinates": [ 110.367014, -7.812737 ] } },
{ "type": "Feature", "properties": { "fid": 175.0, "osm_id": 3229532925.0, "osm_type": "nodes", "amenity": "restaurant", "name": "Soto Mbak Nunung", "layer": "commercial utm", "path": "D:\\geomapid\\Kebutuhan Final Project\\SHP\\UTM\\commercial utm.shp" }, "geometry": { "type": "Point", "coordinates": [ 110.363755400000016, -7.8027336 ] } },
{ "type": "Feature", "properties": { "fid": 176.0, "osm_id": 10094819117.0, "osm_type": "nodes", "amenity": null, "name": "Snooze", "layer": "commercial utm", "path": "D:\\geomapid\\Kebutuhan Final Project\\SHP\\UTM\\commercial utm.shp" }, "geometry": { "type": "Point", "coordinates": [ 110.3679131, -7.8046805 ] } },
{ "type": "Feature", "properties": { "fid": 177.0, "osm_id": 11554832442.0, "osm_type": "nodes", "amenity": null, "name": "Miniso", "layer": "commercial utm", "path": "D:\\geomapid\\Kebutuhan Final Project\\SHP\\UTM\\commercial utm.shp" }, "geometry": { "type": "Point", "coordinates": [ 110.3655165, -7.7967894 ] } },
{ "type": "Feature", "properties": { "fid": 178.0, "osm_id": 12919668663.0, "osm_type": "nodes", "amenity": null, "name": "Arrayan", "layer": "commercial utm", "path": "D:\\geomapid\\Kebutuhan Final Project\\SHP\\UTM\\commercial utm.shp" }, "geometry": { "type": "Point", "coordinates": [ 110.3619105, -7.8002857 ] } },
{ "type": "Feature", "properties": { "fid": 179.0, "osm_id": 13093806878.0, "osm_type": "nodes", "amenity": null, "name": "Kantor Kemantren Gondomanan", "layer": "commercial utm", "path": "D:\\geomapid\\Kebutuhan Final Project\\SHP\\UTM\\commercial utm.shp" }, "geometry": { "type": "Point", "coordinates": [ 110.3699421, -7.8069607 ] } },
{ "type": "Feature", "properties": { "fid": 180.0, "osm_id": 13093806879.0, "osm_type": "nodes", "amenity": null, "name": "Kantor Kemantren Kraton", "layer": "commercial utm", "path": "D:\\geomapid\\Kebutuhan Final Project\\SHP\\UTM\\commercial utm.shp" }, "geometry": { "type": "Point", "coordinates": [ 110.362891800000014, -7.805915 ] } },
{ "type": "Feature", "properties": { "fid": 181.0, "osm_id": 13146593064.0, "osm_type": "nodes", "amenity": "cafe", "name": null, "layer": "commercial utm", "path": "D:\\geomapid\\Kebutuhan Final Project\\SHP\\UTM\\commercial utm.shp" }, "geometry": { "type": "Point", "coordinates": [ 110.3717204, -7.8013952 ] } },
{ "type": "Feature", "properties": { "fid": 182.0, "osm_id": 13155222001.0, "osm_type": "nodes", "amenity": null, "name": "Periplus", "layer": "commercial utm", "path": "D:\\geomapid\\Kebutuhan Final Project\\SHP\\UTM\\commercial utm.shp" }, "geometry": { "type": "Point", "coordinates": [ 110.3649167, -7.8185486 ] } },
{ "type": "Feature", "properties": { "fid": 183.0, "osm_id": 4781315421.0, "osm_type": "nodes", "amenity": "bar", "name": "margo mulyo antique galery and bar", "layer": "commercial utm", "path": "D:\\geomapid\\Kebutuhan Final Project\\SHP\\UTM\\commercial utm.shp" }, "geometry": { "type": "Point", "coordinates": [ 110.3648849, -7.7988655 ] } },
{ "type": "Feature", "properties": { "fid": 184.0, "osm_id": 4932159921.0, "osm_type": "nodes", "amenity": "cafe", "name": "Icipono", "layer": "commercial utm", "path": "D:\\geomapid\\Kebutuhan Final Project\\SHP\\UTM\\commercial utm.shp" }, "geometry": { "type": "Point", "coordinates": [ 110.3686837, -7.8136966 ] } },
{ "type": "Feature", "properties": { "fid": 185.0, "osm_id": 5008943824.0, "osm_type": "nodes", "amenity": "cafe", "name": "Just Juice", "layer": "commercial utm", "path": "D:\\geomapid\\Kebutuhan Final Project\\SHP\\UTM\\commercial utm.shp" }, "geometry": { "type": "Point", "coordinates": [ 110.3689481, -7.8112659 ] } },
{ "type": "Feature", "properties": { "fid": 186.0, "osm_id": 5010530221.0, "osm_type": "nodes", "amenity": null, "name": "Wood Stone Hostel", "layer": "commercial utm", "path": "D:\\geomapid\\Kebutuhan Final Project\\SHP\\UTM\\commercial utm.shp" }, "geometry": { "type": "Point", "coordinates": [ 110.3640025, -7.8163506 ] } },
{ "type": "Feature", "properties": { "fid": 187.0, "osm_id": 5074620822.0, "osm_type": "nodes", "amenity": null, "name": "Grand Macho Barbershop", "layer": "commercial utm", "path": "D:\\geomapid\\Kebutuhan Final Project\\SHP\\UTM\\commercial utm.shp" }, "geometry": { "type": "Point", "coordinates": [ 110.3643317, -7.8142078 ] } },
{ "type": "Feature", "properties": { "fid": 188.0, "osm_id": 5261287923.0, "osm_type": "nodes", "amenity": null, "name": "Wood Stone Hostel", "layer": "commercial utm", "path": "D:\\geomapid\\Kebutuhan Final Project\\SHP\\UTM\\commercial utm.shp" }, "geometry": { "type": "Point", "coordinates": [ 110.364007, -7.8159771 ] } },
{ "type": "Feature", "properties": { "fid": 189.0, "osm_id": 5273444621.0, "osm_type": "nodes", "amenity": "restaurant", "name": "Yogya Chicken", "layer": "commercial utm", "path": "D:\\geomapid\\Kebutuhan Final Project\\SHP\\UTM\\commercial utm.shp" }, "geometry": { "type": "Point", "coordinates": [ 110.3680323, -7.8036399 ] } },
{ "type": "Feature", "properties": { "fid": 190.0, "osm_id": 5484438821.0, "osm_type": "nodes", "amenity": "restaurant", "name": "Warung Cak Sule", "layer": "commercial utm", "path": "D:\\geomapid\\Kebutuhan Final Project\\SHP\\UTM\\commercial utm.shp" }, "geometry": { "type": "Point", "coordinates": [ 110.3682223, -7.8168175 ] } },
{ "type": "Feature", "properties": { "fid": 191.0, "osm_id": 5484540422.0, "osm_type": "nodes", "amenity": "restaurant", "name": "Roti Van Java", "layer": "commercial utm", "path": "D:\\geomapid\\Kebutuhan Final Project\\SHP\\UTM\\commercial utm.shp" }, "geometry": { "type": "Point", "coordinates": [ 110.3683794, -7.8148598 ] } },
{ "type": "Feature", "properties": { "fid": 192.0, "osm_id": 6596244485.0, "osm_type": "nodes", "amenity": null, "name": "Batik and puppet workshop", "layer": "commercial utm", "path": "D:\\geomapid\\Kebutuhan Final Project\\SHP\\UTM\\commercial utm.shp" }, "geometry": { "type": "Point", "coordinates": [ 110.3621421, -7.8088476 ] } },
{ "type": "Feature", "properties": { "fid": 193.0, "osm_id": 6596244486.0, "osm_type": "nodes", "amenity": null, "name": "Puppet workshop", "layer": "commercial utm", "path": "D:\\geomapid\\Kebutuhan Final Project\\SHP\\UTM\\commercial utm.shp" }, "geometry": { "type": "Point", "coordinates": [ 110.3621185, -7.808758 ] } },
{ "type": "Feature", "properties": { "fid": 194.0, "osm_id": 7114012187.0, "osm_type": "nodes", "amenity": null, "name": "Lia Homestay", "layer": "commercial utm", "path": "D:\\geomapid\\Kebutuhan Final Project\\SHP\\UTM\\commercial utm.shp" }, "geometry": { "type": "Point", "coordinates": [ 110.365748600000018, -7.817056399999989 ] } },
{ "type": "Feature", "properties": { "fid": 195.0, "osm_id": 11385756369.0, "osm_type": "nodes", "amenity": "restaurant", "name": "Pedas api", "layer": "commercial utm", "path": "D:\\geomapid\\Kebutuhan Final Project\\SHP\\UTM\\commercial utm.shp" }, "geometry": { "type": "Point", "coordinates": [ 110.3678489, -7.8145177 ] } },
{ "type": "Feature", "properties": { "fid": 196.0, "osm_id": 11404975869.0, "osm_type": "nodes", "amenity": null, "name": "Cheesecake Expert", "layer": "commercial utm", "path": "D:\\geomapid\\Kebutuhan Final Project\\SHP\\UTM\\commercial utm.shp" }, "geometry": { "type": "Point", "coordinates": [ 110.368047600000011, -7.8184009 ] } },
{ "type": "Feature", "properties": { "fid": 197.0, "osm_id": 4058092604.0, "osm_type": "nodes", "amenity": null, "name": "Alfamart", "layer": "commercial utm", "path": "D:\\geomapid\\Kebutuhan Final Project\\SHP\\UTM\\commercial utm.shp" }, "geometry": { "type": "Point", "coordinates": [ 110.3683929, -7.8162919 ] } },
{ "type": "Feature", "properties": { "fid": 198.0, "osm_id": 11554891990.0, "osm_type": "nodes", "amenity": null, "name": "Indomaret", "layer": "commercial utm", "path": "D:\\geomapid\\Kebutuhan Final Project\\SHP\\UTM\\commercial utm.shp" }, "geometry": { "type": "Point", "coordinates": [ 110.368999, -7.8079894 ] } },
{ "type": "Feature", "properties": { "fid": 199.0, "osm_id": 11868376583.0, "osm_type": "nodes", "amenity": null, "name": "Toko Batik Sri Rejeki", "layer": "commercial utm", "path": "D:\\geomapid\\Kebutuhan Final Project\\SHP\\UTM\\commercial utm.shp" }, "geometry": { "type": "Point", "coordinates": [ 110.3564618, -7.8036409 ] } },
{ "type": "Feature", "properties": { "fid": 200.0, "osm_id": 7253994286.0, "osm_type": "nodes", "amenity": "restaurant", "name": null, "layer": "commercial utm", "path": "D:\\geomapid\\Kebutuhan Final Project\\SHP\\UTM\\commercial utm.shp" }, "geometry": { "type": "Point", "coordinates": [ 110.3579526, -7.8176861 ] } },
{ "type": "Feature", "properties": { "fid": 201.0, "osm_id": 7117192782.0, "osm_type": "nodes", "amenity": "restaurant", "name": "Warung Makan Mbak Rini", "layer": "commercial utm", "path": "D:\\geomapid\\Kebutuhan Final Project\\SHP\\UTM\\commercial utm.shp" }, "geometry": { "type": "Point", "coordinates": [ 110.358648, -7.8076484 ] } },
{ "type": "Feature", "properties": { "fid": 202.0, "osm_id": 1848508837.0, "osm_type": "nodes", "amenity": "fast_food", "name": "Burjo Murni", "layer": "commercial utm", "path": "D:\\geomapid\\Kebutuhan Final Project\\SHP\\UTM\\commercial utm.shp" }, "geometry": { "type": "Point", "coordinates": [ 110.3523859, -7.7990757 ] } },
{ "type": "Feature", "properties": { "fid": 203.0, "osm_id": 7097495250.0, "osm_type": "nodes", "amenity": "restaurant", "name": "Hello Steaklovers", "layer": "commercial utm", "path": "D:\\geomapid\\Kebutuhan Final Project\\SHP\\UTM\\commercial utm.shp" }, "geometry": { "type": "Point", "coordinates": [ 110.3523262, -7.7978685 ] } },
{ "type": "Feature", "properties": { "fid": 204.0, "osm_id": 5810302454.0, "osm_type": "nodes", "amenity": "restaurant", "name": "Kambing Sate", "layer": "commercial utm", "path": "D:\\geomapid\\Kebutuhan Final Project\\SHP\\UTM\\commercial utm.shp" }, "geometry": { "type": "Point", "coordinates": [ 110.3559088, -7.8142154 ] } },
{ "type": "Feature", "properties": { "fid": 205.0, "osm_id": 5808345553.0, "osm_type": "nodes", "amenity": "restaurant", "name": "Ayam Sate", "layer": "commercial utm", "path": "D:\\geomapid\\Kebutuhan Final Project\\SHP\\UTM\\commercial utm.shp" }, "geometry": { "type": "Point", "coordinates": [ 110.3560695, -7.8143487 ] } },
{ "type": "Feature", "properties": { "fid": 206.0, "osm_id": 4955111621.0, "osm_type": "nodes", "amenity": null, "name": "Rumah Yogya", "layer": "commercial utm", "path": "D:\\geomapid\\Kebutuhan Final Project\\SHP\\UTM\\commercial utm.shp" }, "geometry": { "type": "Point", "coordinates": [ 110.3565452, -7.8138272 ] } },
{ "type": "Feature", "properties": { "fid": 207.0, "osm_id": 5652883446.0, "osm_type": "nodes", "amenity": null, "name": "Lembaga Bimbingan Belajar Primagama", "layer": "commercial utm", "path": "D:\\geomapid\\Kebutuhan Final Project\\SHP\\UTM\\commercial utm.shp" }, "geometry": { "type": "Point", "coordinates": [ 110.3521306, -7.7985383 ] } },
{ "type": "Feature", "properties": { "fid": 208.0, "osm_id": 1848508880.0, "osm_type": "nodes", "amenity": null, "name": "Museum Ki Amri Yahya", "layer": "commercial utm", "path": "D:\\geomapid\\Kebutuhan Final Project\\SHP\\UTM\\commercial utm.shp" }, "geometry": { "type": "Point", "coordinates": [ 110.3538235, -7.7992032 ] } },
{ "type": "Feature", "properties": { "fid": 209.0, "osm_id": 4212103489.0, "osm_type": "nodes", "amenity": null, "name": "King Laundry", "layer": "commercial utm", "path": "D:\\geomapid\\Kebutuhan Final Project\\SHP\\UTM\\commercial utm.shp" }, "geometry": { "type": "Point", "coordinates": [ 110.356584700000013, -7.8010476 ] } },
{ "type": "Feature", "properties": { "fid": 210.0, "osm_id": 7097544036.0, "osm_type": "nodes", "amenity": null, "name": "Andika Putera", "layer": "commercial utm", "path": "D:\\geomapid\\Kebutuhan Final Project\\SHP\\UTM\\commercial utm.shp" }, "geometry": { "type": "Point", "coordinates": [ 110.351488, -7.80196 ] } },
{ "type": "Feature", "properties": { "fid": 211.0, "osm_id": 12648730938.0, "osm_type": "nodes", "amenity": null, "name": "Honda", "layer": "commercial utm", "path": "D:\\geomapid\\Kebutuhan Final Project\\SHP\\UTM\\commercial utm.shp" }, "geometry": { "type": "Point", "coordinates": [ 110.3526082, -7.8011804 ] } },
{ "type": "Feature", "properties": { "fid": 212.0, "osm_id": 12996563101.0, "osm_type": "nodes", "amenity": null, "name": "Medusa Hair Studio", "layer": "commercial utm", "path": "D:\\geomapid\\Kebutuhan Final Project\\SHP\\UTM\\commercial utm.shp" }, "geometry": { "type": "Point", "coordinates": [ 110.3548917, -7.817872 ] } },
{ "type": "Feature", "properties": { "fid": 213.0, "osm_id": 13159268929.0, "osm_type": "nodes", "amenity": null, "name": "Kantor Kemantren Ngampilan", "layer": "commercial utm", "path": "D:\\geomapid\\Kebutuhan Final Project\\SHP\\UTM\\commercial utm.shp" }, "geometry": { "type": "Point", "coordinates": [ 110.3559245, -7.8062206 ] } },
{ "type": "Feature", "properties": { "fid": 214.0, "osm_id": 13386284401.0, "osm_type": "nodes", "amenity": "restaurant", "name": "Dapur Memayu Ngampilan", "layer": "commercial utm", "path": "D:\\geomapid\\Kebutuhan Final Project\\SHP\\UTM\\commercial utm.shp" }, "geometry": { "type": "Point", "coordinates": [ 110.3566512, -7.7964061 ] } },
{ "type": "Feature", "properties": { "fid": 215.0, "osm_id": 13584120901.0, "osm_type": "nodes", "amenity": null, "name": null, "layer": "commercial utm", "path": "D:\\geomapid\\Kebutuhan Final Project\\SHP\\UTM\\commercial utm.shp" }, "geometry": { "type": "Point", "coordinates": [ 110.351084900000018, -7.8010753 ] } },
{ "type": "Feature", "properties": { "fid": 216.0, "osm_id": 13584120902.0, "osm_type": "nodes", "amenity": null, "name": "Suzuki Motor Jogya", "layer": "commercial utm", "path": "D:\\geomapid\\Kebutuhan Final Project\\SHP\\UTM\\commercial utm.shp" }, "geometry": { "type": "Point", "coordinates": [ 110.3502256, -7.8010451 ] } },
{ "type": "Feature", "properties": { "fid": 217.0, "osm_id": 4424603489.0, "osm_type": "nodes", "amenity": "restaurant", "name": "Warung Soto Pak Martin", "layer": "commercial utm", "path": "D:\\geomapid\\Kebutuhan Final Project\\SHP\\UTM\\commercial utm.shp" }, "geometry": { "type": "Point", "coordinates": [ 110.35462, -7.8080811 ] } },
{ "type": "Feature", "properties": { "fid": 218.0, "osm_id": 5669763821.0, "osm_type": "nodes", "amenity": null, "name": "Pulo Kenanga (highest building in Tamansari, ruins)", "layer": "commercial utm", "path": "D:\\geomapid\\Kebutuhan Final Project\\SHP\\UTM\\commercial utm.shp" }, "geometry": { "type": "Point", "coordinates": [ 110.3605495, -7.8079032 ] } },
{ "type": "Feature", "properties": { "fid": 219.0, "osm_id": 5734076326.0, "osm_type": "nodes", "amenity": null, "name": "Ticket Entrance", "layer": "commercial utm", "path": "D:\\geomapid\\Kebutuhan Final Project\\SHP\\UTM\\commercial utm.shp" }, "geometry": { "type": "Point", "coordinates": [ 110.3596543, -7.8100088 ] } },
{ "type": "Feature", "properties": { "fid": 220.0, "osm_id": 5803899870.0, "osm_type": "nodes", "amenity": "fast_food", "name": "Martabak and Terang Bulan stands", "layer": "commercial utm", "path": "D:\\geomapid\\Kebutuhan Final Project\\SHP\\UTM\\commercial utm.shp" }, "geometry": { "type": "Point", "coordinates": [ 110.3559715, -7.8162367 ] } },
{ "type": "Feature", "properties": { "fid": 221.0, "osm_id": 5820331953.0, "osm_type": "nodes", "amenity": "restaurant", "name": "Bakso Balungan", "layer": "commercial utm", "path": "D:\\geomapid\\Kebutuhan Final Project\\SHP\\UTM\\commercial utm.shp" }, "geometry": { "type": "Point", "coordinates": [ 110.355716700000016, -7.8119018 ] } },
{ "type": "Feature", "properties": { "fid": 222.0, "osm_id": 6444449985.0, "osm_type": "nodes", "amenity": "cafe", "name": "Cup of Java (luwak kopi)", "layer": "commercial utm", "path": "D:\\geomapid\\Kebutuhan Final Project\\SHP\\UTM\\commercial utm.shp" }, "geometry": { "type": "Point", "coordinates": [ 110.3589076, -7.809716 ] } },
{ "type": "Feature", "properties": { "fid": 223.0, "osm_id": 4766777421.0, "osm_type": "nodes", "amenity": null, "name": "Indomaret", "layer": "commercial utm", "path": "D:\\geomapid\\Kebutuhan Final Project\\SHP\\UTM\\commercial utm.shp" }, "geometry": { "type": "Point", "coordinates": [ 110.3565267, -7.8041247 ] } },
{ "type": "Feature", "properties": { "fid": 224.0, "osm_id": 14030448401.0, "osm_type": "nodes", "amenity": null, "name": "KITA by inessya", "layer": "commercial utm", "path": "D:\\geomapid\\Kebutuhan Final Project\\SHP\\UTM\\commercial utm.shp" }, "geometry": { "type": "Point", "coordinates": [ 110.3600834, -7.8102387 ] } },
{ "type": "Feature", "properties": { "fid": 225.0, "osm_id": 3585204027.0, "osm_type": "nodes", "amenity": null, "name": "Fotocopy", "layer": "commercial utm", "path": "D:\\geomapid\\Kebutuhan Final Project\\SHP\\UTM\\commercial utm.shp" }, "geometry": { "type": "Point", "coordinates": [ 110.3559868, -7.8177581 ] } },
{ "type": "Feature", "properties": { "fid": 226.0, "osm_id": 5728015121.0, "osm_type": "nodes", "amenity": null, "name": "Yohann Coffee Roastery", "layer": "commercial utm", "path": "D:\\geomapid\\Kebutuhan Final Project\\SHP\\UTM\\commercial utm.shp" }, "geometry": { "type": "Point", "coordinates": [ 110.3522518, -7.7989083 ] } },
{ "type": "Feature", "properties": { "fid": 227.0, "osm_id": 14088640501.0, "osm_type": "nodes", "amenity": null, "name": "LCC Laundry", "layer": "commercial utm", "path": "D:\\geomapid\\Kebutuhan Final Project\\SHP\\UTM\\commercial utm.shp" }, "geometry": { "type": "Point", "coordinates": [ 110.3673084, -7.8092088 ] } },
{ "type": "Feature", "properties": { "fid": 228.0, "osm_id": 6367176147.0, "osm_type": "nodes", "amenity": null, "name": "Forriz", "layer": "commercial utm", "path": "D:\\geomapid\\Kebutuhan Final Project\\SHP\\UTM\\commercial utm.shp" }, "geometry": { "type": "Point", "coordinates": [ 110.3532699, -7.7952564 ] } },
{ "type": "Feature", "properties": { "fid": 229.0, "osm_id": 7097546068.0, "osm_type": "nodes", "amenity": "restaurant", "name": "Gudeng Legeda", "layer": "commercial utm", "path": "D:\\geomapid\\Kebutuhan Final Project\\SHP\\UTM\\commercial utm.shp" }, "geometry": { "type": "Point", "coordinates": [ 110.3534955, -7.7917869 ] } },
{ "type": "Feature", "properties": { "fid": 230.0, "osm_id": 5203432968.0, "osm_type": "nodes", "amenity": "restaurant", "name": "Burjo Lor", "layer": "commercial utm", "path": "D:\\geomapid\\Kebutuhan Final Project\\SHP\\UTM\\commercial utm.shp" }, "geometry": { "type": "Point", "coordinates": [ 110.3525102, -7.7760359 ] } },
{ "type": "Feature", "properties": { "fid": 231.0, "osm_id": 4771094724.0, "osm_type": "nodes", "amenity": "restaurant", "name": "Phuket Resto", "layer": "commercial utm", "path": "D:\\geomapid\\Kebutuhan Final Project\\SHP\\UTM\\commercial utm.shp" }, "geometry": { "type": "Point", "coordinates": [ 110.3538993, -7.7898098 ] } },
{ "type": "Feature", "properties": { "fid": 232.0, "osm_id": 4771123823.0, "osm_type": "nodes", "amenity": null, "name": "Museum Pangeran Diponegoro", "layer": "commercial utm", "path": "D:\\geomapid\\Kebutuhan Final Project\\SHP\\UTM\\commercial utm.shp" }, "geometry": { "type": "Point", "coordinates": [ 110.351519, -7.7872136 ] } },
{ "type": "Feature", "properties": { "fid": 233.0, "osm_id": 4795283934.0, "osm_type": "nodes", "amenity": "restaurant", "name": "Angkringan Texas", "layer": "commercial utm", "path": "D:\\geomapid\\Kebutuhan Final Project\\SHP\\UTM\\commercial utm.shp" }, "geometry": { "type": "Point", "coordinates": [ 110.3533835, -7.7930874 ] } },
{ "type": "Feature", "properties": { "fid": 234.0, "osm_id": 4795298322.0, "osm_type": "nodes", "amenity": "restaurant", "name": "Angkringan", "layer": "commercial utm", "path": "D:\\geomapid\\Kebutuhan Final Project\\SHP\\UTM\\commercial utm.shp" }, "geometry": { "type": "Point", "coordinates": [ 110.3511201, -7.7890488 ] } },
{ "type": "Feature", "properties": { "fid": 235.0, "osm_id": 4799118024.0, "osm_type": "nodes", "amenity": "restaurant", "name": "Angkringan", "layer": "commercial utm", "path": "D:\\geomapid\\Kebutuhan Final Project\\SHP\\UTM\\commercial utm.shp" }, "geometry": { "type": "Point", "coordinates": [ 110.3502168, -7.7920722 ] } },
{ "type": "Feature", "properties": { "fid": 236.0, "osm_id": 4799168223.0, "osm_type": "nodes", "amenity": null, "name": "Alfa Midi", "layer": "commercial utm", "path": "D:\\geomapid\\Kebutuhan Final Project\\SHP\\UTM\\commercial utm.shp" }, "geometry": { "type": "Point", "coordinates": [ 110.353259, -7.791924 ] } },
{ "type": "Feature", "properties": { "fid": 237.0, "osm_id": 4795283937.0, "osm_type": "nodes", "amenity": null, "name": "Indomaret", "layer": "commercial utm", "path": "D:\\geomapid\\Kebutuhan Final Project\\SHP\\UTM\\commercial utm.shp" }, "geometry": { "type": "Point", "coordinates": [ 110.3536941, -7.7926306 ] } },
{ "type": "Feature", "properties": { "fid": 238.0, "osm_id": 7097567597.0, "osm_type": "nodes", "amenity": null, "name": "Indomaret", "layer": "commercial utm", "path": "D:\\geomapid\\Kebutuhan Final Project\\SHP\\UTM\\commercial utm.shp" }, "geometry": { "type": "Point", "coordinates": [ 110.352663, -7.7962384 ] } },
{ "type": "Feature", "properties": { "fid": 239.0, "osm_id": 3921968367.0, "osm_type": "nodes", "amenity": null, "name": "PT. TASPEN PERSERO", "layer": "commercial utm", "path": "D:\\geomapid\\Kebutuhan Final Project\\SHP\\UTM\\commercial utm.shp" }, "geometry": { "type": "Point", "coordinates": [ 110.3920021, -7.7951509 ] } },
{ "type": "Feature", "properties": { "fid": 240.0, "osm_id": 4752452055.0, "osm_type": "nodes", "amenity": "restaurant", "name": "Ayam Goreng Tojoyo 3", "layer": "commercial utm", "path": "D:\\geomapid\\Kebutuhan Final Project\\SHP\\UTM\\commercial utm.shp" }, "geometry": { "type": "Point", "coordinates": [ 110.386623, -7.7829566 ] } },
{ "type": "Feature", "properties": { "fid": 241.0, "osm_id": 3633799368.0, "osm_type": "nodes", "amenity": "restaurant", "name": "Playground", "layer": "commercial utm", "path": "D:\\geomapid\\Kebutuhan Final Project\\SHP\\UTM\\commercial utm.shp" }, "geometry": { "type": "Point", "coordinates": [ 110.3931768, -7.7909498 ] } },
{ "type": "Feature", "properties": { "fid": 242.0, "osm_id": 2751371522.0, "osm_type": "nodes", "amenity": "restaurant", "name": "warung soto", "layer": "commercial utm", "path": "D:\\geomapid\\Kebutuhan Final Project\\SHP\\UTM\\commercial utm.shp" }, "geometry": { "type": "Point", "coordinates": [ 110.3932735, -7.78675 ] } },
{ "type": "Feature", "properties": { "fid": 243.0, "osm_id": 3621489325.0, "osm_type": "nodes", "amenity": null, "name": "AZKO", "layer": "commercial utm", "path": "D:\\geomapid\\Kebutuhan Final Project\\SHP\\UTM\\commercial utm.shp" }, "geometry": { "type": "Point", "coordinates": [ 110.3862841, -7.7829319 ] } },
{ "type": "Feature", "properties": { "fid": 244.0, "osm_id": 4292814790.0, "osm_type": "nodes", "amenity": null, "name": "De Laxston Hotel by Quinn's", "layer": "commercial utm", "path": "D:\\geomapid\\Kebutuhan Final Project\\SHP\\UTM\\commercial utm.shp" }, "geometry": { "type": "Point", "coordinates": [ 110.3871283, -7.7830255 ] } },
{ "type": "Feature", "properties": { "fid": 245.0, "osm_id": 4706061490.0, "osm_type": "nodes", "amenity": null, "name": "Langkanae", "layer": "commercial utm", "path": "D:\\geomapid\\Kebutuhan Final Project\\SHP\\UTM\\commercial utm.shp" }, "geometry": { "type": "Point", "coordinates": [ 110.3942254, -7.787634 ] } },
{ "type": "Feature", "properties": { "fid": 246.0, "osm_id": 9748480927.0, "osm_type": "nodes", "amenity": null, "name": "Indomaret", "layer": "commercial utm", "path": "D:\\geomapid\\Kebutuhan Final Project\\SHP\\UTM\\commercial utm.shp" }, "geometry": { "type": "Point", "coordinates": [ 110.3915859, -7.7829683 ] } },
{ "type": "Feature", "properties": { "fid": 247.0, "osm_id": 14067962706.0, "osm_type": "nodes", "amenity": "restaurant", "name": "Rumah Makan Sinar Minang", "layer": "commercial utm", "path": "D:\\geomapid\\Kebutuhan Final Project\\SHP\\UTM\\commercial utm.shp" }, "geometry": { "type": "Point", "coordinates": [ 110.386189, -7.7919691 ] } },
{ "type": "Feature", "properties": { "fid": 248.0, "osm_id": 4146152133.0, "osm_type": "nodes", "amenity": null, "name": "Fotokopi Mbaknya", "layer": "commercial utm", "path": "D:\\geomapid\\Kebutuhan Final Project\\SHP\\UTM\\commercial utm.shp" }, "geometry": { "type": "Point", "coordinates": [ 110.3951115, -7.7961888 ] } },
{ "type": "Feature", "properties": { "fid": 249.0, "osm_id": 9194593863.0, "osm_type": "nodes", "amenity": null, "name": "Mirasa", "layer": "commercial utm", "path": "D:\\geomapid\\Kebutuhan Final Project\\SHP\\UTM\\commercial utm.shp" }, "geometry": { "type": "Point", "coordinates": [ 110.3792649, -7.7834165 ] } },
{ "type": "Feature", "properties": { "fid": 250.0, "osm_id": 9217234777.0, "osm_type": "nodes", "amenity": "restaurant", "name": "Mie Aceh - Duta Serambi", "layer": "commercial utm", "path": "D:\\geomapid\\Kebutuhan Final Project\\SHP\\UTM\\commercial utm.shp" }, "geometry": { "type": "Point", "coordinates": [ 110.3793417, -7.7827734 ] } },
{ "type": "Feature", "properties": { "fid": 251.0, "osm_id": 13356950128.0, "osm_type": "nodes", "amenity": null, "name": "Patung Polisi", "layer": "commercial utm", "path": "D:\\geomapid\\Kebutuhan Final Project\\SHP\\UTM\\commercial utm.shp" }, "geometry": { "type": "Point", "coordinates": [ 110.3748741, -7.7828897 ] } },
{ "type": "Feature", "properties": { "fid": 252.0, "osm_id": 9194593866.0, "osm_type": "nodes", "amenity": null, "name": "Indomaret", "layer": "commercial utm", "path": "D:\\geomapid\\Kebutuhan Final Project\\SHP\\UTM\\commercial utm.shp" }, "geometry": { "type": "Point", "coordinates": [ 110.3792032, -7.7838792 ] } },
{ "type": "Feature", "properties": { "fid": 253.0, "osm_id": 9242835811.0, "osm_type": "nodes", "amenity": "cafe", "name": "Coolhands", "layer": "commercial utm", "path": "D:\\geomapid\\Kebutuhan Final Project\\SHP\\UTM\\commercial utm.shp" }, "geometry": { "type": "Point", "coordinates": [ 110.3776305, -7.7885708 ] } },
{ "type": "Feature", "properties": { "fid": 254.0, "osm_id": 9198357822.0, "osm_type": "nodes", "amenity": null, "name": "Salon Shinta", "layer": "commercial utm", "path": "D:\\geomapid\\Kebutuhan Final Project\\SHP\\UTM\\commercial utm.shp" }, "geometry": { "type": "Point", "coordinates": [ 110.3743312, -7.7889342 ] } },
{ "type": "Feature", "properties": { "fid": 255.0, "osm_id": 9850098571.0, "osm_type": "nodes", "amenity": "restaurant", "name": "Angkringan", "layer": "commercial utm", "path": "D:\\geomapid\\Kebutuhan Final Project\\SHP\\UTM\\commercial utm.shp" }, "geometry": { "type": "Point", "coordinates": [ 110.3742931, -7.7889396 ] } },
{ "type": "Feature", "properties": { "fid": 256.0, "osm_id": 9229319595.0, "osm_type": "nodes", "amenity": "restaurant", "name": "Bakso dan Mie Ayam Yatmin", "layer": "commercial utm", "path": "D:\\geomapid\\Kebutuhan Final Project\\SHP\\UTM\\commercial utm.shp" }, "geometry": { "type": "Point", "coordinates": [ 110.3773379, -7.7882117 ] } },
{ "type": "Feature", "properties": { "fid": 257.0, "osm_id": 9270669213.0, "osm_type": "nodes", "amenity": "restaurant", "name": "Warung Goyang Lidah", "layer": "commercial utm", "path": "D:\\geomapid\\Kebutuhan Final Project\\SHP\\UTM\\commercial utm.shp" }, "geometry": { "type": "Point", "coordinates": [ 110.3761391, -7.7862229 ] } },
{ "type": "Feature", "properties": { "fid": 258.0, "osm_id": 9206900903.0, "osm_type": "nodes", "amenity": "restaurant", "name": "Nasi Brongkos Bu Rahman", "layer": "commercial utm", "path": "D:\\geomapid\\Kebutuhan Final Project\\SHP\\UTM\\commercial utm.shp" }, "geometry": { "type": "Point", "coordinates": [ 110.3772867, -7.7879963 ] } },
{ "type": "Feature", "properties": { "fid": 259.0, "osm_id": 9205485635.0, "osm_type": "nodes", "amenity": null, "name": "Trisula travel", "layer": "commercial utm", "path": "D:\\geomapid\\Kebutuhan Final Project\\SHP\\UTM\\commercial utm.shp" }, "geometry": { "type": "Point", "coordinates": [ 110.37885510000001, -7.7870833 ] } },
{ "type": "Feature", "properties": { "fid": 260.0, "osm_id": 9203186226.0, "osm_type": "nodes", "amenity": "restaurant", "name": "Angkringan", "layer": "commercial utm", "path": "D:\\geomapid\\Kebutuhan Final Project\\SHP\\UTM\\commercial utm.shp" }, "geometry": { "type": "Point", "coordinates": [ 110.3755875, -7.7883922 ] } },
{ "type": "Feature", "properties": { "fid": 261.0, "osm_id": 9194567503.0, "osm_type": "nodes", "amenity": "restaurant", "name": "Bubur Ayam Kotabaru", "layer": "commercial utm", "path": "D:\\geomapid\\Kebutuhan Final Project\\SHP\\UTM\\commercial utm.shp" }, "geometry": { "type": "Point", "coordinates": [ 110.3755722, -7.7842858 ] } },
{ "type": "Feature", "properties": { "fid": 262.0, "osm_id": 9191142223.0, "osm_type": "nodes", "amenity": null, "name": "Unicorn Laundry", "layer": "commercial utm", "path": "D:\\geomapid\\Kebutuhan Final Project\\SHP\\UTM\\commercial utm.shp" }, "geometry": { "type": "Point", "coordinates": [ 110.3791319, -7.787283 ] } },
{ "type": "Feature", "properties": { "fid": 263.0, "osm_id": 9191142231.0, "osm_type": "nodes", "amenity": "restaurant", "name": "Rumah Makan Baru", "layer": "commercial utm", "path": "D:\\geomapid\\Kebutuhan Final Project\\SHP\\UTM\\commercial utm.shp" }, "geometry": { "type": "Point", "coordinates": [ 110.3792327, -7.7873159 ] } },
{ "type": "Feature", "properties": { "fid": 264.0, "osm_id": 9191142232.0, "osm_type": "nodes", "amenity": null, "name": "Tiki", "layer": "commercial utm", "path": "D:\\geomapid\\Kebutuhan Final Project\\SHP\\UTM\\commercial utm.shp" }, "geometry": { "type": "Point", "coordinates": [ 110.3797757, -7.7873521 ] } },
{ "type": "Feature", "properties": { "fid": 265.0, "osm_id": 7863900184.0, "osm_type": "nodes", "amenity": null, "name": "Kios", "layer": "commercial utm", "path": "D:\\geomapid\\Kebutuhan Final Project\\SHP\\UTM\\commercial utm.shp" }, "geometry": { "type": "Point", "coordinates": [ 110.37854, -7.7882407 ] } },
{ "type": "Feature", "properties": { "fid": 266.0, "osm_id": 7811468611.0, "osm_type": "nodes", "amenity": "restaurant", "name": "Nasi Goreng Sapi", "layer": "commercial utm", "path": "D:\\geomapid\\Kebutuhan Final Project\\SHP\\UTM\\commercial utm.shp" }, "geometry": { "type": "Point", "coordinates": [ 110.3773269, -7.7883347 ] } },
{ "type": "Feature", "properties": { "fid": 267.0, "osm_id": 4792697021.0, "osm_type": "nodes", "amenity": null, "name": "Jaya Abadi", "layer": "commercial utm", "path": "D:\\geomapid\\Kebutuhan Final Project\\SHP\\UTM\\commercial utm.shp" }, "geometry": { "type": "Point", "coordinates": [ 110.3791732, -7.7871628 ] } },
{ "type": "Feature", "properties": { "fid": 268.0, "osm_id": 7868743424.0, "osm_type": "nodes", "amenity": "restaurant", "name": "Warung Makan 97", "layer": "commercial utm", "path": "D:\\geomapid\\Kebutuhan Final Project\\SHP\\UTM\\commercial utm.shp" }, "geometry": { "type": "Point", "coordinates": [ 110.3791293, -7.7871531 ] } },
{ "type": "Feature", "properties": { "fid": 269.0, "osm_id": 7894042045.0, "osm_type": "nodes", "amenity": null, "name": "Tambal Ban", "layer": "commercial utm", "path": "D:\\geomapid\\Kebutuhan Final Project\\SHP\\UTM\\commercial utm.shp" }, "geometry": { "type": "Point", "coordinates": [ 110.378442800000016, -7.7878729 ] } },
{ "type": "Feature", "properties": { "fid": 270.0, "osm_id": 7877729978.0, "osm_type": "nodes", "amenity": null, "name": "Kios", "layer": "commercial utm", "path": "D:\\geomapid\\Kebutuhan Final Project\\SHP\\UTM\\commercial utm.shp" }, "geometry": { "type": "Point", "coordinates": [ 110.376368, -7.7891043 ] } },
{ "type": "Feature", "properties": { "fid": 271.0, "osm_id": 9167788327.0, "osm_type": "nodes", "amenity": null, "name": "Jasa Marga Jogja Bawen", "layer": "commercial utm", "path": "D:\\geomapid\\Kebutuhan Final Project\\SHP\\UTM\\commercial utm.shp" }, "geometry": { "type": "Point", "coordinates": [ 110.3759784, -7.785508 ] } },
{ "type": "Feature", "properties": { "fid": 272.0, "osm_id": 9212889554.0, "osm_type": "nodes", "amenity": null, "name": "Lawson", "layer": "commercial utm", "path": "D:\\geomapid\\Kebutuhan Final Project\\SHP\\UTM\\commercial utm.shp" }, "geometry": { "type": "Point", "coordinates": [ 110.3788651, -7.7860814 ] } },
{ "type": "Feature", "properties": { "fid": 273.0, "osm_id": 10869723935.0, "osm_type": "nodes", "amenity": "cafe", "name": "Satu Lokasi", "layer": "commercial utm", "path": "D:\\geomapid\\Kebutuhan Final Project\\SHP\\UTM\\commercial utm.shp" }, "geometry": { "type": "Point", "coordinates": [ 110.3760799, -7.7852529 ] } },
{ "type": "Feature", "properties": { "fid": 274.0, "osm_id": 13077816880.0, "osm_type": "nodes", "amenity": null, "name": "Lawson", "layer": "commercial utm", "path": "D:\\geomapid\\Kebutuhan Final Project\\SHP\\UTM\\commercial utm.shp" }, "geometry": { "type": "Point", "coordinates": [ 110.3780055, -7.7940794 ] } },
{ "type": "Feature", "properties": { "fid": 275.0, "osm_id": 4691760992.0, "osm_type": "nodes", "amenity": null, "name": "Batik Museum", "layer": "commercial utm", "path": "D:\\geomapid\\Kebutuhan Final Project\\SHP\\UTM\\commercial utm.shp" }, "geometry": { "type": "Point", "coordinates": [ 110.3773503, -7.795401 ] } },
{ "type": "Feature", "properties": { "fid": 276.0, "osm_id": 4908348223.0, "osm_type": "nodes", "amenity": "restaurant", "name": "Ice cream Gelato", "layer": "commercial utm", "path": "D:\\geomapid\\Kebutuhan Final Project\\SHP\\UTM\\commercial utm.shp" }, "geometry": { "type": "Point", "coordinates": [ 110.3780142, -7.7937544 ] } },
{ "type": "Feature", "properties": { "fid": 277.0, "osm_id": 12440284603.0, "osm_type": "nodes", "amenity": "cafe", "name": "TUKU - Kotabaru", "layer": "commercial utm", "path": "D:\\geomapid\\Kebutuhan Final Project\\SHP\\UTM\\commercial utm.shp" }, "geometry": { "type": "Point", "coordinates": [ 110.3739764, -7.785612 ] } },
{ "type": "Feature", "properties": { "fid": 278.0, "osm_id": 7690289758.0, "osm_type": "nodes", "amenity": null, "name": "Kaloka Pottery", "layer": "commercial utm", "path": "D:\\geomapid\\Kebutuhan Final Project\\SHP\\UTM\\commercial utm.shp" }, "geometry": { "type": "Point", "coordinates": [ 110.3742717, -7.7959361 ] } },
{ "type": "Feature", "properties": { "fid": 279.0, "osm_id": 9222486037.0, "osm_type": "nodes", "amenity": "restaurant", "name": "Warung 27", "layer": "commercial utm", "path": "D:\\geomapid\\Kebutuhan Final Project\\SHP\\UTM\\commercial utm.shp" }, "geometry": { "type": "Point", "coordinates": [ 110.3759177, -7.7766031 ] } },
{ "type": "Feature", "properties": { "fid": 280.0, "osm_id": 4424600989.0, "osm_type": "nodes", "amenity": "restaurant", "name": "Sintawang Resto", "layer": "commercial utm", "path": "D:\\geomapid\\Kebutuhan Final Project\\SHP\\UTM\\commercial utm.shp" }, "geometry": { "type": "Point", "coordinates": [ 110.3607339, -7.7820808 ] } },
{ "type": "Feature", "properties": { "fid": 281.0, "osm_id": 4581402392.0, "osm_type": "nodes", "amenity": null, "name": "Massage", "layer": "commercial utm", "path": "D:\\geomapid\\Kebutuhan Final Project\\SHP\\UTM\\commercial utm.shp" }, "geometry": { "type": "Point", "coordinates": [ 110.3617381, -7.7920834 ] } },
{ "type": "Feature", "properties": { "fid": 282.0, "osm_id": 4698269491.0, "osm_type": "nodes", "amenity": null, "name": "Gaotama Hotel", "layer": "commercial utm", "path": "D:\\geomapid\\Kebutuhan Final Project\\SHP\\UTM\\commercial utm.shp" }, "geometry": { "type": "Point", "coordinates": [ 110.36758, -7.7937987 ] } },
{ "type": "Feature", "properties": { "fid": 283.0, "osm_id": 4771094722.0, "osm_type": "nodes", "amenity": null, "name": "Bambang Electronic", "layer": "commercial utm", "path": "D:\\geomapid\\Kebutuhan Final Project\\SHP\\UTM\\commercial utm.shp" }, "geometry": { "type": "Point", "coordinates": [ 110.3511192, -7.7888521 ] } },
{ "type": "Feature", "properties": { "fid": 284.0, "osm_id": 4781432221.0, "osm_type": "nodes", "amenity": null, "name": "boomerang", "layer": "commercial utm", "path": "D:\\geomapid\\Kebutuhan Final Project\\SHP\\UTM\\commercial utm.shp" }, "geometry": { "type": "Point", "coordinates": [ 110.3651449, -7.7911129 ] } },
{ "type": "Feature", "properties": { "fid": 285.0, "osm_id": 4794827154.0, "osm_type": "nodes", "amenity": null, "name": "Losmen Rizki", "layer": "commercial utm", "path": "D:\\geomapid\\Kebutuhan Final Project\\SHP\\UTM\\commercial utm.shp" }, "geometry": { "type": "Point", "coordinates": [ 110.3639277, -7.7911654 ] } },
{ "type": "Feature", "properties": { "fid": 286.0, "osm_id": 4795283936.0, "osm_type": "nodes", "amenity": "restaurant", "name": "Angkringan", "layer": "commercial utm", "path": "D:\\geomapid\\Kebutuhan Final Project\\SHP\\UTM\\commercial utm.shp" }, "geometry": { "type": "Point", "coordinates": [ 110.3512358, -7.7879697 ] } },
{ "type": "Feature", "properties": { "fid": 287.0, "osm_id": 4795298421.0, "osm_type": "nodes", "amenity": "restaurant", "name": "Angkringan", "layer": "commercial utm", "path": "D:\\geomapid\\Kebutuhan Final Project\\SHP\\UTM\\commercial utm.shp" }, "geometry": { "type": "Point", "coordinates": [ 110.3505683, -7.7926023 ] } },
{ "type": "Feature", "properties": { "fid": 288.0, "osm_id": 4798160824.0, "osm_type": "nodes", "amenity": "restaurant", "name": "Angkringan", "layer": "commercial utm", "path": "D:\\geomapid\\Kebutuhan Final Project\\SHP\\UTM\\commercial utm.shp" }, "geometry": { "type": "Point", "coordinates": [ 110.3540058, -7.7901041 ] } },
{ "type": "Feature", "properties": { "fid": 289.0, "osm_id": 4799118029.0, "osm_type": "nodes", "amenity": null, "name": "Toko Dolano", "layer": "commercial utm", "path": "D:\\geomapid\\Kebutuhan Final Project\\SHP\\UTM\\commercial utm.shp" }, "geometry": { "type": "Point", "coordinates": [ 110.3524824, -7.7873875 ] } },
{ "type": "Feature", "properties": { "fid": 290.0, "osm_id": 4799168327.0, "osm_type": "nodes", "amenity": null, "name": "Pak Bambang", "layer": "commercial utm", "path": "D:\\geomapid\\Kebutuhan Final Project\\SHP\\UTM\\commercial utm.shp" }, "geometry": { "type": "Point", "coordinates": [ 110.351716, -7.7873556 ] } },
{ "type": "Feature", "properties": { "fid": 291.0, "osm_id": 4830808726.0, "osm_type": "nodes", "amenity": null, "name": "Losmen Red Palm", "layer": "commercial utm", "path": "D:\\geomapid\\Kebutuhan Final Project\\SHP\\UTM\\commercial utm.shp" }, "geometry": { "type": "Point", "coordinates": [ 110.3640396, -7.7909201 ] } },
{ "type": "Feature", "properties": { "fid": 292.0, "osm_id": 4959456824.0, "osm_type": "nodes", "amenity": null, "name": "Pego Homestay", "layer": "commercial utm", "path": "D:\\geomapid\\Kebutuhan Final Project\\SHP\\UTM\\commercial utm.shp" }, "geometry": { "type": "Point", "coordinates": [ 110.3609986, -7.7910787 ] } },
{ "type": "Feature", "properties": { "fid": 293.0, "osm_id": 4961398421.0, "osm_type": "nodes", "amenity": null, "name": "Simple Tour", "layer": "commercial utm", "path": "D:\\geomapid\\Kebutuhan Final Project\\SHP\\UTM\\commercial utm.shp" }, "geometry": { "type": "Point", "coordinates": [ 110.3640473, -7.7908718 ] } },
{ "type": "Feature", "properties": { "fid": 294.0, "osm_id": 5245110621.0, "osm_type": "nodes", "amenity": null, "name": "PT. Sale Stock Indonesia", "layer": "commercial utm", "path": "D:\\geomapid\\Kebutuhan Final Project\\SHP\\UTM\\commercial utm.shp" }, "geometry": { "type": "Point", "coordinates": [ 110.3566675, -7.7828757 ] } },
{ "type": "Feature", "properties": { "fid": 295.0, "osm_id": 5272163221.0, "osm_type": "nodes", "amenity": null, "name": "Srigading", "layer": "commercial utm", "path": "D:\\geomapid\\Kebutuhan Final Project\\SHP\\UTM\\commercial utm.shp" }, "geometry": { "type": "Point", "coordinates": [ 110.3651557, -7.79384 ] } },
{ "type": "Feature", "properties": { "fid": 296.0, "osm_id": 5272163222.0, "osm_type": "nodes", "amenity": "restaurant", "name": "Sambal Uleg", "layer": "commercial utm", "path": "D:\\geomapid\\Kebutuhan Final Project\\SHP\\UTM\\commercial utm.shp" }, "geometry": { "type": "Point", "coordinates": [ 110.3642653, -7.7940731 ] } },
{ "type": "Feature", "properties": { "fid": 297.0, "osm_id": 5272163223.0, "osm_type": "nodes", "amenity": "restaurant", "name": "Mas bowo - nasi", "layer": "commercial utm", "path": "D:\\geomapid\\Kebutuhan Final Project\\SHP\\UTM\\commercial utm.shp" }, "geometry": { "type": "Point", "coordinates": [ 110.3652453, -7.7939069 ] } },
{ "type": "Feature", "properties": { "fid": 298.0, "osm_id": 5272163521.0, "osm_type": "nodes", "amenity": "restaurant", "name": "RAGIL - Sop iga/bontut", "layer": "commercial utm", "path": "D:\\geomapid\\Kebutuhan Final Project\\SHP\\UTM\\commercial utm.shp" }, "geometry": { "type": "Point", "coordinates": [ 110.3650379, -7.7938663 ] } },
{ "type": "Feature", "properties": { "fid": 299.0, "osm_id": 5272163621.0, "osm_type": "nodes", "amenity": "restaurant", "name": "Raos Eco - Gudeg", "layer": "commercial utm", "path": "D:\\geomapid\\Kebutuhan Final Project\\SHP\\UTM\\commercial utm.shp" }, "geometry": { "type": "Point", "coordinates": [ 110.3653314, -7.7939182 ] } },
{ "type": "Feature", "properties": { "fid": 300.0, "osm_id": 5484161527.0, "osm_type": "nodes", "amenity": "restaurant", "name": "Raminten’s Kitchen", "layer": "commercial utm", "path": "D:\\geomapid\\Kebutuhan Final Project\\SHP\\UTM\\commercial utm.shp" }, "geometry": { "type": "Point", "coordinates": [ 110.3721122, -7.7843864 ] } },
{ "type": "Feature", "properties": { "fid": 301.0, "osm_id": 5644990721.0, "osm_type": "nodes", "amenity": "fast_food", "name": "Lumpia Jaya (spring roll cart)", "layer": "commercial utm", "path": "D:\\geomapid\\Kebutuhan Final Project\\SHP\\UTM\\commercial utm.shp" }, "geometry": { "type": "Point", "coordinates": [ 110.3655084, -7.7949597 ] } },
{ "type": "Feature", "properties": { "fid": 302.0, "osm_id": 5711360921.0, "osm_type": "nodes", "amenity": "cafe", "name": "Salami Kopi", "layer": "commercial utm", "path": "D:\\geomapid\\Kebutuhan Final Project\\SHP\\UTM\\commercial utm.shp" }, "geometry": { "type": "Point", "coordinates": [ 110.3640392, -7.7908887 ] } },
{ "type": "Feature", "properties": { "fid": 303.0, "osm_id": 5905646587.0, "osm_type": "nodes", "amenity": "cafe", "name": "SUA Coffee", "layer": "commercial utm", "path": "D:\\geomapid\\Kebutuhan Final Project\\SHP\\UTM\\commercial utm.shp" }, "geometry": { "type": "Point", "coordinates": [ 110.3647837, -7.7939951 ] } },
{ "type": "Feature", "properties": { "fid": 304.0, "osm_id": 6065814387.0, "osm_type": "nodes", "amenity": null, "name": "Penginapan Kunthi", "layer": "commercial utm", "path": "D:\\geomapid\\Kebutuhan Final Project\\SHP\\UTM\\commercial utm.shp" }, "geometry": { "type": "Point", "coordinates": [ 110.3623713, -7.7937405 ] } },
{ "type": "Feature", "properties": { "fid": 305.0, "osm_id": 6634969987.0, "osm_type": "nodes", "amenity": null, "name": "Semar Nusantara pingit", "layer": "commercial utm", "path": "D:\\geomapid\\Kebutuhan Final Project\\SHP\\UTM\\commercial utm.shp" }, "geometry": { "type": "Point", "coordinates": [ 110.3575342, -7.7826005 ] } },
{ "type": "Feature", "properties": { "fid": 306.0, "osm_id": 6824534685.0, "osm_type": "nodes", "amenity": "fast_food", "name": "Tunqu Nangkring", "layer": "commercial utm", "path": "D:\\geomapid\\Kebutuhan Final Project\\SHP\\UTM\\commercial utm.shp" }, "geometry": { "type": "Point", "coordinates": [ 110.3664642, -7.7885266 ] } },
{ "type": "Feature", "properties": { "fid": 307.0, "osm_id": 7660028785.0, "osm_type": "nodes", "amenity": "fast_food", "name": "Dapur Umi Ami Empal Gentong & Ayam Kremes", "layer": "commercial utm", "path": "D:\\geomapid\\Kebutuhan Final Project\\SHP\\UTM\\commercial utm.shp" }, "geometry": { "type": "Point", "coordinates": [ 110.37633750000002, -7.7947009 ] } },
{ "type": "Feature", "properties": { "fid": 308.0, "osm_id": 7660036185.0, "osm_type": "nodes", "amenity": null, "name": "Octa Advertising", "layer": "commercial utm", "path": "D:\\geomapid\\Kebutuhan Final Project\\SHP\\UTM\\commercial utm.shp" }, "geometry": { "type": "Point", "coordinates": [ 110.3763284, -7.7946423 ] } },
{ "type": "Feature", "properties": { "fid": 309.0, "osm_id": 9867149917.0, "osm_type": "nodes", "amenity": null, "name": "Freedom Batik Art Exposition", "layer": "commercial utm", "path": "D:\\geomapid\\Kebutuhan Final Project\\SHP\\UTM\\commercial utm.shp" }, "geometry": { "type": "Point", "coordinates": [ 110.365011, -7.7942302 ] } },
{ "type": "Feature", "properties": { "fid": 310.0, "osm_id": 10997234146.0, "osm_type": "nodes", "amenity": "restaurant", "name": "Karta", "layer": "commercial utm", "path": "D:\\geomapid\\Kebutuhan Final Project\\SHP\\UTM\\commercial utm.shp" }, "geometry": { "type": "Point", "coordinates": [ 110.3659244, -7.7935918 ] } },
{ "type": "Feature", "properties": { "fid": 311.0, "osm_id": 4655095789.0, "osm_type": "nodes", "amenity": null, "name": "Alfamart", "layer": "commercial utm", "path": "D:\\geomapid\\Kebutuhan Final Project\\SHP\\UTM\\commercial utm.shp" }, "geometry": { "type": "Point", "coordinates": [ 110.3682111, -7.7733005 ] } },
{ "type": "Feature", "properties": { "fid": 312.0, "osm_id": 6401792054.0, "osm_type": "nodes", "amenity": null, "name": "Alfamart", "layer": "commercial utm", "path": "D:\\geomapid\\Kebutuhan Final Project\\SHP\\UTM\\commercial utm.shp" }, "geometry": { "type": "Point", "coordinates": [ 110.3623581, -7.7896328 ] } },
{ "type": "Feature", "properties": { "fid": 313.0, "osm_id": 10770919368.0, "osm_type": "nodes", "amenity": null, "name": "Alfamart", "layer": "commercial utm", "path": "D:\\geomapid\\Kebutuhan Final Project\\SHP\\UTM\\commercial utm.shp" }, "geometry": { "type": "Point", "coordinates": [ 110.3646539, -7.7938145 ] } },
{ "type": "Feature", "properties": { "fid": 314.0, "osm_id": 3585103219.0, "osm_type": "nodes", "amenity": null, "name": "Indomaret", "layer": "commercial utm", "path": "D:\\geomapid\\Kebutuhan Final Project\\SHP\\UTM\\commercial utm.shp" }, "geometry": { "type": "Point", "coordinates": [ 110.3610802, -7.7807059 ] } },
{ "type": "Feature", "properties": { "fid": 315.0, "osm_id": 4362119294.0, "osm_type": "nodes", "amenity": null, "name": "Indomaret", "layer": "commercial utm", "path": "D:\\geomapid\\Kebutuhan Final Project\\SHP\\UTM\\commercial utm.shp" }, "geometry": { "type": "Point", "coordinates": [ 110.3727972, -7.7956017 ] } },
{ "type": "Feature", "properties": { "fid": 316.0, "osm_id": 4994688422.0, "osm_type": "nodes", "amenity": null, "name": "Circle K", "layer": "commercial utm", "path": "D:\\geomapid\\Kebutuhan Final Project\\SHP\\UTM\\commercial utm.shp" }, "geometry": { "type": "Point", "coordinates": [ 110.3634266, -7.7916992 ] } },
{ "type": "Feature", "properties": { "fid": 317.0, "osm_id": 13797641008.0, "osm_type": "nodes", "amenity": "cafe", "name": "GeBack", "layer": "commercial utm", "path": "D:\\geomapid\\Kebutuhan Final Project\\SHP\\UTM\\commercial utm.shp" }, "geometry": { "type": "Point", "coordinates": [ 110.3768438, -7.7796962 ] } },
{ "type": "Feature", "properties": { "fid": 318.0, "osm_id": 13800404270.0, "osm_type": "nodes", "amenity": null, "name": "Hotel Tentrem", "layer": "commercial utm", "path": "D:\\geomapid\\Kebutuhan Final Project\\SHP\\UTM\\commercial utm.shp" }, "geometry": { "type": "Point", "coordinates": [ 110.3686016, -7.7738045 ] } },
{ "type": "Feature", "properties": { "fid": 319.0, "osm_id": 13838833768.0, "osm_type": "nodes", "amenity": null, "name": "Laura's Backpacker 523 nr 1 & Reception", "layer": "commercial utm", "path": "D:\\geomapid\\Kebutuhan Final Project\\SHP\\UTM\\commercial utm.shp" }, "geometry": { "type": "Point", "coordinates": [ 110.3710315, -7.7909614 ] } },
{ "type": "Feature", "properties": { "fid": 320.0, "osm_id": 13866990249.0, "osm_type": "nodes", "amenity": "restaurant", "name": "Bakwan Kawi 'DekNuna'", "layer": "commercial utm", "path": "D:\\geomapid\\Kebutuhan Final Project\\SHP\\UTM\\commercial utm.shp" }, "geometry": { "type": "Point", "coordinates": [ 110.3707564, -7.7820612 ] } },
{ "type": "Feature", "properties": { "fid": 321.0, "osm_id": 10298674399.0, "osm_type": "nodes", "amenity": null, "name": "Dav Grill - Paket Sewa Alat Grill Home Service All You Can Eat Jogja", "layer": "commercial utm", "path": "D:\\geomapid\\Kebutuhan Final Project\\SHP\\UTM\\commercial utm.shp" }, "geometry": { "type": "Point", "coordinates": [ 110.3514934, -7.7754402 ] } },
{ "type": "Feature", "properties": { "fid": 322.0, "osm_id": 12846512154.0, "osm_type": "nodes", "amenity": "restaurant", "name": "ge0fee", "layer": "commercial utm", "path": "D:\\geomapid\\Kebutuhan Final Project\\SHP\\UTM\\commercial utm.shp" }, "geometry": { "type": "Point", "coordinates": [ 110.363241, -7.7903094 ] } },
{ "type": "Feature", "properties": { "fid": 323.0, "osm_id": 12165236716.0, "osm_type": "nodes", "amenity": null, "name": "SekawanStay Guest House Malioboro", "layer": "commercial utm", "path": "D:\\geomapid\\Kebutuhan Final Project\\SHP\\UTM\\commercial utm.shp" }, "geometry": { "type": "Point", "coordinates": [ 110.3707164, -7.7925789 ] } },
{ "type": "Feature", "properties": { "fid": 324.0, "osm_id": 14021004201.0, "osm_type": "nodes", "amenity": null, "name": null, "layer": "commercial utm", "path": "D:\\geomapid\\Kebutuhan Final Project\\SHP\\UTM\\commercial utm.shp" }, "geometry": { "type": "Point", "coordinates": [ 110.3660575, -7.7931299 ] } },
{ "type": "Feature", "properties": { "fid": 325.0, "osm_id": 4361980601.0, "osm_type": "nodes", "amenity": null, "name": "Hotel 1001 Malam", "layer": "commercial utm", "path": "D:\\geomapid\\Kebutuhan Final Project\\SHP\\UTM\\commercial utm.shp" }, "geometry": { "type": "Point", "coordinates": [ 110.3642042, -7.7906474 ] } },
{ "type": "Feature", "properties": { "fid": 326.0, "osm_id": 10561525409.0, "osm_type": "nodes", "amenity": null, "name": "PT SoftwareSeni", "layer": "commercial utm", "path": "D:\\geomapid\\Kebutuhan Final Project\\SHP\\UTM\\commercial utm.shp" }, "geometry": { "type": "Point", "coordinates": [ 110.3791662, -7.781131 ] } },
{ "type": "Feature", "properties": { "fid": 327.0, "osm_id": 9252270616.0, "osm_type": "nodes", "amenity": null, "name": "Foto Copy", "layer": "commercial utm", "path": "D:\\geomapid\\Kebutuhan Final Project\\SHP\\UTM\\commercial utm.shp" }, "geometry": { "type": "Point", "coordinates": [ 110.375509, -7.7861233 ] } },
{ "type": "Feature", "properties": { "fid": 328.0, "osm_id": 11963129486.0, "osm_type": "nodes", "amenity": "restaurant", "name": "Bakso Tetelan Ambasador", "layer": "commercial utm", "path": "D:\\geomapid\\Kebutuhan Final Project\\SHP\\UTM\\commercial utm.shp" }, "geometry": { "type": "Point", "coordinates": [ 110.3835275, -7.7829935 ] } },
{ "type": "Feature", "properties": { "fid": 329.0, "osm_id": 9810299648.0, "osm_type": "nodes", "amenity": null, "name": "Gudang Digital Indonesia (Toko Kamera)", "layer": "commercial utm", "path": "D:\\geomapid\\Kebutuhan Final Project\\SHP\\UTM\\commercial utm.shp" }, "geometry": { "type": "Point", "coordinates": [ 110.384935, -7.7861173 ] } },
{ "type": "Feature", "properties": { "fid": 330.0, "osm_id": 9208431567.0, "osm_type": "nodes", "amenity": "restaurant", "name": "Siomay & Batagor", "layer": "commercial utm", "path": "D:\\geomapid\\Kebutuhan Final Project\\SHP\\UTM\\commercial utm.shp" }, "geometry": { "type": "Point", "coordinates": [ 110.3821602, -7.7862404 ] } },
{ "type": "Feature", "properties": { "fid": 331.0, "osm_id": 9208542433.0, "osm_type": "nodes", "amenity": null, "name": "Wave", "layer": "commercial utm", "path": "D:\\geomapid\\Kebutuhan Final Project\\SHP\\UTM\\commercial utm.shp" }, "geometry": { "type": "Point", "coordinates": [ 110.3848016, -7.7861251 ] } },
{ "type": "Feature", "properties": { "fid": 332.0, "osm_id": 10578399346.0, "osm_type": "nodes", "amenity": null, "name": "Rama Gordyn", "layer": "commercial utm", "path": "D:\\geomapid\\Kebutuhan Final Project\\SHP\\UTM\\commercial utm.shp" }, "geometry": { "type": "Point", "coordinates": [ 110.380941, -7.7831396 ] } },
{ "type": "Feature", "properties": { "fid": 333.0, "osm_id": 11963165196.0, "osm_type": "nodes", "amenity": "restaurant", "name": "Indomie Bangladesh Bang Dwi", "layer": "commercial utm", "path": "D:\\geomapid\\Kebutuhan Final Project\\SHP\\UTM\\commercial utm.shp" }, "geometry": { "type": "Point", "coordinates": [ 110.3833811, -7.7831358 ] } },
{ "type": "Feature", "properties": { "fid": 334.0, "osm_id": 12805798906.0, "osm_type": "nodes", "amenity": null, "name": "Indomaret", "layer": "commercial utm", "path": "D:\\geomapid\\Kebutuhan Final Project\\SHP\\UTM\\commercial utm.shp" }, "geometry": { "type": "Point", "coordinates": [ 110.3831935, -7.7828952 ] } },
{ "type": "Feature", "properties": { "fid": 335.0, "osm_id": 13641144601.0, "osm_type": "nodes", "amenity": "restaurant", "name": "Arun 78", "layer": "commercial utm", "path": "D:\\geomapid\\Kebutuhan Final Project\\SHP\\UTM\\commercial utm.shp" }, "geometry": { "type": "Point", "coordinates": [ 110.3622174, -7.7815153 ] } },
{ "type": "Feature", "properties": { "fid": 336.0, "osm_id": 4424583591.0, "osm_type": "nodes", "amenity": "restaurant", "name": "Tio Ciu Seafood & Chinese Food", "layer": "commercial utm", "path": "D:\\geomapid\\Kebutuhan Final Project\\SHP\\UTM\\commercial utm.shp" }, "geometry": { "type": "Point", "coordinates": [ 110.3703171, -7.7827313 ] } },
{ "type": "Feature", "properties": { "fid": 337.0, "osm_id": 4792695825.0, "osm_type": "nodes", "amenity": "restaurant", "name": "Honje", "layer": "commercial utm", "path": "D:\\geomapid\\Kebutuhan Final Project\\SHP\\UTM\\commercial utm.shp" }, "geometry": { "type": "Point", "coordinates": [ 110.3667788, -7.7834722 ] } },
{ "type": "Feature", "properties": { "fid": 338.0, "osm_id": 4853355021.0, "osm_type": "nodes", "amenity": "restaurant", "name": "Gudeg Djoeminten", "layer": "commercial utm", "path": "D:\\geomapid\\Kebutuhan Final Project\\SHP\\UTM\\commercial utm.shp" }, "geometry": { "type": "Point", "coordinates": [ 110.3625314, -7.7815487 ] } },
{ "type": "Feature", "properties": { "fid": 339.0, "osm_id": 2266459082.0, "osm_type": "nodes", "amenity": null, "name": "Indomaret", "layer": "commercial utm", "path": "D:\\geomapid\\Kebutuhan Final Project\\SHP\\UTM\\commercial utm.shp" }, "geometry": { "type": "Point", "coordinates": [ 110.3611163, -7.7747631 ] } },
{ "type": "Feature", "properties": { "fid": 340.0, "osm_id": 4362119192.0, "osm_type": "nodes", "amenity": null, "name": "Indomaret", "layer": "commercial utm", "path": "D:\\geomapid\\Kebutuhan Final Project\\SHP\\UTM\\commercial utm.shp" }, "geometry": { "type": "Point", "coordinates": [ 110.3523723, -7.7815015 ] } },
{ "type": "Feature", "properties": { "fid": 341.0, "osm_id": 13020324765.0, "osm_type": "nodes", "amenity": null, "name": "Indomaret", "layer": "commercial utm", "path": "D:\\geomapid\\Kebutuhan Final Project\\SHP\\UTM\\commercial utm.shp" }, "geometry": { "type": "Point", "coordinates": [ 110.368133200000017, -7.7745317 ] } },
{ "type": "Feature", "properties": { "fid": 342.0, "osm_id": 14090967197.0, "osm_type": "nodes", "amenity": null, "name": "MTrans Yogyakarta", "layer": "commercial utm", "path": "D:\\geomapid\\Kebutuhan Final Project\\SHP\\UTM\\commercial utm.shp" }, "geometry": { "type": "Point", "coordinates": [ 110.3683351, -7.7837034 ] } },
{ "type": "Feature", "properties": { "fid": 343.0, "osm_id": 9194593860.0, "osm_type": "nodes", "amenity": null, "name": "Alfamidi", "layer": "commercial utm", "path": "D:\\geomapid\\Kebutuhan Final Project\\SHP\\UTM\\commercial utm.shp" }, "geometry": { "type": "Point", "coordinates": [ 110.379244500000013, -7.7835917 ] } },
{ "type": "Feature", "properties": { "fid": 344.0, "osm_id": 4115706892.0, "osm_type": "nodes", "amenity": null, "name": "ChezMoi", "layer": "commercial utm", "path": "D:\\geomapid\\Kebutuhan Final Project\\SHP\\UTM\\commercial utm.shp" }, "geometry": { "type": "Point", "coordinates": [ 110.3782126, -7.7811433 ] } },
{ "type": "Feature", "properties": { "fid": 345.0, "osm_id": 11047637958.0, "osm_type": "nodes", "amenity": "restaurant", "name": "5758 Mie Ayam Ceker", "layer": "commercial utm", "path": "D:\\geomapid\\Kebutuhan Final Project\\SHP\\UTM\\commercial utm.shp" }, "geometry": { "type": "Point", "coordinates": [ 110.378686300000012, -7.7804403 ] } },
{ "type": "Feature", "properties": { "fid": 346.0, "osm_id": 9205583202.0, "osm_type": "nodes", "amenity": "restaurant", "name": "Bakso Urat Soringin Arema", "layer": "commercial utm", "path": "D:\\geomapid\\Kebutuhan Final Project\\SHP\\UTM\\commercial utm.shp" }, "geometry": { "type": "Point", "coordinates": [ 110.3825765, -7.7860877 ] } },
{ "type": "Feature", "properties": { "fid": 347.0, "osm_id": 9217234778.0, "osm_type": "nodes", "amenity": "restaurant", "name": "Sushiruma", "layer": "commercial utm", "path": "D:\\geomapid\\Kebutuhan Final Project\\SHP\\UTM\\commercial utm.shp" }, "geometry": { "type": "Point", "coordinates": [ 110.379420900000014, -7.7815735 ] } },
{ "type": "Feature", "properties": { "fid": 348.0, "osm_id": 9200943211.0, "osm_type": "nodes", "amenity": "restaurant", "name": "Kebab Bosman", "layer": "commercial utm", "path": "D:\\geomapid\\Kebutuhan Final Project\\SHP\\UTM\\commercial utm.shp" }, "geometry": { "type": "Point", "coordinates": [ 110.379017, -7.7850401 ] } },
{ "type": "Feature", "properties": { "fid": 349.0, "osm_id": 9194548224.0, "osm_type": "nodes", "amenity": null, "name": "Putra Sehat", "layer": "commercial utm", "path": "D:\\geomapid\\Kebutuhan Final Project\\SHP\\UTM\\commercial utm.shp" }, "geometry": { "type": "Point", "coordinates": [ 110.3790882, -7.7845538 ] } },
{ "type": "Feature", "properties": { "fid": 350.0, "osm_id": 7868743427.0, "osm_type": "nodes", "amenity": "restaurant", "name": "Warung Nasi dan Mie Ayam Obar-abir", "layer": "commercial utm", "path": "D:\\geomapid\\Kebutuhan Final Project\\SHP\\UTM\\commercial utm.shp" }, "geometry": { "type": "Point", "coordinates": [ 110.3786392, -7.787488 ] } },
{ "type": "Feature", "properties": { "fid": 351.0, "osm_id": 9181045365.0, "osm_type": "nodes", "amenity": "restaurant", "name": "Angkringan Barokah", "layer": "commercial utm", "path": "D:\\geomapid\\Kebutuhan Final Project\\SHP\\UTM\\commercial utm.shp" }, "geometry": { "type": "Point", "coordinates": [ 110.37854, -7.7882815 ] } },
{ "type": "Feature", "properties": { "fid": 352.0, "osm_id": 9181045366.0, "osm_type": "nodes", "amenity": null, "name": "Bimbingan Belajar Indonesia Smart", "layer": "commercial utm", "path": "D:\\geomapid\\Kebutuhan Final Project\\SHP\\UTM\\commercial utm.shp" }, "geometry": { "type": "Point", "coordinates": [ 110.3804476, -7.7881937 ] } },
{ "type": "Feature", "properties": { "fid": 353.0, "osm_id": 9211123694.0, "osm_type": "nodes", "amenity": null, "name": "Arnez", "layer": "commercial utm", "path": "D:\\geomapid\\Kebutuhan Final Project\\SHP\\UTM\\commercial utm.shp" }, "geometry": { "type": "Point", "coordinates": [ 110.3793211, -7.7832128 ] } },
{ "type": "Feature", "properties": { "fid": 354.0, "osm_id": 9217234774.0, "osm_type": "nodes", "amenity": "restaurant", "name": "Ka Story", "layer": "commercial utm", "path": "D:\\geomapid\\Kebutuhan Final Project\\SHP\\UTM\\commercial utm.shp" }, "geometry": { "type": "Point", "coordinates": [ 110.3793919, -7.7825159 ] } },
{ "type": "Feature", "properties": { "fid": 355.0, "osm_id": 9217234779.0, "osm_type": "nodes", "amenity": "restaurant", "name": "Mikuya", "layer": "commercial utm", "path": "D:\\geomapid\\Kebutuhan Final Project\\SHP\\UTM\\commercial utm.shp" }, "geometry": { "type": "Point", "coordinates": [ 110.3793968, -7.782423 ] } },
{ "type": "Feature", "properties": { "fid": 356.0, "osm_id": 10300254063.0, "osm_type": "nodes", "amenity": "cafe", "name": "Mixue", "layer": "commercial utm", "path": "D:\\geomapid\\Kebutuhan Final Project\\SHP\\UTM\\commercial utm.shp" }, "geometry": { "type": "Point", "coordinates": [ 110.38078160000002, -7.7831038 ] } },
{ "type": "Feature", "properties": { "fid": 357.0, "osm_id": 11868405365.0, "osm_type": "nodes", "amenity": null, "name": "Batik Enom", "layer": "commercial utm", "path": "D:\\geomapid\\Kebutuhan Final Project\\SHP\\UTM\\commercial utm.shp" }, "geometry": { "type": "Point", "coordinates": [ 110.3791004, -7.7813195 ] } },
{ "type": "Feature", "properties": { "fid": 358.0, "osm_id": 13258197312.0, "osm_type": "nodes", "amenity": null, "name": "Corpora Science, Yogyakarta", "layer": "commercial utm", "path": "D:\\geomapid\\Kebutuhan Final Project\\SHP\\UTM\\commercial utm.shp" }, "geometry": { "type": "Point", "coordinates": [ 110.3796606, -7.7786825 ] } },
{ "type": "Feature", "properties": { "fid": 359.0, "osm_id": 14072218501.0, "osm_type": "nodes", "amenity": "restaurant", "name": "Warung Sorwit", "layer": "commercial utm", "path": "D:\\geomapid\\Kebutuhan Final Project\\SHP\\UTM\\commercial utm.shp" }, "geometry": { "type": "Point", "coordinates": [ 110.378718, -7.7871271 ] } },
{ "type": "Feature", "properties": { "fid": 360.0, "osm_id": 4437071889.0, "osm_type": "nodes", "amenity": null, "name": "Casa de Vicky Nono", "layer": "commercial utm", "path": "D:\\geomapid\\Kebutuhan Final Project\\SHP\\UTM\\commercial utm.shp" }, "geometry": { "type": "Point", "coordinates": [ 110.3569811, -7.8241208 ] } },
{ "type": "Feature", "properties": { "fid": 361.0, "osm_id": 3584894395.0, "osm_type": "nodes", "amenity": null, "name": "Toko Pancing SETIA", "layer": "commercial utm", "path": "D:\\geomapid\\Kebutuhan Final Project\\SHP\\UTM\\commercial utm.shp" }, "geometry": { "type": "Point", "coordinates": [ 110.3547014, -7.8240191 ] } },
{ "type": "Feature", "properties": { "fid": 362.0, "osm_id": 3584926493.0, "osm_type": "nodes", "amenity": null, "name": "Damai Indah", "layer": "commercial utm", "path": "D:\\geomapid\\Kebutuhan Final Project\\SHP\\UTM\\commercial utm.shp" }, "geometry": { "type": "Point", "coordinates": [ 110.3548737, -7.8225441 ] } },
{ "type": "Feature", "properties": { "fid": 363.0, "osm_id": 5800479656.0, "osm_type": "nodes", "amenity": "restaurant", "name": "Calzone Express", "layer": "commercial utm", "path": "D:\\geomapid\\Kebutuhan Final Project\\SHP\\UTM\\commercial utm.shp" }, "geometry": { "type": "Point", "coordinates": [ 110.3557469, -7.8195082 ] } },
{ "type": "Feature", "properties": { "fid": 364.0, "osm_id": 5814850753.0, "osm_type": "nodes", "amenity": "restaurant", "name": "Warung Acil Soto Banjar", "layer": "commercial utm", "path": "D:\\geomapid\\Kebutuhan Final Project\\SHP\\UTM\\commercial utm.shp" }, "geometry": { "type": "Point", "coordinates": [ 110.3550861, -7.8232689 ] } },
{ "type": "Feature", "properties": { "fid": 365.0, "osm_id": 13608013458.0, "osm_type": "nodes", "amenity": null, "name": "KADIN Kota Yogyakarta", "layer": "commercial utm", "path": "D:\\geomapid\\Kebutuhan Final Project\\SHP\\UTM\\commercial utm.shp" }, "geometry": { "type": "Point", "coordinates": [ 110.3777424, -7.806938699999988 ] } },
{ "type": "Feature", "properties": { "fid": 366.0, "osm_id": 4755815022.0, "osm_type": "nodes", "amenity": null, "name": "Asrama Lamandau", "layer": "commercial utm", "path": "D:\\geomapid\\Kebutuhan Final Project\\SHP\\UTM\\commercial utm.shp" }, "geometry": { "type": "Point", "coordinates": [ 110.3808299, -7.8100077 ] } },
{ "type": "Feature", "properties": { "fid": 367.0, "osm_id": 4782416223.0, "osm_type": "nodes", "amenity": null, "name": "Eclipse hotel", "layer": "commercial utm", "path": "D:\\geomapid\\Kebutuhan Final Project\\SHP\\UTM\\commercial utm.shp" }, "geometry": { "type": "Point", "coordinates": [ 110.3720421, -7.8190907 ] } },
{ "type": "Feature", "properties": { "fid": 368.0, "osm_id": 4936351521.0, "osm_type": "nodes", "amenity": null, "name": "Dewaruci 2 hotel", "layer": "commercial utm", "path": "D:\\geomapid\\Kebutuhan Final Project\\SHP\\UTM\\commercial utm.shp" }, "geometry": { "type": "Point", "coordinates": [ 110.3898757, -7.8283706 ] } },
{ "type": "Feature", "properties": { "fid": 369.0, "osm_id": 5315171725.0, "osm_type": "nodes", "amenity": null, "name": "Agung Inn", "layer": "commercial utm", "path": "D:\\geomapid\\Kebutuhan Final Project\\SHP\\UTM\\commercial utm.shp" }, "geometry": { "type": "Point", "coordinates": [ 110.371549, -7.81937920000001 ] } },
{ "type": "Feature", "properties": { "fid": 370.0, "osm_id": 5583703625.0, "osm_type": "nodes", "amenity": null, "name": "Dava Barbershop", "layer": "commercial utm", "path": "D:\\geomapid\\Kebutuhan Final Project\\SHP\\UTM\\commercial utm.shp" }, "geometry": { "type": "Point", "coordinates": [ 110.3732224, -7.8190501 ] } },
{ "type": "Feature", "properties": { "fid": 371.0, "osm_id": 5583703626.0, "osm_type": "nodes", "amenity": null, "name": "Cherry Pet Shop", "layer": "commercial utm", "path": "D:\\geomapid\\Kebutuhan Final Project\\SHP\\UTM\\commercial utm.shp" }, "geometry": { "type": "Point", "coordinates": [ 110.3732009, -7.8186746 ] } },
{ "type": "Feature", "properties": { "fid": 372.0, "osm_id": 5583703722.0, "osm_type": "nodes", "amenity": null, "name": "Laundry service", "layer": "commercial utm", "path": "D:\\geomapid\\Kebutuhan Final Project\\SHP\\UTM\\commercial utm.shp" }, "geometry": { "type": "Point", "coordinates": [ 110.3732047, -7.8202279 ] } },
{ "type": "Feature", "properties": { "fid": 373.0, "osm_id": 5583703723.0, "osm_type": "nodes", "amenity": null, "name": "Laundry", "layer": "commercial utm", "path": "D:\\geomapid\\Kebutuhan Final Project\\SHP\\UTM\\commercial utm.shp" }, "geometry": { "type": "Point", "coordinates": [ 110.3732047, -7.8189236 ] } },
{ "type": "Feature", "properties": { "fid": 374.0, "osm_id": 5583704721.0, "osm_type": "nodes", "amenity": null, "name": "Laundry", "layer": "commercial utm", "path": "D:\\geomapid\\Kebutuhan Final Project\\SHP\\UTM\\commercial utm.shp" }, "geometry": { "type": "Point", "coordinates": [ 110.3732176, -7.8191969 ] } },
{ "type": "Feature", "properties": { "fid": 375.0, "osm_id": 5583705821.0, "osm_type": "nodes", "amenity": "restaurant", "name": "Cungky's", "layer": "commercial utm", "path": "D:\\geomapid\\Kebutuhan Final Project\\SHP\\UTM\\commercial utm.shp" }, "geometry": { "type": "Point", "coordinates": [ 110.372961, -7.8195091 ] } },
{ "type": "Feature", "properties": { "fid": 376.0, "osm_id": 5600977921.0, "osm_type": "nodes", "amenity": "restaurant", "name": "Gudeg Pawon", "layer": "commercial utm", "path": "D:\\geomapid\\Kebutuhan Final Project\\SHP\\UTM\\commercial utm.shp" }, "geometry": { "type": "Point", "coordinates": [ 110.3902995, -7.8057242 ] } },
{ "type": "Feature", "properties": { "fid": 377.0, "osm_id": 5601280822.0, "osm_type": "nodes", "amenity": "restaurant", "name": "Gudeg Pawon", "layer": "commercial utm", "path": "D:\\geomapid\\Kebutuhan Final Project\\SHP\\UTM\\commercial utm.shp" }, "geometry": { "type": "Point", "coordinates": [ 110.3901282, -7.8056513 ] } },
{ "type": "Feature", "properties": { "fid": 378.0, "osm_id": 5813593353.0, "osm_type": "nodes", "amenity": "cafe", "name": "Maison Daruma", "layer": "commercial utm", "path": "D:\\geomapid\\Kebutuhan Final Project\\SHP\\UTM\\commercial utm.shp" }, "geometry": { "type": "Point", "coordinates": [ 110.3926953, -7.7977161 ] } },
{ "type": "Feature", "properties": { "fid": 379.0, "osm_id": 5837800087.0, "osm_type": "nodes", "amenity": "restaurant", "name": "warung sate ayam “pak kromo” (chicken satay)", "layer": "commercial utm", "path": "D:\\geomapid\\Kebutuhan Final Project\\SHP\\UTM\\commercial utm.shp" }, "geometry": { "type": "Point", "coordinates": [ 110.3753559, -7.8016386 ] } },
{ "type": "Feature", "properties": { "fid": 380.0, "osm_id": 5837800088.0, "osm_type": "nodes", "amenity": "fast_food", "name": "Food court", "layer": "commercial utm", "path": "D:\\geomapid\\Kebutuhan Final Project\\SHP\\UTM\\commercial utm.shp" }, "geometry": { "type": "Point", "coordinates": [ 110.3767454, -7.8014069 ] } },
{ "type": "Feature", "properties": { "fid": 381.0, "osm_id": 6222513385.0, "osm_type": "nodes", "amenity": null, "name": "Sambras Computech", "layer": "commercial utm", "path": "D:\\geomapid\\Kebutuhan Final Project\\SHP\\UTM\\commercial utm.shp" }, "geometry": { "type": "Point", "coordinates": [ 110.3790439, -7.8299675 ] } },
{ "type": "Feature", "properties": { "fid": 382.0, "osm_id": 6777660886.0, "osm_type": "nodes", "amenity": null, "name": "Oke Baik Hostel", "layer": "commercial utm", "path": "D:\\geomapid\\Kebutuhan Final Project\\SHP\\UTM\\commercial utm.shp" }, "geometry": { "type": "Point", "coordinates": [ 110.3718741, -7.8185007 ] } },
{ "type": "Feature", "properties": { "fid": 383.0, "osm_id": 6813348885.0, "osm_type": "nodes", "amenity": null, "name": "OK baik real location", "layer": "commercial utm", "path": "D:\\geomapid\\Kebutuhan Final Project\\SHP\\UTM\\commercial utm.shp" }, "geometry": { "type": "Point", "coordinates": [ 110.3718535, -7.8185344 ] } },
{ "type": "Feature", "properties": { "fid": 384.0, "osm_id": 9914468817.0, "osm_type": "nodes", "amenity": null, "name": "Aloha Hotel", "layer": "commercial utm", "path": "D:\\geomapid\\Kebutuhan Final Project\\SHP\\UTM\\commercial utm.shp" }, "geometry": { "type": "Point", "coordinates": [ 110.3721733, -7.8187833 ] } },
{ "type": "Feature", "properties": { "fid": 385.0, "osm_id": 10209365617.0, "osm_type": "nodes", "amenity": "fast_food", "name": "food stalls (afternoon, evening)", "layer": "commercial utm", "path": "D:\\geomapid\\Kebutuhan Final Project\\SHP\\UTM\\commercial utm.shp" }, "geometry": { "type": "Point", "coordinates": [ 110.382595, -7.8250969 ] } },
{ "type": "Feature", "properties": { "fid": 386.0, "osm_id": 11061571005.0, "osm_type": "nodes", "amenity": "restaurant", "name": "Zabunch", "layer": "commercial utm", "path": "D:\\geomapid\\Kebutuhan Final Project\\SHP\\UTM\\commercial utm.shp" }, "geometry": { "type": "Point", "coordinates": [ 110.3728174, -7.8193413 ] } },
{ "type": "Feature", "properties": { "fid": 387.0, "osm_id": 11379083770.0, "osm_type": "nodes", "amenity": null, "name": "Cailendra Hotel", "layer": "commercial utm", "path": "D:\\geomapid\\Kebutuhan Final Project\\SHP\\UTM\\commercial utm.shp" }, "geometry": { "type": "Point", "coordinates": [ 110.3777559, -7.8106012 ] } },
{ "type": "Feature", "properties": { "fid": 388.0, "osm_id": 11795374269.0, "osm_type": "nodes", "amenity": null, "name": "Villa Dora Jogja", "layer": "commercial utm", "path": "D:\\geomapid\\Kebutuhan Final Project\\SHP\\UTM\\commercial utm.shp" }, "geometry": { "type": "Point", "coordinates": [ 110.3775099, -7.8054706 ] } },
{ "type": "Feature", "properties": { "fid": 389.0, "osm_id": 12022677569.0, "osm_type": "nodes", "amenity": null, "name": "ViaVia Jogja Tour & Travel", "layer": "commercial utm", "path": "D:\\geomapid\\Kebutuhan Final Project\\SHP\\UTM\\commercial utm.shp" }, "geometry": { "type": "Point", "coordinates": [ 110.3720775, -7.8203855 ] } },
{ "type": "Feature", "properties": { "fid": 390.0, "osm_id": 12247618238.0, "osm_type": "nodes", "amenity": null, "name": "Alfamart", "layer": "commercial utm", "path": "D:\\geomapid\\Kebutuhan Final Project\\SHP\\UTM\\commercial utm.shp" }, "geometry": { "type": "Point", "coordinates": [ 110.3974879, -7.8194473 ] } },
{ "type": "Feature", "properties": { "fid": 391.0, "osm_id": 4362107101.0, "osm_type": "nodes", "amenity": null, "name": "Indomaret", "layer": "commercial utm", "path": "D:\\geomapid\\Kebutuhan Final Project\\SHP\\UTM\\commercial utm.shp" }, "geometry": { "type": "Point", "coordinates": [ 110.3730838, -7.80088550000001 ] } },
{ "type": "Feature", "properties": { "fid": 392.0, "osm_id": 8002454380.0, "osm_type": "nodes", "amenity": null, "name": "Indomaret", "layer": "commercial utm", "path": "D:\\geomapid\\Kebutuhan Final Project\\SHP\\UTM\\commercial utm.shp" }, "geometry": { "type": "Point", "coordinates": [ 110.3902953, -7.8254341 ] } },
{ "type": "Feature", "properties": { "fid": 393.0, "osm_id": 12247618235.0, "osm_type": "nodes", "amenity": null, "name": "Indomaret", "layer": "commercial utm", "path": "D:\\geomapid\\Kebutuhan Final Project\\SHP\\UTM\\commercial utm.shp" }, "geometry": { "type": "Point", "coordinates": [ 110.401861700000012, -7.8123073 ] } },
{ "type": "Feature", "properties": { "fid": 394.0, "osm_id": 12247618237.0, "osm_type": "nodes", "amenity": null, "name": "Indomaret", "layer": "commercial utm", "path": "D:\\geomapid\\Kebutuhan Final Project\\SHP\\UTM\\commercial utm.shp" }, "geometry": { "type": "Point", "coordinates": [ 110.4014738, -7.8193969 ] } },
{ "type": "Feature", "properties": { "fid": 395.0, "osm_id": 12805713493.0, "osm_type": "nodes", "amenity": null, "name": "Indomaret", "layer": "commercial utm", "path": "D:\\geomapid\\Kebutuhan Final Project\\SHP\\UTM\\commercial utm.shp" }, "geometry": { "type": "Point", "coordinates": [ 110.3910146, -7.8160915 ] } },
{ "type": "Feature", "properties": { "fid": 396.0, "osm_id": 12805713495.0, "osm_type": "nodes", "amenity": null, "name": "Indomaret", "layer": "commercial utm", "path": "D:\\geomapid\\Kebutuhan Final Project\\SHP\\UTM\\commercial utm.shp" }, "geometry": { "type": "Point", "coordinates": [ 110.3884972, -7.8118053 ] } },
{ "type": "Feature", "properties": { "fid": 397.0, "osm_id": 12805713496.0, "osm_type": "nodes", "amenity": null, "name": "Indomaret", "layer": "commercial utm", "path": "D:\\geomapid\\Kebutuhan Final Project\\SHP\\UTM\\commercial utm.shp" }, "geometry": { "type": "Point", "coordinates": [ 110.3875992, -7.808104 ] } },
{ "type": "Feature", "properties": { "fid": 398.0, "osm_id": 12805713497.0, "osm_type": "nodes", "amenity": null, "name": "Indomaret", "layer": "commercial utm", "path": "D:\\geomapid\\Kebutuhan Final Project\\SHP\\UTM\\commercial utm.shp" }, "geometry": { "type": "Point", "coordinates": [ 110.3890254, -7.8030994 ] } },
{ "type": "Feature", "properties": { "fid": 399.0, "osm_id": 12805713498.0, "osm_type": "nodes", "amenity": null, "name": "Indomaret", "layer": "commercial utm", "path": "D:\\geomapid\\Kebutuhan Final Project\\SHP\\UTM\\commercial utm.shp" }, "geometry": { "type": "Point", "coordinates": [ 110.3896248, -7.8018265 ] } },
{ "type": "Feature", "properties": { "fid": 400.0, "osm_id": 12805713499.0, "osm_type": "nodes", "amenity": null, "name": "Indomaret", "layer": "commercial utm", "path": "D:\\geomapid\\Kebutuhan Final Project\\SHP\\UTM\\commercial utm.shp" }, "geometry": { "type": "Point", "coordinates": [ 110.3949802, -7.8037648 ] } },
{ "type": "Feature", "properties": { "fid": 401.0, "osm_id": 12805798908.0, "osm_type": "nodes", "amenity": null, "name": "Indomaret", "layer": "commercial utm", "path": "D:\\geomapid\\Kebutuhan Final Project\\SHP\\UTM\\commercial utm.shp" }, "geometry": { "type": "Point", "coordinates": [ 110.3813324, -7.8162861 ] } },
{ "type": "Feature", "properties": { "fid": 402.0, "osm_id": 12805798909.0, "osm_type": "nodes", "amenity": null, "name": "Indomaret", "layer": "commercial utm", "path": "D:\\geomapid\\Kebutuhan Final Project\\SHP\\UTM\\commercial utm.shp" }, "geometry": { "type": "Point", "coordinates": [ 110.3828751, -7.8132603 ] } },
{ "type": "Feature", "properties": { "fid": 403.0, "osm_id": 591450980.0, "osm_type": "nodes", "amenity": null, "name": "Museum Perjuangan Yogyakarta", "layer": "commercial utm", "path": "D:\\geomapid\\Kebutuhan Final Project\\SHP\\UTM\\commercial utm.shp" }, "geometry": { "type": "Point", "coordinates": [ 110.3718671, -7.8164513 ] } },
{ "type": "Feature", "properties": { "fid": 404.0, "osm_id": 13800427716.0, "osm_type": "nodes", "amenity": "restaurant", "name": "Bakmi Jowo Mbah Gito", "layer": "commercial utm", "path": "D:\\geomapid\\Kebutuhan Final Project\\SHP\\UTM\\commercial utm.shp" }, "geometry": { "type": "Point", "coordinates": [ 110.3971573, -7.8132945 ] } },
{ "type": "Feature", "properties": { "fid": 405.0, "osm_id": 13830733720.0, "osm_type": "nodes", "amenity": "cafe", "name": "WZONE (Gym & Cafe)", "layer": "commercial utm", "path": "D:\\geomapid\\Kebutuhan Final Project\\SHP\\UTM\\commercial utm.shp" }, "geometry": { "type": "Point", "coordinates": [ 110.3859337, -7.8164264 ] } },
{ "type": "Feature", "properties": { "fid": 406.0, "osm_id": 11799128871.0, "osm_type": "nodes", "amenity": null, "name": "SAARAH Day Spa", "layer": "commercial utm", "path": "D:\\geomapid\\Kebutuhan Final Project\\SHP\\UTM\\commercial utm.shp" }, "geometry": { "type": "Point", "coordinates": [ 110.372556, -7.8193145 ] } },
{ "type": "Feature", "properties": { "fid": 407.0, "osm_id": 13001394637.0, "osm_type": "nodes", "amenity": null, "name": "Fotocopy Lazizah", "layer": "commercial utm", "path": "D:\\geomapid\\Kebutuhan Final Project\\SHP\\UTM\\commercial utm.shp" }, "geometry": { "type": "Point", "coordinates": [ 110.3727397, -7.7966989 ] } },
{ "type": "Feature", "properties": { "fid": 408.0, "osm_id": 12805798902.0, "osm_type": "nodes", "amenity": null, "name": "Indomaret", "layer": "commercial utm", "path": "D:\\geomapid\\Kebutuhan Final Project\\SHP\\UTM\\commercial utm.shp" }, "geometry": { "type": "Point", "coordinates": [ 110.3936511, -7.7901344 ] } },
{ "type": "Feature", "properties": { "fid": 409.0, "osm_id": 4756181021.0, "osm_type": "nodes", "amenity": null, "name": "Ruang Mes 56", "layer": "commercial utm", "path": "D:\\geomapid\\Kebutuhan Final Project\\SHP\\UTM\\commercial utm.shp" }, "geometry": { "type": "Point", "coordinates": [ 110.3668668, -7.8215003 ] } },
{ "type": "Feature", "properties": { "fid": 410.0, "osm_id": 4763543321.0, "osm_type": "nodes", "amenity": "restaurant", "name": "Holyland Warung", "layer": "commercial utm", "path": "D:\\geomapid\\Kebutuhan Final Project\\SHP\\UTM\\commercial utm.shp" }, "geometry": { "type": "Point", "coordinates": [ 110.3622622, -7.8002269 ] } },
{ "type": "Feature", "properties": { "fid": 411.0, "osm_id": 4796530222.0, "osm_type": "nodes", "amenity": "cafe", "name": "Alun Alun Cafe", "layer": "commercial utm", "path": "D:\\geomapid\\Kebutuhan Final Project\\SHP\\UTM\\commercial utm.shp" }, "geometry": { "type": "Point", "coordinates": [ 110.3650558, -7.8118304 ] } },
{ "type": "Feature", "properties": { "fid": 412.0, "osm_id": 4819918121.0, "osm_type": "nodes", "amenity": null, "name": "Boma House", "layer": "commercial utm", "path": "D:\\geomapid\\Kebutuhan Final Project\\SHP\\UTM\\commercial utm.shp" }, "geometry": { "type": "Point", "coordinates": [ 110.349124, -7.8053983 ] } },
{ "type": "Feature", "properties": { "fid": 413.0, "osm_id": 4848519921.0, "osm_type": "nodes", "amenity": null, "name": "Day Trans", "layer": "commercial utm", "path": "D:\\geomapid\\Kebutuhan Final Project\\SHP\\UTM\\commercial utm.shp" }, "geometry": { "type": "Point", "coordinates": [ 110.3627298, -7.8140878 ] } },
{ "type": "Feature", "properties": { "fid": 414.0, "osm_id": 4861455721.0, "osm_type": "nodes", "amenity": null, "name": "Kencana Fashion, Metro Bringharjo", "layer": "commercial utm", "path": "D:\\geomapid\\Kebutuhan Final Project\\SHP\\UTM\\commercial utm.shp" }, "geometry": { "type": "Point", "coordinates": [ 110.366441800000018, -7.7987544 ] } },
{ "type": "Feature", "properties": { "fid": 415.0, "osm_id": 4940665021.0, "osm_type": "nodes", "amenity": null, "name": "Cs", "layer": "commercial utm", "path": "D:\\geomapid\\Kebutuhan Final Project\\SHP\\UTM\\commercial utm.shp" }, "geometry": { "type": "Point", "coordinates": [ 110.3662781, -7.8207172 ] } },
{ "type": "Feature", "properties": { "fid": 416.0, "osm_id": 4969488322.0, "osm_type": "nodes", "amenity": null, "name": "Kalpiko Batik course", "layer": "commercial utm", "path": "D:\\geomapid\\Kebutuhan Final Project\\SHP\\UTM\\commercial utm.shp" }, "geometry": { "type": "Point", "coordinates": [ 110.359279, -7.8080269 ] } },
{ "type": "Feature", "properties": { "fid": 417.0, "osm_id": 4975341823.0, "osm_type": "nodes", "amenity": null, "name": "3DI Backpacker Guesthouse", "layer": "commercial utm", "path": "D:\\geomapid\\Kebutuhan Final Project\\SHP\\UTM\\commercial utm.shp" }, "geometry": { "type": "Point", "coordinates": [ 110.3641881, -7.8199975 ] } },
{ "type": "Feature", "properties": { "fid": 418.0, "osm_id": 5117049921.0, "osm_type": "nodes", "amenity": null, "name": "Batik Blontang", "layer": "commercial utm", "path": "D:\\geomapid\\Kebutuhan Final Project\\SHP\\UTM\\commercial utm.shp" }, "geometry": { "type": "Point", "coordinates": [ 110.3587904, -7.8104331 ] } },
{ "type": "Feature", "properties": { "fid": 419.0, "osm_id": 5249041422.0, "osm_type": "nodes", "amenity": null, "name": "Arjuna Homestay", "layer": "commercial utm", "path": "D:\\geomapid\\Kebutuhan Final Project\\SHP\\UTM\\commercial utm.shp" }, "geometry": { "type": "Point", "coordinates": [ 110.3664794, -7.8218757 ] } },
{ "type": "Feature", "properties": { "fid": 420.0, "osm_id": 5249041423.0, "osm_type": "nodes", "amenity": "restaurant", "name": "Arjuna Restaurant", "layer": "commercial utm", "path": "D:\\geomapid\\Kebutuhan Final Project\\SHP\\UTM\\commercial utm.shp" }, "geometry": { "type": "Point", "coordinates": [ 110.366469900000013, -7.8218252 ] } },
{ "type": "Feature", "properties": { "fid": 421.0, "osm_id": 5281978922.0, "osm_type": "nodes", "amenity": "restaurant", "name": "Gudeg Yu Djum", "layer": "commercial utm", "path": "D:\\geomapid\\Kebutuhan Final Project\\SHP\\UTM\\commercial utm.shp" }, "geometry": { "type": "Point", "coordinates": [ 110.3667957, -7.8045233 ] } },
{ "type": "Feature", "properties": { "fid": 422.0, "osm_id": 5325463323.0, "osm_type": "nodes", "amenity": null, "name": "Villa Pondok Terra", "layer": "commercial utm", "path": "D:\\geomapid\\Kebutuhan Final Project\\SHP\\UTM\\commercial utm.shp" }, "geometry": { "type": "Point", "coordinates": [ 110.3655112, -7.8171153 ] } },
{ "type": "Feature", "properties": { "fid": 423.0, "osm_id": 5369895821.0, "osm_type": "nodes", "amenity": null, "name": "cozy nest hostel", "layer": "commercial utm", "path": "D:\\geomapid\\Kebutuhan Final Project\\SHP\\UTM\\commercial utm.shp" }, "geometry": { "type": "Point", "coordinates": [ 110.364669600000013, -7.8123926 ] } },
{ "type": "Feature", "properties": { "fid": 424.0, "osm_id": 5374661825.0, "osm_type": "nodes", "amenity": null, "name": "Cozy Nest Hostel Yogyakarta", "layer": "commercial utm", "path": "D:\\geomapid\\Kebutuhan Final Project\\SHP\\UTM\\commercial utm.shp" }, "geometry": { "type": "Point", "coordinates": [ 110.3646692, -7.8124774 ] } },
{ "type": "Feature", "properties": { "fid": 425.0, "osm_id": 5447395339.0, "osm_type": "nodes", "amenity": "restaurant", "name": "Gudeg Ibu Widodo", "layer": "commercial utm", "path": "D:\\geomapid\\Kebutuhan Final Project\\SHP\\UTM\\commercial utm.shp" }, "geometry": { "type": "Point", "coordinates": [ 110.366775, -7.8042445 ] } },
{ "type": "Feature", "properties": { "fid": 426.0, "osm_id": 5502583721.0, "osm_type": "nodes", "amenity": "cafe", "name": "Raden Susu", "layer": "commercial utm", "path": "D:\\geomapid\\Kebutuhan Final Project\\SHP\\UTM\\commercial utm.shp" }, "geometry": { "type": "Point", "coordinates": [ 110.359174, -7.8078578 ] } },
{ "type": "Feature", "properties": { "fid": 427.0, "osm_id": 5530317474.0, "osm_type": "nodes", "amenity": null, "name": "GG Laundry", "layer": "commercial utm", "path": "D:\\geomapid\\Kebutuhan Final Project\\SHP\\UTM\\commercial utm.shp" }, "geometry": { "type": "Point", "coordinates": [ 110.365185600000018, -7.8155194 ] } },
{ "type": "Feature", "properties": { "fid": 428.0, "osm_id": 5554905151.0, "osm_type": "nodes", "amenity": "restaurant", "name": "Bakmi Jawa Pak Rebo", "layer": "commercial utm", "path": "D:\\geomapid\\Kebutuhan Final Project\\SHP\\UTM\\commercial utm.shp" }, "geometry": { "type": "Point", "coordinates": [ 110.3689812, -7.8122911 ] } },
{ "type": "Feature", "properties": { "fid": 429.0, "osm_id": 5559366222.0, "osm_type": "nodes", "amenity": "restaurant", "name": "Dapur El", "layer": "commercial utm", "path": "D:\\geomapid\\Kebutuhan Final Project\\SHP\\UTM\\commercial utm.shp" }, "geometry": { "type": "Point", "coordinates": [ 110.3679259, -7.8212135 ] } },
{ "type": "Feature", "properties": { "fid": 430.0, "osm_id": 5583703725.0, "osm_type": "nodes", "amenity": "fast_food", "name": "Thai Tea kiosk", "layer": "commercial utm", "path": "D:\\geomapid\\Kebutuhan Final Project\\SHP\\UTM\\commercial utm.shp" }, "geometry": { "type": "Point", "coordinates": [ 110.3681399, -7.8180056 ] } },
{ "type": "Feature", "properties": { "fid": 431.0, "osm_id": 5583704725.0, "osm_type": "nodes", "amenity": null, "name": "Barber Shop", "layer": "commercial utm", "path": "D:\\geomapid\\Kebutuhan Final Project\\SHP\\UTM\\commercial utm.shp" }, "geometry": { "type": "Point", "coordinates": [ 110.3681186, -7.8182436 ] } },
{ "type": "Feature", "properties": { "fid": 432.0, "osm_id": 5595942622.0, "osm_type": "nodes", "amenity": null, "name": "Hotel Pulung", "layer": "commercial utm", "path": "D:\\geomapid\\Kebutuhan Final Project\\SHP\\UTM\\commercial utm.shp" }, "geometry": { "type": "Point", "coordinates": [ 110.3675472, -7.8197883 ] } },
{ "type": "Feature", "properties": { "fid": 433.0, "osm_id": 5595948421.0, "osm_type": "nodes", "amenity": "cafe", "name": "Believe Coffee", "layer": "commercial utm", "path": "D:\\geomapid\\Kebutuhan Final Project\\SHP\\UTM\\commercial utm.shp" }, "geometry": { "type": "Point", "coordinates": [ 110.3674541, -7.8197785 ] } },
{ "type": "Feature", "properties": { "fid": 434.0, "osm_id": 5601280821.0, "osm_type": "nodes", "amenity": "restaurant", "name": "Bakmi Jawa Pak Rebo", "layer": "commercial utm", "path": "D:\\geomapid\\Kebutuhan Final Project\\SHP\\UTM\\commercial utm.shp" }, "geometry": { "type": "Point", "coordinates": [ 110.36899, -7.8121665 ] } },
{ "type": "Feature", "properties": { "fid": 435.0, "osm_id": 5601281021.0, "osm_type": "nodes", "amenity": "cafe", "name": "Java Juice", "layer": "commercial utm", "path": "D:\\geomapid\\Kebutuhan Final Project\\SHP\\UTM\\commercial utm.shp" }, "geometry": { "type": "Point", "coordinates": [ 110.36031, -7.8066245 ] } },
{ "type": "Feature", "properties": { "fid": 436.0, "osm_id": 5604525422.0, "osm_type": "nodes", "amenity": "cafe", "name": "Pako Coffee", "layer": "commercial utm", "path": "D:\\geomapid\\Kebutuhan Final Project\\SHP\\UTM\\commercial utm.shp" }, "geometry": { "type": "Point", "coordinates": [ 110.3626498, -7.8148959 ] } },
{ "type": "Feature", "properties": { "fid": 437.0, "osm_id": 5748187721.0, "osm_type": "nodes", "amenity": "restaurant", "name": "Gudeg yu Djum", "layer": "commercial utm", "path": "D:\\geomapid\\Kebutuhan Final Project\\SHP\\UTM\\commercial utm.shp" }, "geometry": { "type": "Point", "coordinates": [ 110.3661371, -7.8146485 ] } },
{ "type": "Feature", "properties": { "fid": 438.0, "osm_id": 5776814253.0, "osm_type": "nodes", "amenity": null, "name": "Griya shiatsu", "layer": "commercial utm", "path": "D:\\geomapid\\Kebutuhan Final Project\\SHP\\UTM\\commercial utm.shp" }, "geometry": { "type": "Point", "coordinates": [ 110.3698858, -7.8014386 ] } },
{ "type": "Feature", "properties": { "fid": 439.0, "osm_id": 5801382155.0, "osm_type": "nodes", "amenity": "restaurant", "name": "Warung Cak Sule", "layer": "commercial utm", "path": "D:\\geomapid\\Kebutuhan Final Project\\SHP\\UTM\\commercial utm.shp" }, "geometry": { "type": "Point", "coordinates": [ 110.3682068, -7.8173297 ] } },
{ "type": "Feature", "properties": { "fid": 440.0, "osm_id": 5812394454.0, "osm_type": "nodes", "amenity": "restaurant", "name": "Fruit Stand", "layer": "commercial utm", "path": "D:\\geomapid\\Kebutuhan Final Project\\SHP\\UTM\\commercial utm.shp" }, "geometry": { "type": "Point", "coordinates": [ 110.3552267, -7.8222012 ] } },
{ "type": "Feature", "properties": { "fid": 441.0, "osm_id": 5838319686.0, "osm_type": "nodes", "amenity": null, "name": "nDalem Gamelan", "layer": "commercial utm", "path": "D:\\geomapid\\Kebutuhan Final Project\\SHP\\UTM\\commercial utm.shp" }, "geometry": { "type": "Point", "coordinates": [ 110.3664476, -7.8101354 ] } },
{ "type": "Feature", "properties": { "fid": 442.0, "osm_id": 5893704695.0, "osm_type": "nodes", "amenity": null, "name": "Hoz Bed and breakfast", "layer": "commercial utm", "path": "D:\\geomapid\\Kebutuhan Final Project\\SHP\\UTM\\commercial utm.shp" }, "geometry": { "type": "Point", "coordinates": [ 110.355195100000017, -7.81584470000001 ] } },
{ "type": "Feature", "properties": { "fid": 443.0, "osm_id": 5927919186.0, "osm_type": "nodes", "amenity": null, "name": "Reddoorz@Mantrijeron 2", "layer": "commercial utm", "path": "D:\\geomapid\\Kebutuhan Final Project\\SHP\\UTM\\commercial utm.shp" }, "geometry": { "type": "Point", "coordinates": [ 110.3638593, -7.8159408 ] } },
{ "type": "Feature", "properties": { "fid": 444.0, "osm_id": 6035133285.0, "osm_type": "nodes", "amenity": null, "name": "Batik Winotosastro", "layer": "commercial utm", "path": "D:\\geomapid\\Kebutuhan Final Project\\SHP\\UTM\\commercial utm.shp" }, "geometry": { "type": "Point", "coordinates": [ 110.3676465, -7.8187634 ] } },
{ "type": "Feature", "properties": { "fid": 445.0, "osm_id": 6153487085.0, "osm_type": "nodes", "amenity": "restaurant", "name": "Nikmat Rasa Bakso & Mie Ayam", "layer": "commercial utm", "path": "D:\\geomapid\\Kebutuhan Final Project\\SHP\\UTM\\commercial utm.shp" }, "geometry": { "type": "Point", "coordinates": [ 110.3659595, -7.8118867 ] } },
{ "type": "Feature", "properties": { "fid": 446.0, "osm_id": 6596234985.0, "osm_type": "nodes", "amenity": null, "name": "Home@Ifa’s - Kitten", "layer": "commercial utm", "path": "D:\\geomapid\\Kebutuhan Final Project\\SHP\\UTM\\commercial utm.shp" }, "geometry": { "type": "Point", "coordinates": [ 110.3663795, -7.8081751 ] } },
{ "type": "Feature", "properties": { "fid": 447.0, "osm_id": 6774450585.0, "osm_type": "nodes", "amenity": "restaurant", "name": "Kete Muan", "layer": "commercial utm", "path": "D:\\geomapid\\Kebutuhan Final Project\\SHP\\UTM\\commercial utm.shp" }, "geometry": { "type": "Point", "coordinates": [ 110.3620464, -7.7986928 ] } },
{ "type": "Feature", "properties": { "fid": 448.0, "osm_id": 6780317586.0, "osm_type": "nodes", "amenity": "cafe", "name": "Omah Kopi Loewak", "layer": "commercial utm", "path": "D:\\geomapid\\Kebutuhan Final Project\\SHP\\UTM\\commercial utm.shp" }, "geometry": { "type": "Point", "coordinates": [ 110.362153600000013, -7.8090233 ] } },
{ "type": "Feature", "properties": { "fid": 449.0, "osm_id": 6813348785.0, "osm_type": "nodes", "amenity": "restaurant", "name": "Snack & drinks good gado gado", "layer": "commercial utm", "path": "D:\\geomapid\\Kebutuhan Final Project\\SHP\\UTM\\commercial utm.shp" }, "geometry": { "type": "Point", "coordinates": [ 110.3668978, -7.8063235 ] } },
{ "type": "Feature", "properties": { "fid": 450.0, "osm_id": 6976576585.0, "osm_type": "nodes", "amenity": "restaurant", "name": "Bakso Seleraku", "layer": "commercial utm", "path": "D:\\geomapid\\Kebutuhan Final Project\\SHP\\UTM\\commercial utm.shp" }, "geometry": { "type": "Point", "coordinates": [ 110.366693, -7.8085911 ] } },
{ "type": "Feature", "properties": { "fid": 451.0, "osm_id": 7034780385.0, "osm_type": "nodes", "amenity": null, "name": "The Kresna Hotel", "layer": "commercial utm", "path": "D:\\geomapid\\Kebutuhan Final Project\\SHP\\UTM\\commercial utm.shp" }, "geometry": { "type": "Point", "coordinates": [ 110.3620197, -7.817706 ] } },
{ "type": "Feature", "properties": { "fid": 452.0, "osm_id": 7083703385.0, "osm_type": "nodes", "amenity": "bar", "name": "Hokky Fruits & Drinks", "layer": "commercial utm", "path": "D:\\geomapid\\Kebutuhan Final Project\\SHP\\UTM\\commercial utm.shp" }, "geometry": { "type": "Point", "coordinates": [ 110.3560061, -7.8131284 ] } },
{ "type": "Feature", "properties": { "fid": 453.0, "osm_id": 7094359386.0, "osm_type": "nodes", "amenity": null, "name": "Pangestu Batik", "layer": "commercial utm", "path": "D:\\geomapid\\Kebutuhan Final Project\\SHP\\UTM\\commercial utm.shp" }, "geometry": { "type": "Point", "coordinates": [ 110.3675545, -7.8035928 ] } },
{ "type": "Feature", "properties": { "fid": 454.0, "osm_id": 7226657185.0, "osm_type": "nodes", "amenity": "restaurant", "name": "Pak Uzzan - Baksol & Mie Ayam", "layer": "commercial utm", "path": "D:\\geomapid\\Kebutuhan Final Project\\SHP\\UTM\\commercial utm.shp" }, "geometry": { "type": "Point", "coordinates": [ 110.3572531, -7.8042805 ] } },
{ "type": "Feature", "properties": { "fid": 455.0, "osm_id": 12022681469.0, "osm_type": "nodes", "amenity": "cafe", "name": "House of Chocolate Monggo & Gelato Tirtodipuran", "layer": "commercial utm", "path": "D:\\geomapid\\Kebutuhan Final Project\\SHP\\UTM\\commercial utm.shp" }, "geometry": { "type": "Point", "coordinates": [ 110.3635121, -7.8184588 ] } },
{ "type": "Feature", "properties": { "fid": 456.0, "osm_id": 12025194169.0, "osm_type": "nodes", "amenity": "restaurant", "name": "Kedai Kebun Arts, Plants & Kitchen", "layer": "commercial utm", "path": "D:\\geomapid\\Kebutuhan Final Project\\SHP\\UTM\\commercial utm.shp" }, "geometry": { "type": "Point", "coordinates": [ 110.3628179, -7.8181593 ] } },
{ "type": "Feature", "properties": { "fid": 457.0, "osm_id": 3585204026.0, "osm_type": "nodes", "amenity": null, "name": "Indomaret", "layer": "commercial utm", "path": "D:\\geomapid\\Kebutuhan Final Project\\SHP\\UTM\\commercial utm.shp" }, "geometry": { "type": "Point", "coordinates": [ 110.3556731, -7.8177931 ] } },
{ "type": "Feature", "properties": { "fid": 458.0, "osm_id": 4063417183.0, "osm_type": "nodes", "amenity": null, "name": "Indomaret", "layer": "commercial utm", "path": "D:\\geomapid\\Kebutuhan Final Project\\SHP\\UTM\\commercial utm.shp" }, "geometry": { "type": "Point", "coordinates": [ 110.3615526, -7.8222976 ] } },
{ "type": "Feature", "properties": { "fid": 459.0, "osm_id": 4742935143.0, "osm_type": "nodes", "amenity": null, "name": "Indomaret", "layer": "commercial utm", "path": "D:\\geomapid\\Kebutuhan Final Project\\SHP\\UTM\\commercial utm.shp" }, "geometry": { "type": "Point", "coordinates": [ 110.3685103, -7.8159518 ] } },
{ "type": "Feature", "properties": { "fid": 460.0, "osm_id": 4799168224.0, "osm_type": "nodes", "amenity": null, "name": "Indomaret", "layer": "commercial utm", "path": "D:\\geomapid\\Kebutuhan Final Project\\SHP\\UTM\\commercial utm.shp" }, "geometry": { "type": "Point", "coordinates": [ 110.3509313, -7.8045454 ] } },
{ "type": "Feature", "properties": { "fid": 461.0, "osm_id": 5729356101.0, "osm_type": "nodes", "amenity": null, "name": "Indomaret", "layer": "commercial utm", "path": "D:\\geomapid\\Kebutuhan Final Project\\SHP\\UTM\\commercial utm.shp" }, "geometry": { "type": "Point", "coordinates": [ 110.3693323, -7.8072937 ] } },
{ "type": "Feature", "properties": { "fid": 462.0, "osm_id": 11554843346.0, "osm_type": "nodes", "amenity": null, "name": "Indomaret", "layer": "commercial utm", "path": "D:\\geomapid\\Kebutuhan Final Project\\SHP\\UTM\\commercial utm.shp" }, "geometry": { "type": "Point", "coordinates": [ 110.3619855, -7.7979606 ] } },
{ "type": "Feature", "properties": { "fid": 463.0, "osm_id": 11554854551.0, "osm_type": "nodes", "amenity": null, "name": "Indomaret", "layer": "commercial utm", "path": "D:\\geomapid\\Kebutuhan Final Project\\SHP\\UTM\\commercial utm.shp" }, "geometry": { "type": "Point", "coordinates": [ 110.3485656, -7.8007615 ] } },
{ "type": "Feature", "properties": { "fid": 464.0, "osm_id": 3487503062.0, "osm_type": "nodes", "amenity": null, "name": "Circle K", "layer": "commercial utm", "path": "D:\\geomapid\\Kebutuhan Final Project\\SHP\\UTM\\commercial utm.shp" }, "geometry": { "type": "Point", "coordinates": [ 110.3679047, -7.8210708 ] } },
{ "type": "Feature", "properties": { "fid": 465.0, "osm_id": 6596889692.0, "osm_type": "nodes", "amenity": null, "name": "Taman Sari Water Castle", "layer": "commercial utm", "path": "D:\\geomapid\\Kebutuhan Final Project\\SHP\\UTM\\commercial utm.shp" }, "geometry": { "type": "Point", "coordinates": [ 110.3592071, -7.8100524 ] } },
{ "type": "Feature", "properties": { "fid": 466.0, "osm_id": 12811204496.0, "osm_type": "nodes", "amenity": "restaurant", "name": "Gudeg Yu Djum", "layer": "commercial utm", "path": "D:\\geomapid\\Kebutuhan Final Project\\SHP\\UTM\\commercial utm.shp" }, "geometry": { "type": "Point", "coordinates": [ 110.366767, -7.8045266 ] } },
{ "type": "Feature", "properties": { "fid": 467.0, "osm_id": 5738157722.0, "osm_type": "nodes", "amenity": null, "name": "Trava House", "layer": "commercial utm", "path": "D:\\geomapid\\Kebutuhan Final Project\\SHP\\UTM\\commercial utm.shp" }, "geometry": { "type": "Point", "coordinates": [ 110.364912, -7.8150881 ] } },
{ "type": "Feature", "properties": { "fid": 468.0, "osm_id": 6426324790.0, "osm_type": "nodes", "amenity": null, "name": "Sante Commune Hostel Yogyakarta", "layer": "commercial utm", "path": "D:\\geomapid\\Kebutuhan Final Project\\SHP\\UTM\\commercial utm.shp" }, "geometry": { "type": "Point", "coordinates": [ 110.360952, -7.8021073 ] } },
{ "type": "Feature", "properties": { "fid": 469.0, "osm_id": 13361882923.0, "osm_type": "nodes", "amenity": "marketplace", "name": "Pasar Senen", "layer": "commercial utm", "path": "D:\\geomapid\\Kebutuhan Final Project\\SHP\\UTM\\commercial utm.shp" }, "geometry": { "type": "Point", "coordinates": [ 110.361325800000017, -7.7956623 ] } },
{ "type": "Feature", "properties": { "fid": 470.0, "osm_id": 14028978001.0, "osm_type": "nodes", "amenity": null, "name": "Abrakadabra Manshon", "layer": "commercial utm", "path": "D:\\geomapid\\Kebutuhan Final Project\\SHP\\UTM\\commercial utm.shp" }, "geometry": { "type": "Point", "coordinates": [ 110.3627169, -7.8215762 ] } },
{ "type": "Feature", "properties": { "fid": 471.0, "osm_id": 14030465401.0, "osm_type": "nodes", "amenity": "cafe", "name": "Arka Coffee and Space", "layer": "commercial utm", "path": "D:\\geomapid\\Kebutuhan Final Project\\SHP\\UTM\\commercial utm.shp" }, "geometry": { "type": "Point", "coordinates": [ 110.3603009, -7.810014 ] } },
{ "type": "Feature", "properties": { "fid": 472.0, "osm_id": 1848525767.0, "osm_type": "nodes", "amenity": null, "name": "Fotocopy Aladdin", "layer": "commercial utm", "path": "D:\\geomapid\\Kebutuhan Final Project\\SHP\\UTM\\commercial utm.shp" }, "geometry": { "type": "Point", "coordinates": [ 110.351885, -7.7989805 ] } },
{ "type": "Feature", "properties": { "fid": 473.0, "osm_id": 9252270615.0, "osm_type": "nodes", "amenity": "restaurant", "name": "Mie Ayam Asalam", "layer": "commercial utm", "path": "D:\\geomapid\\Kebutuhan Final Project\\SHP\\UTM\\commercial utm.shp" }, "geometry": { "type": "Point", "coordinates": [ 110.3758595, -7.7861972 ] } },
{ "type": "Feature", "properties": { "fid": 474.0, "osm_id": 11740520420.0, "osm_type": "nodes", "amenity": null, "name": "CV Sumber Cahaya", "layer": "commercial utm", "path": "D:\\geomapid\\Kebutuhan Final Project\\SHP\\UTM\\commercial utm.shp" }, "geometry": { "type": "Point", "coordinates": [ 110.3943684, -7.8069 ] } },
{ "type": "Feature", "properties": { "fid": 475.0, "osm_id": 11508631377.0, "osm_type": "nodes", "amenity": null, "name": "Mitra Solusi Teknik", "layer": "commercial utm", "path": "D:\\geomapid\\Kebutuhan Final Project\\SHP\\UTM\\commercial utm.shp" }, "geometry": { "type": "Point", "coordinates": [ 110.3882698, -7.8028646 ] } },
{ "type": "Feature", "properties": { "fid": 476.0, "osm_id": 11370563388.0, "osm_type": "nodes", "amenity": "cafe", "name": "Omah Mapan Coworking Space & Cafe", "layer": "commercial utm", "path": "D:\\geomapid\\Kebutuhan Final Project\\SHP\\UTM\\commercial utm.shp" }, "geometry": { "type": "Point", "coordinates": [ 110.3900862, -7.8068599 ] } },
{ "type": "Feature", "properties": { "fid": 477.0, "osm_id": 9875730047.0, "osm_type": "nodes", "amenity": null, "name": "Ganbate", "layer": "commercial utm", "path": "D:\\geomapid\\Kebutuhan Final Project\\SHP\\UTM\\commercial utm.shp" }, "geometry": { "type": "Point", "coordinates": [ 110.3966559, -7.8103068 ] } },
{ "type": "Feature", "properties": { "fid": 478.0, "osm_id": 6320441978.0, "osm_type": "nodes", "amenity": null, "name": "D'Walik", "layer": "commercial utm", "path": "D:\\geomapid\\Kebutuhan Final Project\\SHP\\UTM\\commercial utm.shp" }, "geometry": { "type": "Point", "coordinates": [ 110.3860422, -7.8164087 ] } },
{ "type": "Feature", "properties": { "fid": 479.0, "osm_id": 6320265390.0, "osm_type": "nodes", "amenity": null, "name": "Slurp - Cold Brew Coffee", "layer": "commercial utm", "path": "D:\\geomapid\\Kebutuhan Final Project\\SHP\\UTM\\commercial utm.shp" }, "geometry": { "type": "Point", "coordinates": [ 110.386079, -7.816045299999988 ] } },
{ "type": "Feature", "properties": { "fid": 480.0, "osm_id": 4293952752.0, "osm_type": "nodes", "amenity": null, "name": "Hotel BIFA (Bintang Fajar)", "layer": "commercial utm", "path": "D:\\geomapid\\Kebutuhan Final Project\\SHP\\UTM\\commercial utm.shp" }, "geometry": { "type": "Point", "coordinates": [ 110.3938993, -7.8185385 ] } },
{ "type": "Feature", "properties": { "fid": 481.0, "osm_id": 5671318149.0, "osm_type": "nodes", "amenity": null, "name": "Dinas Kesehatan Kota Yogyakarta", "layer": "commercial utm", "path": "D:\\geomapid\\Kebutuhan Final Project\\SHP\\UTM\\commercial utm.shp" }, "geometry": { "type": "Point", "coordinates": [ 110.3905513, -7.7998483 ] } },
{ "type": "Feature", "properties": { "fid": 482.0, "osm_id": 12522609355.0, "osm_type": "nodes", "amenity": null, "name": "Kantor Kemantren Kotagede", "layer": "commercial utm", "path": "D:\\geomapid\\Kebutuhan Final Project\\SHP\\UTM\\commercial utm.shp" }, "geometry": { "type": "Point", "coordinates": [ 110.395346, -7.8179334 ] } },
{ "type": "Feature", "properties": { "fid": 483.0, "osm_id": 6781069394.0, "osm_type": "nodes", "amenity": null, "name": "Situs Warungboto", "layer": "commercial utm", "path": "D:\\geomapid\\Kebutuhan Final Project\\SHP\\UTM\\commercial utm.shp" }, "geometry": { "type": "Point", "coordinates": [ 110.3932221, -7.8103543 ] } },
{ "type": "Feature", "properties": { "fid": 484.0, "osm_id": 12805713494.0, "osm_type": "nodes", "amenity": null, "name": "Indomaret", "layer": "commercial utm", "path": "D:\\geomapid\\Kebutuhan Final Project\\SHP\\UTM\\commercial utm.shp" }, "geometry": { "type": "Point", "coordinates": [ 110.388151600000015, -7.815302 ] } },
{ "type": "Feature", "properties": { "fid": 485.0, "osm_id": 6763687004.0, "osm_type": "nodes", "amenity": null, "name": "Malaya - Toko Obat Cina", "layer": "commercial utm", "path": "D:\\geomapid\\Kebutuhan Final Project\\SHP\\UTM\\commercial utm.shp" }, "geometry": { "type": "Point", "coordinates": [ 110.3809186, -7.7804785 ] } },
{ "type": "Feature", "properties": { "fid": 486.0, "osm_id": 12644670787.0, "osm_type": "nodes", "amenity": null, "name": "Kartika Hotel", "layer": "commercial utm", "path": "D:\\geomapid\\Kebutuhan Final Project\\SHP\\UTM\\commercial utm.shp" }, "geometry": { "type": "Point", "coordinates": [ 110.3651881, -7.7916467 ] } },
{ "type": "Feature", "properties": { "fid": 487.0, "osm_id": 12744612001.0, "osm_type": "nodes", "amenity": null, "name": "Sapulu Coffee", "layer": "commercial utm", "path": "D:\\geomapid\\Kebutuhan Final Project\\SHP\\UTM\\commercial utm.shp" }, "geometry": { "type": "Point", "coordinates": [ 110.3667998, -7.8071292 ] } },
{ "type": "Feature", "properties": { "fid": 488.0, "osm_id": 12475288845.0, "osm_type": "nodes", "amenity": null, "name": null, "layer": "commercial utm", "path": "D:\\geomapid\\Kebutuhan Final Project\\SHP\\UTM\\commercial utm.shp" }, "geometry": { "type": "Point", "coordinates": [ 110.3602287, -7.8072244 ] } },
{ "type": "Feature", "properties": { "fid": 489.0, "osm_id": 12467678030.0, "osm_type": "nodes", "amenity": null, "name": "Bicycle shop toko sepeda Fakhri", "layer": "commercial utm", "path": "D:\\geomapid\\Kebutuhan Final Project\\SHP\\UTM\\commercial utm.shp" }, "geometry": { "type": "Point", "coordinates": [ 110.349264500000018, -7.8029386 ] } },
{ "type": "Feature", "properties": { "fid": 490.0, "osm_id": 4993791022.0, "osm_type": "nodes", "amenity": "fast_food", "name": "J.Co", "layer": "commercial utm", "path": "D:\\geomapid\\Kebutuhan Final Project\\SHP\\UTM\\commercial utm.shp" }, "geometry": { "type": "Point", "coordinates": [ 110.3659641, -7.7932906 ] } },
{ "type": "Feature", "properties": { "fid": 491.0, "osm_id": 11554865587.0, "osm_type": "nodes", "amenity": "cafe", "name": "Chatime", "layer": "commercial utm", "path": "D:\\geomapid\\Kebutuhan Final Project\\SHP\\UTM\\commercial utm.shp" }, "geometry": { "type": "Point", "coordinates": [ 110.3651447, -7.7970891 ] } },
{ "type": "Feature", "properties": { "fid": 492.0, "osm_id": 10620765359.0, "osm_type": "nodes", "amenity": "cafe", "name": "Ruang Jaka Coffee & Free Wifi", "layer": "commercial utm", "path": "D:\\geomapid\\Kebutuhan Final Project\\SHP\\UTM\\commercial utm.shp" }, "geometry": { "type": "Point", "coordinates": [ 110.3588767, -7.8078152 ] } },
{ "type": "Feature", "properties": { "fid": 493.0, "osm_id": 1697828567.0, "osm_type": "nodes", "amenity": "cafe", "name": "Kopi Jos", "layer": "commercial utm", "path": "D:\\geomapid\\Kebutuhan Final Project\\SHP\\UTM\\commercial utm.shp" }, "geometry": { "type": "Point", "coordinates": [ 110.365722, -7.788877 ] } },
{ "type": "Feature", "properties": { "fid": 494.0, "osm_id": 11571959957.0, "osm_type": "nodes", "amenity": null, "name": "Toko \"Dewi Ayu\" Batik", "layer": "commercial utm", "path": "D:\\geomapid\\Kebutuhan Final Project\\SHP\\UTM\\commercial utm.shp" }, "geometry": { "type": "Point", "coordinates": [ 110.3653582, -7.7956155 ] } },
{ "type": "Feature", "properties": { "fid": 495.0, "osm_id": 6591142698.0, "osm_type": "nodes", "amenity": "cafe", "name": "Starbucks", "layer": "commercial utm", "path": "D:\\geomapid\\Kebutuhan Final Project\\SHP\\UTM\\commercial utm.shp" }, "geometry": { "type": "Point", "coordinates": [ 110.365458, -7.7949335 ] } },
{ "type": "Feature", "properties": { "fid": 496.0, "osm_id": 6591142886.0, "osm_type": "nodes", "amenity": null, "name": "Polo Ralph Lauren", "layer": "commercial utm", "path": "D:\\geomapid\\Kebutuhan Final Project\\SHP\\UTM\\commercial utm.shp" }, "geometry": { "type": "Point", "coordinates": [ 110.3654571, -7.7948848 ] } },
{ "type": "Feature", "properties": { "fid": 497.0, "osm_id": 11571959953.0, "osm_type": "nodes", "amenity": null, "name": "Toko Sepatu Italy", "layer": "commercial utm", "path": "D:\\geomapid\\Kebutuhan Final Project\\SHP\\UTM\\commercial utm.shp" }, "geometry": { "type": "Point", "coordinates": [ 110.3652912, -7.7960145 ] } },
{ "type": "Feature", "properties": { "fid": 498.0, "osm_id": 11571959956.0, "osm_type": "nodes", "amenity": null, "name": "Batik Keris", "layer": "commercial utm", "path": "D:\\geomapid\\Kebutuhan Final Project\\SHP\\UTM\\commercial utm.shp" }, "geometry": { "type": "Point", "coordinates": [ 110.365359, -7.7956711 ] } },
{ "type": "Feature", "properties": { "fid": 499.0, "osm_id": 11571959960.0, "osm_type": "nodes", "amenity": null, "name": "Toko \"Jogja Batik\"", "layer": "commercial utm", "path": "D:\\geomapid\\Kebutuhan Final Project\\SHP\\UTM\\commercial utm.shp" }, "geometry": { "type": "Point", "coordinates": [ 110.365403400000019, -7.7952564 ] } },
{ "type": "Feature", "properties": { "fid": 500.0, "osm_id": 11571959962.0, "osm_type": "nodes", "amenity": null, "name": "Rianty", "layer": "commercial utm", "path": "D:\\geomapid\\Kebutuhan Final Project\\SHP\\UTM\\commercial utm.shp" }, "geometry": { "type": "Point", "coordinates": [ 110.3656283, -7.7937614 ] } },
{ "type": "Feature", "properties": { "fid": 501.0, "osm_id": 11571959963.0, "osm_type": "nodes", "amenity": null, "name": "Batik Janoko", "layer": "commercial utm", "path": "D:\\geomapid\\Kebutuhan Final Project\\SHP\\UTM\\commercial utm.shp" }, "geometry": { "type": "Point", "coordinates": [ 110.3656276, -7.7937158 ] } },
{ "type": "Feature", "properties": { "fid": 502.0, "osm_id": 11571962071.0, "osm_type": "nodes", "amenity": null, "name": "Bata", "layer": "commercial utm", "path": "D:\\geomapid\\Kebutuhan Final Project\\SHP\\UTM\\commercial utm.shp" }, "geometry": { "type": "Point", "coordinates": [ 110.365678700000018, -7.793319 ] } },
{ "type": "Feature", "properties": { "fid": 503.0, "osm_id": 11571962073.0, "osm_type": "nodes", "amenity": null, "name": "Teratai indah", "layer": "commercial utm", "path": "D:\\geomapid\\Kebutuhan Final Project\\SHP\\UTM\\commercial utm.shp" }, "geometry": { "type": "Point", "coordinates": [ 110.3657063, -7.7931504 ] } },
{ "type": "Feature", "properties": { "fid": 504.0, "osm_id": 11571962075.0, "osm_type": "nodes", "amenity": null, "name": "REI", "layer": "commercial utm", "path": "D:\\geomapid\\Kebutuhan Final Project\\SHP\\UTM\\commercial utm.shp" }, "geometry": { "type": "Point", "coordinates": [ 110.3657106, -7.7929545 ] } },
{ "type": "Feature", "properties": { "fid": 505.0, "osm_id": 11571962076.0, "osm_type": "nodes", "amenity": null, "name": "Modern", "layer": "commercial utm", "path": "D:\\geomapid\\Kebutuhan Final Project\\SHP\\UTM\\commercial utm.shp" }, "geometry": { "type": "Point", "coordinates": [ 110.3657134, -7.7928997 ] } },
{ "type": "Feature", "properties": { "fid": 506.0, "osm_id": 11571962083.0, "osm_type": "nodes", "amenity": null, "name": "Raditya", "layer": "commercial utm", "path": "D:\\geomapid\\Kebutuhan Final Project\\SHP\\UTM\\commercial utm.shp" }, "geometry": { "type": "Point", "coordinates": [ 110.3658261, -7.7919644 ] } },
{ "type": "Feature", "properties": { "fid": 507.0, "osm_id": 11571962091.0, "osm_type": "nodes", "amenity": null, "name": "Subur Souvenir", "layer": "commercial utm", "path": "D:\\geomapid\\Kebutuhan Final Project\\SHP\\UTM\\commercial utm.shp" }, "geometry": { "type": "Point", "coordinates": [ 110.3659303, -7.7910443 ] } },
{ "type": "Feature", "properties": { "fid": 508.0, "osm_id": 11554890113.0, "osm_type": "nodes", "amenity": null, "name": "Bakpia Wong", "layer": "commercial utm", "path": "D:\\geomapid\\Kebutuhan Final Project\\SHP\\UTM\\commercial utm.shp" }, "geometry": { "type": "Point", "coordinates": [ 110.3534281, -7.7911956 ] } },
{ "type": "Feature", "properties": { "fid": 509.0, "osm_id": 11554863666.0, "osm_type": "nodes", "amenity": null, "name": "Toko Pakaian Istana Arloji", "layer": "commercial utm", "path": "D:\\geomapid\\Kebutuhan Final Project\\SHP\\UTM\\commercial utm.shp" }, "geometry": { "type": "Point", "coordinates": [ 110.3652593, -7.7965661 ] } },
{ "type": "Feature", "properties": { "fid": 510.0, "osm_id": 11554863667.0, "osm_type": "nodes", "amenity": null, "name": "Istana Sari Batik", "layer": "commercial utm", "path": "D:\\geomapid\\Kebutuhan Final Project\\SHP\\UTM\\commercial utm.shp" }, "geometry": { "type": "Point", "coordinates": [ 110.3651328, -7.7972522 ] } },
{ "type": "Feature", "properties": { "fid": 511.0, "osm_id": 11555007169.0, "osm_type": "nodes", "amenity": null, "name": "Margaria Batik", "layer": "commercial utm", "path": "D:\\geomapid\\Kebutuhan Final Project\\SHP\\UTM\\commercial utm.shp" }, "geometry": { "type": "Point", "coordinates": [ 110.3651397, -7.7973009 ] } },
{ "type": "Feature", "properties": { "fid": 512.0, "osm_id": 11554832443.0, "osm_type": "nodes", "amenity": null, "name": "Batik Rafif", "layer": "commercial utm", "path": "D:\\geomapid\\Kebutuhan Final Project\\SHP\\UTM\\commercial utm.shp" }, "geometry": { "type": "Point", "coordinates": [ 110.3650237, -7.7977724 ] } },
{ "type": "Feature", "properties": { "fid": 513.0, "osm_id": 11554844742.0, "osm_type": "nodes", "amenity": null, "name": "Bakpia Pathok 145 (Ibu Sri Astuti)", "layer": "commercial utm", "path": "D:\\geomapid\\Kebutuhan Final Project\\SHP\\UTM\\commercial utm.shp" }, "geometry": { "type": "Point", "coordinates": [ 110.3650508, -7.7980973 ] } },
{ "type": "Feature", "properties": { "fid": 514.0, "osm_id": 11554845636.0, "osm_type": "nodes", "amenity": null, "name": "Batik Putra Kencana", "layer": "commercial utm", "path": "D:\\geomapid\\Kebutuhan Final Project\\SHP\\UTM\\commercial utm.shp" }, "geometry": { "type": "Point", "coordinates": [ 110.3652892, -7.7982508 ] } },
{ "type": "Feature", "properties": { "fid": 515.0, "osm_id": 11554872776.0, "osm_type": "nodes", "amenity": null, "name": "Toko Obat & Perusahaan Jamu Bung Gemuk", "layer": "commercial utm", "path": "D:\\geomapid\\Kebutuhan Final Project\\SHP\\UTM\\commercial utm.shp" }, "geometry": { "type": "Point", "coordinates": [ 110.364933, -7.7986489 ] } },
{ "type": "Feature", "properties": { "fid": 516.0, "osm_id": 11868404396.0, "osm_type": "nodes", "amenity": null, "name": "Batik Rumah Suryowijayan", "layer": "commercial utm", "path": "D:\\geomapid\\Kebutuhan Final Project\\SHP\\UTM\\commercial utm.shp" }, "geometry": { "type": "Point", "coordinates": [ 110.354417900000016, -7.8110172 ] } },
{ "type": "Feature", "properties": { "fid": 517.0, "osm_id": 11554891376.0, "osm_type": "nodes", "amenity": "cafe", "name": "Mixue", "layer": "commercial utm", "path": "D:\\geomapid\\Kebutuhan Final Project\\SHP\\UTM\\commercial utm.shp" }, "geometry": { "type": "Point", "coordinates": [ 110.3524526, -7.7859966 ] } },
{ "type": "Feature", "properties": { "fid": 518.0, "osm_id": 9821757956.0, "osm_type": "nodes", "amenity": null, "name": "Hotel Citra Kita Yogyakarta", "layer": "commercial utm", "path": "D:\\geomapid\\Kebutuhan Final Project\\SHP\\UTM\\commercial utm.shp" }, "geometry": { "type": "Point", "coordinates": [ 110.3612494, -7.7821776 ] } },
{ "type": "Feature", "properties": { "fid": 519.0, "osm_id": 1640508693.0, "osm_type": "nodes", "amenity": null, "name": "Asia Afrika", "layer": "commercial utm", "path": "D:\\geomapid\\Kebutuhan Final Project\\SHP\\UTM\\commercial utm.shp" }, "geometry": { "type": "Point", "coordinates": [ 110.3638906, -7.7900951 ] } },
{ "type": "Feature", "properties": { "fid": 520.0, "osm_id": 13240052843.0, "osm_type": "nodes", "amenity": "fast_food", "name": "Burger King", "layer": "commercial utm", "path": "D:\\geomapid\\Kebutuhan Final Project\\SHP\\UTM\\commercial utm.shp" }, "geometry": { "type": "Point", "coordinates": [ 110.3626655, -7.7831963 ] } },
{ "type": "Feature", "properties": { "fid": 521.0, "osm_id": 13645538601.0, "osm_type": "nodes", "amenity": "restaurant", "name": "Ronde RaDen", "layer": "commercial utm", "path": "D:\\geomapid\\Kebutuhan Final Project\\SHP\\UTM\\commercial utm.shp" }, "geometry": { "type": "Point", "coordinates": [ 110.3607656, -7.7812166 ] } },
{ "type": "Feature", "properties": { "fid": 522.0, "osm_id": 4771094723.0, "osm_type": "nodes", "amenity": "restaurant", "name": "Sop Buntut & Ayam Goreng Cokro", "layer": "commercial utm", "path": "D:\\geomapid\\Kebutuhan Final Project\\SHP\\UTM\\commercial utm.shp" }, "geometry": { "type": "Point", "coordinates": [ 110.3538973, -7.7897244 ] } },
{ "type": "Feature", "properties": { "fid": 523.0, "osm_id": 4799118030.0, "osm_type": "nodes", "amenity": null, "name": "Pak Heru", "layer": "commercial utm", "path": "D:\\geomapid\\Kebutuhan Final Project\\SHP\\UTM\\commercial utm.shp" }, "geometry": { "type": "Point", "coordinates": [ 110.35116, -7.7887825 ] } },
{ "type": "Feature", "properties": { "fid": 524.0, "osm_id": 6780921541.0, "osm_type": "nodes", "amenity": "restaurant", "name": "Lombok Idjo", "layer": "commercial utm", "path": "D:\\geomapid\\Kebutuhan Final Project\\SHP\\UTM\\commercial utm.shp" }, "geometry": { "type": "Point", "coordinates": [ 110.3635807, -7.782632 ] } },
{ "type": "Feature", "properties": { "fid": 525.0, "osm_id": 6401792055.0, "osm_type": "nodes", "amenity": null, "name": "Indomaret", "layer": "commercial utm", "path": "D:\\geomapid\\Kebutuhan Final Project\\SHP\\UTM\\commercial utm.shp" }, "geometry": { "type": "Point", "coordinates": [ 110.3631487, -7.7896892 ] } },
{ "type": "Feature", "properties": { "fid": 526.0, "osm_id": 13434076213.0, "osm_type": "nodes", "amenity": null, "name": "IZI Perwakilan D.I. Yogyakarta", "layer": "commercial utm", "path": "D:\\geomapid\\Kebutuhan Final Project\\SHP\\UTM\\commercial utm.shp" }, "geometry": { "type": "Point", "coordinates": [ 110.363757400000011, -7.777869 ] } },
{ "type": "Feature", "properties": { "fid": 527.0, "osm_id": 11576804899.0, "osm_type": "nodes", "amenity": null, "name": "Toko Kelontong Bu Lis", "layer": "commercial utm", "path": "D:\\geomapid\\Kebutuhan Final Project\\SHP\\UTM\\commercial utm.shp" }, "geometry": { "type": "Point", "coordinates": [ 110.3743687, -7.7889277 ] } },
{ "type": "Feature", "properties": { "fid": 528.0, "osm_id": 9850098572.0, "osm_type": "nodes", "amenity": "restaurant", "name": "Pecel Lele Mbak Nanda", "layer": "commercial utm", "path": "D:\\geomapid\\Kebutuhan Final Project\\SHP\\UTM\\commercial utm.shp" }, "geometry": { "type": "Point", "coordinates": [ 110.3742564, -7.7889422 ] } },
{ "type": "Feature", "properties": { "fid": 529.0, "osm_id": 7859923660.0, "osm_type": "nodes", "amenity": "restaurant", "name": "Warmindo Podjok", "layer": "commercial utm", "path": "D:\\geomapid\\Kebutuhan Final Project\\SHP\\UTM\\commercial utm.shp" }, "geometry": { "type": "Point", "coordinates": [ 110.3762131, -7.7862429 ] } },
{ "type": "Feature", "properties": { "fid": 530.0, "osm_id": 9252270619.0, "osm_type": "nodes", "amenity": "restaurant", "name": "Angkringan", "layer": "commercial utm", "path": "D:\\geomapid\\Kebutuhan Final Project\\SHP\\UTM\\commercial utm.shp" }, "geometry": { "type": "Point", "coordinates": [ 110.3754528, -7.7861119 ] } },
{ "type": "Feature", "properties": { "fid": 531.0, "osm_id": 7860270099.0, "osm_type": "nodes", "amenity": null, "name": "Garuda Cargo", "layer": "commercial utm", "path": "D:\\geomapid\\Kebutuhan Final Project\\SHP\\UTM\\commercial utm.shp" }, "geometry": { "type": "Point", "coordinates": [ 110.3747969, -7.7885467 ] } },
{ "type": "Feature", "properties": { "fid": 532.0, "osm_id": 9194830833.0, "osm_type": "nodes", "amenity": null, "name": "PT Bumi Nata Wisata", "layer": "commercial utm", "path": "D:\\geomapid\\Kebutuhan Final Project\\SHP\\UTM\\commercial utm.shp" }, "geometry": { "type": "Point", "coordinates": [ 110.3747694, -7.7885659 ] } },
{ "type": "Feature", "properties": { "fid": 533.0, "osm_id": 9184084959.0, "osm_type": "nodes", "amenity": null, "name": "Lembaga Konsultasi Bantuan Hukum - Universitas Islam Indonesia", "layer": "commercial utm", "path": "D:\\geomapid\\Kebutuhan Final Project\\SHP\\UTM\\commercial utm.shp" }, "geometry": { "type": "Point", "coordinates": [ 110.3693467, -7.7872673 ] } },
{ "type": "Feature", "properties": { "fid": 534.0, "osm_id": 7848306227.0, "osm_type": "nodes", "amenity": "restaurant", "name": "Angkringan", "layer": "commercial utm", "path": "D:\\geomapid\\Kebutuhan Final Project\\SHP\\UTM\\commercial utm.shp" }, "geometry": { "type": "Point", "coordinates": [ 110.3773088, -7.7878667 ] } },
{ "type": "Feature", "properties": { "fid": 535.0, "osm_id": 7880489257.0, "osm_type": "nodes", "amenity": "cafe", "name": "Simetri Cafe", "layer": "commercial utm", "path": "D:\\geomapid\\Kebutuhan Final Project\\SHP\\UTM\\commercial utm.shp" }, "geometry": { "type": "Point", "coordinates": [ 110.3742482, -7.7842538 ] } },
{ "type": "Feature", "properties": { "fid": 536.0, "osm_id": 7859875580.0, "osm_type": "nodes", "amenity": null, "name": "Kantor Notaris PPAT Dr Budi Untung SH", "layer": "commercial utm", "path": "D:\\geomapid\\Kebutuhan Final Project\\SHP\\UTM\\commercial utm.shp" }, "geometry": { "type": "Point", "coordinates": [ 110.3752997, -7.7848047 ] } },
{ "type": "Feature", "properties": { "fid": 537.0, "osm_id": 7859875581.0, "osm_type": "nodes", "amenity": "cafe", "name": "Jeeva Cafe", "layer": "commercial utm", "path": "D:\\geomapid\\Kebutuhan Final Project\\SHP\\UTM\\commercial utm.shp" }, "geometry": { "type": "Point", "coordinates": [ 110.3753937, -7.784809900000011 ] } },
{ "type": "Feature", "properties": { "fid": 538.0, "osm_id": 7811468606.0, "osm_type": "nodes", "amenity": "restaurant", "name": "Warung Makan", "layer": "commercial utm", "path": "D:\\geomapid\\Kebutuhan Final Project\\SHP\\UTM\\commercial utm.shp" }, "geometry": { "type": "Point", "coordinates": [ 110.3748118, -7.7889073 ] } },
{ "type": "Feature", "properties": { "fid": 539.0, "osm_id": 5098735021.0, "osm_type": "nodes", "amenity": null, "name": "Homey Home", "layer": "commercial utm", "path": "D:\\geomapid\\Kebutuhan Final Project\\SHP\\UTM\\commercial utm.shp" }, "geometry": { "type": "Point", "coordinates": [ 110.369866800000011, -7.7904011 ] } },
{ "type": "Feature", "properties": { "fid": 540.0, "osm_id": 4414655896.0, "osm_type": "nodes", "amenity": "cafe", "name": "Angkringan KR Yogyakarta", "layer": "commercial utm", "path": "D:\\geomapid\\Kebutuhan Final Project\\SHP\\UTM\\commercial utm.shp" }, "geometry": { "type": "Point", "coordinates": [ 110.3668128, -7.785619 ] } },
{ "type": "Feature", "properties": { "fid": 541.0, "osm_id": 7851792206.0, "osm_type": "nodes", "amenity": null, "name": "Kantor Kelurahan Kotabaru", "layer": "commercial utm", "path": "D:\\geomapid\\Kebutuhan Final Project\\SHP\\UTM\\commercial utm.shp" }, "geometry": { "type": "Point", "coordinates": [ 110.3778575, -7.7864507 ] } },
{ "type": "Feature", "properties": { "fid": 542.0, "osm_id": 7871339677.0, "osm_type": "nodes", "amenity": null, "name": "Asrama Balai Pelatihan Teknik Traksi", "layer": "commercial utm", "path": "D:\\geomapid\\Kebutuhan Final Project\\SHP\\UTM\\commercial utm.shp" }, "geometry": { "type": "Point", "coordinates": [ 110.3778346, -7.7892465 ] } },
{ "type": "Feature", "properties": { "fid": 543.0, "osm_id": 7877656801.0, "osm_type": "nodes", "amenity": null, "name": "IGF Life", "layer": "commercial utm", "path": "D:\\geomapid\\Kebutuhan Final Project\\SHP\\UTM\\commercial utm.shp" }, "geometry": { "type": "Point", "coordinates": [ 110.3713126, -7.7879671 ] } },
{ "type": "Feature", "properties": { "fid": 544.0, "osm_id": 7880489260.0, "osm_type": "nodes", "amenity": null, "name": "Bimbingan Belajar Tridaya", "layer": "commercial utm", "path": "D:\\geomapid\\Kebutuhan Final Project\\SHP\\UTM\\commercial utm.shp" }, "geometry": { "type": "Point", "coordinates": [ 110.3727747, -7.7870741 ] } },
{ "type": "Feature", "properties": { "fid": 545.0, "osm_id": 8430275491.0, "osm_type": "nodes", "amenity": "restaurant", "name": "Mie Bonafide", "layer": "commercial utm", "path": "D:\\geomapid\\Kebutuhan Final Project\\SHP\\UTM\\commercial utm.shp" }, "geometry": { "type": "Point", "coordinates": [ 110.3737176, -7.7869927 ] } },
{ "type": "Feature", "properties": { "fid": 546.0, "osm_id": 8632584961.0, "osm_type": "nodes", "amenity": "restaurant", "name": "Sop Ayam Pak Min Klaten", "layer": "commercial utm", "path": "D:\\geomapid\\Kebutuhan Final Project\\SHP\\UTM\\commercial utm.shp" }, "geometry": { "type": "Point", "coordinates": [ 110.3735082, -7.788306 ] } },
{ "type": "Feature", "properties": { "fid": 547.0, "osm_id": 9167786602.0, "osm_type": "nodes", "amenity": "restaurant", "name": "Sate Ayam Pak Amat", "layer": "commercial utm", "path": "D:\\geomapid\\Kebutuhan Final Project\\SHP\\UTM\\commercial utm.shp" }, "geometry": { "type": "Point", "coordinates": [ 110.3749056, -7.785113 ] } },
{ "type": "Feature", "properties": { "fid": 548.0, "osm_id": 9212889553.0, "osm_type": "nodes", "amenity": null, "name": "Pos Kamling RT 06 RW 02", "layer": "commercial utm", "path": "D:\\geomapid\\Kebutuhan Final Project\\SHP\\UTM\\commercial utm.shp" }, "geometry": { "type": "Point", "coordinates": [ 110.3748773, -7.7851955 ] } },
{ "type": "Feature", "properties": { "fid": 549.0, "osm_id": 13040639201.0, "osm_type": "nodes", "amenity": "cafe", "name": "Bolo Space", "layer": "commercial utm", "path": "D:\\geomapid\\Kebutuhan Final Project\\SHP\\UTM\\commercial utm.shp" }, "geometry": { "type": "Point", "coordinates": [ 110.3723604, -7.7886245 ] } },
{ "type": "Feature", "properties": { "fid": 550.0, "osm_id": 13432474601.0, "osm_type": "nodes", "amenity": "bar", "name": "Tusen cocktail bar", "layer": "commercial utm", "path": "D:\\geomapid\\Kebutuhan Final Project\\SHP\\UTM\\commercial utm.shp" }, "geometry": { "type": "Point", "coordinates": [ 110.3706524, -7.785696 ] } },
{ "type": "Feature", "properties": { "fid": 551.0, "osm_id": 12150446282.0, "osm_type": "nodes", "amenity": null, "name": "Indomaret", "layer": "commercial utm", "path": "D:\\geomapid\\Kebutuhan Final Project\\SHP\\UTM\\commercial utm.shp" }, "geometry": { "type": "Point", "coordinates": [ 110.376651, -7.7901399 ] } },
{ "type": "Feature", "properties": { "fid": 552.0, "osm_id": 12161618978.0, "osm_type": "nodes", "amenity": "cafe", "name": "Coklat Cafe", "layer": "commercial utm", "path": "D:\\geomapid\\Kebutuhan Final Project\\SHP\\UTM\\commercial utm.shp" }, "geometry": { "type": "Point", "coordinates": [ 110.3753968, -7.7788873 ] } },
{ "type": "Feature", "properties": { "fid": 553.0, "osm_id": 11934528407.0, "osm_type": "nodes", "amenity": "restaurant", "name": "FAVOR Patisserie Pizzeria & Eatery", "layer": "commercial utm", "path": "D:\\geomapid\\Kebutuhan Final Project\\SHP\\UTM\\commercial utm.shp" }, "geometry": { "type": "Point", "coordinates": [ 110.3734969, -7.7783039 ] } },
{ "type": "Feature", "properties": { "fid": 554.0, "osm_id": 9222486041.0, "osm_type": "nodes", "amenity": "restaurant", "name": "Warung Makan DPR", "layer": "commercial utm", "path": "D:\\geomapid\\Kebutuhan Final Project\\SHP\\UTM\\commercial utm.shp" }, "geometry": { "type": "Point", "coordinates": [ 110.3758917, -7.777716 ] } },
{ "type": "Feature", "properties": { "fid": 555.0, "osm_id": 11034114391.0, "osm_type": "nodes", "amenity": "cafe", "name": "Kafe Le Solé", "layer": "commercial utm", "path": "D:\\geomapid\\Kebutuhan Final Project\\SHP\\UTM\\commercial utm.shp" }, "geometry": { "type": "Point", "coordinates": [ 110.3775615, -7.780871 ] } },
{ "type": "Feature", "properties": { "fid": 556.0, "osm_id": 7972742685.0, "osm_type": "nodes", "amenity": "cafe", "name": "Bincang Kopi", "layer": "commercial utm", "path": "D:\\geomapid\\Kebutuhan Final Project\\SHP\\UTM\\commercial utm.shp" }, "geometry": { "type": "Point", "coordinates": [ 110.3759366, -7.7780601 ] } },
{ "type": "Feature", "properties": { "fid": 557.0, "osm_id": 9200965800.0, "osm_type": "nodes", "amenity": null, "name": "Indomaret", "layer": "commercial utm", "path": "D:\\geomapid\\Kebutuhan Final Project\\SHP\\UTM\\commercial utm.shp" }, "geometry": { "type": "Point", "coordinates": [ 110.3755108, -7.7802371 ] } },
{ "type": "Feature", "properties": { "fid": 558.0, "osm_id": 4115777887.0, "osm_type": "nodes", "amenity": null, "name": "Institut français Indonesia (IFI) - Cabang Yogyakarta", "layer": "commercial utm", "path": "D:\\geomapid\\Kebutuhan Final Project\\SHP\\UTM\\commercial utm.shp" }, "geometry": { "type": "Point", "coordinates": [ 110.3775226, -7.780937 ] } },
{ "type": "Feature", "properties": { "fid": 559.0, "osm_id": 12743402581.0, "osm_type": "nodes", "amenity": "restaurant", "name": "Masama", "layer": "commercial utm", "path": "D:\\geomapid\\Kebutuhan Final Project\\SHP\\UTM\\commercial utm.shp" }, "geometry": { "type": "Point", "coordinates": [ 110.3647457, -7.8187394 ] } },
{ "type": "Feature", "properties": { "fid": 560.0, "osm_id": 11057432605.0, "osm_type": "nodes", "amenity": null, "name": null, "layer": "commercial utm", "path": "D:\\geomapid\\Kebutuhan Final Project\\SHP\\UTM\\commercial utm.shp" }, "geometry": { "type": "Point", "coordinates": [ 110.3655415, -7.8183736 ] } },
{ "type": "Feature", "properties": { "fid": 561.0, "osm_id": 9222486043.0, "osm_type": "nodes", "amenity": "restaurant", "name": "Warmindo", "layer": "commercial utm", "path": "D:\\geomapid\\Kebutuhan Final Project\\SHP\\UTM\\commercial utm.shp" }, "geometry": { "type": "Point", "coordinates": [ 110.3757179, -7.7778615 ] } },
{ "type": "Feature", "properties": { "fid": 562.0, "osm_id": 9222486046.0, "osm_type": "nodes", "amenity": "restaurant", "name": "Warung Pak Jon", "layer": "commercial utm", "path": "D:\\geomapid\\Kebutuhan Final Project\\SHP\\UTM\\commercial utm.shp" }, "geometry": { "type": "Point", "coordinates": [ 110.3758774, -7.777821 ] } },
{ "type": "Feature", "properties": { "fid": 563.0, "osm_id": 12920877982.0, "osm_type": "nodes", "amenity": "restaurant", "name": "Madam Tan Indonesian Food", "layer": "commercial utm", "path": "D:\\geomapid\\Kebutuhan Final Project\\SHP\\UTM\\commercial utm.shp" }, "geometry": { "type": "Point", "coordinates": [ 110.3749082, -7.7751711 ] } },
{ "type": "Feature", "properties": { "fid": 564.0, "osm_id": 12965873082.0, "osm_type": "nodes", "amenity": null, "name": "Crônica Creative Workspace", "layer": "commercial utm", "path": "D:\\geomapid\\Kebutuhan Final Project\\SHP\\UTM\\commercial utm.shp" }, "geometry": { "type": "Point", "coordinates": [ 110.3681831, -7.7755597 ] } },
{ "type": "Feature", "properties": { "fid": 565.0, "osm_id": 13020345843.0, "osm_type": "nodes", "amenity": "cafe", "name": "Tugu Lor", "layer": "commercial utm", "path": "D:\\geomapid\\Kebutuhan Final Project\\SHP\\UTM\\commercial utm.shp" }, "geometry": { "type": "Point", "coordinates": [ 110.3682132, -7.7743483 ] } },
{ "type": "Feature", "properties": { "fid": 566.0, "osm_id": 9750683378.0, "osm_type": "nodes", "amenity": null, "name": "Museum Pusat TNI AD \"Dharma Wiratama\"", "layer": "commercial utm", "path": "D:\\geomapid\\Kebutuhan Final Project\\SHP\\UTM\\commercial utm.shp" }, "geometry": { "type": "Point", "coordinates": [ 110.3754535, -7.782439 ] } },
{ "type": "Feature", "properties": { "fid": 567.0, "osm_id": 10902024007.0, "osm_type": "nodes", "amenity": "fast_food", "name": "tt rest", "layer": "commercial utm", "path": "D:\\geomapid\\Kebutuhan Final Project\\SHP\\UTM\\commercial utm.shp" }, "geometry": { "type": "Point", "coordinates": [ 110.3652882, -7.7831909 ] } },
{ "type": "Feature", "properties": { "fid": 568.0, "osm_id": 13018827064.0, "osm_type": "nodes", "amenity": "restaurant", "name": "Kalis Kitchen", "layer": "commercial utm", "path": "D:\\geomapid\\Kebutuhan Final Project\\SHP\\UTM\\commercial utm.shp" }, "geometry": { "type": "Point", "coordinates": [ 110.3767006, -7.78037 ] } },
{ "type": "Feature", "properties": { "fid": 569.0, "osm_id": 13240403715.0, "osm_type": "nodes", "amenity": "cafe", "name": "Domore Cafe", "layer": "commercial utm", "path": "D:\\geomapid\\Kebutuhan Final Project\\SHP\\UTM\\commercial utm.shp" }, "geometry": { "type": "Point", "coordinates": [ 110.3769541, -7.7796768 ] } },
{ "type": "Feature", "properties": { "fid": 570.0, "osm_id": 13255656628.0, "osm_type": "nodes", "amenity": "cafe", "name": "Couvee Reside", "layer": "commercial utm", "path": "D:\\geomapid\\Kebutuhan Final Project\\SHP\\UTM\\commercial utm.shp" }, "geometry": { "type": "Point", "coordinates": [ 110.3774213, -7.7812392 ] } },
{ "type": "Feature", "properties": { "fid": 571.0, "osm_id": 13797647616.0, "osm_type": "nodes", "amenity": "cafe", "name": "TETRA Coffe & Eatery", "layer": "commercial utm", "path": "D:\\geomapid\\Kebutuhan Final Project\\SHP\\UTM\\commercial utm.shp" }, "geometry": { "type": "Point", "coordinates": [ 110.3779374, -7.7803164 ] } },
{ "type": "Feature", "properties": { "fid": 572.0, "osm_id": 12259403851.0, "osm_type": "nodes", "amenity": "restaurant", "name": "Geprek Bang Vijay", "layer": "commercial utm", "path": "D:\\geomapid\\Kebutuhan Final Project\\SHP\\UTM\\commercial utm.shp" }, "geometry": { "type": "Point", "coordinates": [ 110.370303, -7.780674 ] } },
{ "type": "Feature", "properties": { "fid": 573.0, "osm_id": 3557258188.0, "osm_type": "nodes", "amenity": null, "name": "Hotel Kombokarno Utama", "layer": "commercial utm", "path": "D:\\geomapid\\Kebutuhan Final Project\\SHP\\UTM\\commercial utm.shp" }, "geometry": { "type": "Point", "coordinates": [ 110.3671107, -7.7838761 ] } },
{ "type": "Feature", "properties": { "fid": 574.0, "osm_id": 7880489258.0, "osm_type": "nodes", "amenity": "restaurant", "name": "Nii-Ku", "layer": "commercial utm", "path": "D:\\geomapid\\Kebutuhan Final Project\\SHP\\UTM\\commercial utm.shp" }, "geometry": { "type": "Point", "coordinates": [ 110.372214, -7.7852273 ] } },
{ "type": "Feature", "properties": { "fid": 575.0, "osm_id": 4851278414.0, "osm_type": "nodes", "amenity": null, "name": "Yamaha", "layer": "commercial utm", "path": "D:\\geomapid\\Kebutuhan Final Project\\SHP\\UTM\\commercial utm.shp" }, "geometry": { "type": "Point", "coordinates": [ 110.3609761, -7.783008 ] } },
{ "type": "Feature", "properties": { "fid": 576.0, "osm_id": 3760455765.0, "osm_type": "nodes", "amenity": null, "name": "Toko Sepeda", "layer": "commercial utm", "path": "D:\\geomapid\\Kebutuhan Final Project\\SHP\\UTM\\commercial utm.shp" }, "geometry": { "type": "Point", "coordinates": [ 110.3612121, -7.7763214 ] } },
{ "type": "Feature", "properties": { "fid": 577.0, "osm_id": 5245106322.0, "osm_type": "nodes", "amenity": null, "name": "Gojek Indonesia", "layer": "commercial utm", "path": "D:\\geomapid\\Kebutuhan Final Project\\SHP\\UTM\\commercial utm.shp" }, "geometry": { "type": "Point", "coordinates": [ 110.358697, -7.7842267 ] } },
{ "type": "Feature", "properties": { "fid": 578.0, "osm_id": 7859938154.0, "osm_type": "nodes", "amenity": null, "name": "Mirota Bakery", "layer": "commercial utm", "path": "D:\\geomapid\\Kebutuhan Final Project\\SHP\\UTM\\commercial utm.shp" }, "geometry": { "type": "Point", "coordinates": [ 110.3714308, -7.7849197 ] } },
{ "type": "Feature", "properties": { "fid": 579.0, "osm_id": 13040639101.0, "osm_type": "nodes", "amenity": null, "name": "Warung Sastra", "layer": "commercial utm", "path": "D:\\geomapid\\Kebutuhan Final Project\\SHP\\UTM\\commercial utm.shp" }, "geometry": { "type": "Point", "coordinates": [ 110.3663647, -7.7716255 ] } },
{ "type": "Feature", "properties": { "fid": 580.0, "osm_id": 13111983539.0, "osm_type": "nodes", "amenity": "cafe", "name": "Crônica Workspace", "layer": "commercial utm", "path": "D:\\geomapid\\Kebutuhan Final Project\\SHP\\UTM\\commercial utm.shp" }, "geometry": { "type": "Point", "coordinates": [ 110.3681848, -7.7755521 ] } },
{ "type": "Feature", "properties": { "fid": 581.0, "osm_id": 7178810187.0, "osm_type": "nodes", "amenity": null, "name": "Hostel White Paal", "layer": "commercial utm", "path": "D:\\geomapid\\Kebutuhan Final Project\\SHP\\UTM\\commercial utm.shp" }, "geometry": { "type": "Point", "coordinates": [ 110.365171, -7.7830869 ] } },
{ "type": "Feature", "properties": { "fid": 582.0, "osm_id": 13866990251.0, "osm_type": "nodes", "amenity": null, "name": "Rumah Tara", "layer": "commercial utm", "path": "D:\\geomapid\\Kebutuhan Final Project\\SHP\\UTM\\commercial utm.shp" }, "geometry": { "type": "Point", "coordinates": [ 110.3711707, -7.7815938 ] } },
{ "type": "Feature", "properties": { "fid": 583.0, "osm_id": 12949025803.0, "osm_type": "nodes", "amenity": null, "name": "Yamaha Sumber Baru Motor Karangwaru", "layer": "commercial utm", "path": "D:\\geomapid\\Kebutuhan Final Project\\SHP\\UTM\\commercial utm.shp" }, "geometry": { "type": "Point", "coordinates": [ 110.3611976, -7.7706102 ] } },
{ "type": "Feature", "properties": { "fid": 584.0, "osm_id": 12891732844.0, "osm_type": "nodes", "amenity": null, "name": "Maru Florist Yogyakarta", "layer": "commercial utm", "path": "D:\\geomapid\\Kebutuhan Final Project\\SHP\\UTM\\commercial utm.shp" }, "geometry": { "type": "Point", "coordinates": [ 110.3685935, -7.7881304 ] } },
{ "type": "Feature", "properties": { "fid": 585.0, "osm_id": 10774607747.0, "osm_type": "nodes", "amenity": null, "name": "Jogja National Museum", "layer": "commercial utm", "path": "D:\\geomapid\\Kebutuhan Final Project\\SHP\\UTM\\commercial utm.shp" }, "geometry": { "type": "Point", "coordinates": [ 110.3532393, -7.8000614 ] } },
{ "type": "Feature", "properties": { "fid": 586.0, "osm_id": 12830072018.0, "osm_type": "nodes", "amenity": "restaurant", "name": "Bale Raos", "layer": "commercial utm", "path": "D:\\geomapid\\Kebutuhan Final Project\\SHP\\UTM\\commercial utm.shp" }, "geometry": { "type": "Point", "coordinates": [ 110.3631225, -7.8084916 ] } },
{ "type": "Feature", "properties": { "fid": 587.0, "osm_id": 12813488629.0, "osm_type": "nodes", "amenity": "restaurant", "name": "Bakmi Jowo", "layer": "commercial utm", "path": "D:\\geomapid\\Kebutuhan Final Project\\SHP\\UTM\\commercial utm.shp" }, "geometry": { "type": "Point", "coordinates": [ 110.3648745, -7.805098 ] } },
{ "type": "Feature", "properties": { "fid": 588.0, "osm_id": 12813488630.0, "osm_type": "nodes", "amenity": "restaurant", "name": "Special Bakmi dan Nasi Goreng", "layer": "commercial utm", "path": "D:\\geomapid\\Kebutuhan Final Project\\SHP\\UTM\\commercial utm.shp" }, "geometry": { "type": "Point", "coordinates": [ 110.3652756, -7.8052657 ] } },
{ "type": "Feature", "properties": { "fid": 589.0, "osm_id": 12799739642.0, "osm_type": "nodes", "amenity": "restaurant", "name": "Gudeg Yu Djum", "layer": "commercial utm", "path": "D:\\geomapid\\Kebutuhan Final Project\\SHP\\UTM\\commercial utm.shp" }, "geometry": { "type": "Point", "coordinates": [ 110.3667968, -7.8044999 ] } },
{ "type": "Feature", "properties": { "fid": 590.0, "osm_id": 12798085856.0, "osm_type": "nodes", "amenity": "restaurant", "name": null, "layer": "commercial utm", "path": "D:\\geomapid\\Kebutuhan Final Project\\SHP\\UTM\\commercial utm.shp" }, "geometry": { "type": "Point", "coordinates": [ 110.3651853, -7.7938654 ] } },
{ "type": "Feature", "properties": { "fid": 591.0, "osm_id": 12717787547.0, "osm_type": "nodes", "amenity": "restaurant", "name": "Garasi 56", "layer": "commercial utm", "path": "D:\\geomapid\\Kebutuhan Final Project\\SHP\\UTM\\commercial utm.shp" }, "geometry": { "type": "Point", "coordinates": [ 110.3636078, -7.7819584 ] } },
{ "type": "Feature", "properties": { "fid": 592.0, "osm_id": 12717822277.0, "osm_type": "nodes", "amenity": "restaurant", "name": "Backyard Smoke and Buns", "layer": "commercial utm", "path": "D:\\geomapid\\Kebutuhan Final Project\\SHP\\UTM\\commercial utm.shp" }, "geometry": { "type": "Point", "coordinates": [ 110.3620479, -7.7809245 ] } },
{ "type": "Feature", "properties": { "fid": 593.0, "osm_id": 12648754858.0, "osm_type": "nodes", "amenity": null, "name": "Sans Nagari", "layer": "commercial utm", "path": "D:\\geomapid\\Kebutuhan Final Project\\SHP\\UTM\\commercial utm.shp" }, "geometry": { "type": "Point", "coordinates": [ 110.3563331, -7.7986755 ] } },
{ "type": "Feature", "properties": { "fid": 594.0, "osm_id": 12648754859.0, "osm_type": "nodes", "amenity": null, "name": "The Cabin Hotel", "layer": "commercial utm", "path": "D:\\geomapid\\Kebutuhan Final Project\\SHP\\UTM\\commercial utm.shp" }, "geometry": { "type": "Point", "coordinates": [ 110.3489923, -7.8011335 ] } },
{ "type": "Feature", "properties": { "fid": 595.0, "osm_id": 12646878594.0, "osm_type": "nodes", "amenity": null, "name": "Teras Maliboro", "layer": "commercial utm", "path": "D:\\geomapid\\Kebutuhan Final Project\\SHP\\UTM\\commercial utm.shp" }, "geometry": { "type": "Point", "coordinates": [ 110.3654773, -7.797894 ] } },
{ "type": "Feature", "properties": { "fid": 596.0, "osm_id": 12644647518.0, "osm_type": "nodes", "amenity": "cafe", "name": "The Capsule", "layer": "commercial utm", "path": "D:\\geomapid\\Kebutuhan Final Project\\SHP\\UTM\\commercial utm.shp" }, "geometry": { "type": "Point", "coordinates": [ 110.364819, -7.7914592 ] } },
{ "type": "Feature", "properties": { "fid": 597.0, "osm_id": 12643728879.0, "osm_type": "nodes", "amenity": null, "name": "Omah Watu Homestay", "layer": "commercial utm", "path": "D:\\geomapid\\Kebutuhan Final Project\\SHP\\UTM\\commercial utm.shp" }, "geometry": { "type": "Point", "coordinates": [ 110.3621837, -7.7914677 ] } },
{ "type": "Feature", "properties": { "fid": 598.0, "osm_id": 12643740057.0, "osm_type": "nodes", "amenity": null, "name": "Selarus Inn", "layer": "commercial utm", "path": "D:\\geomapid\\Kebutuhan Final Project\\SHP\\UTM\\commercial utm.shp" }, "geometry": { "type": "Point", "coordinates": [ 110.3632016, -7.7916981 ] } },
{ "type": "Feature", "properties": { "fid": 599.0, "osm_id": 4562510389.0, "osm_type": "nodes", "amenity": null, "name": "Patra Malioboro", "layer": "commercial utm", "path": "D:\\geomapid\\Kebutuhan Final Project\\SHP\\UTM\\commercial utm.shp" }, "geometry": { "type": "Point", "coordinates": [ 110.3637417, -7.7917023 ] } },
{ "type": "Feature", "properties": { "fid": 600.0, "osm_id": 6327278157.0, "osm_type": "nodes", "amenity": null, "name": "RedDoorz Plus Adya Nalendra", "layer": "commercial utm", "path": "D:\\geomapid\\Kebutuhan Final Project\\SHP\\UTM\\commercial utm.shp" }, "geometry": { "type": "Point", "coordinates": [ 110.364178, -7.7792534 ] } },
{ "type": "Feature", "properties": { "fid": 601.0, "osm_id": 9928826400.0, "osm_type": "nodes", "amenity": null, "name": "Pegadaian", "layer": "commercial utm", "path": "D:\\geomapid\\Kebutuhan Final Project\\SHP\\UTM\\commercial utm.shp" }, "geometry": { "type": "Point", "coordinates": [ 110.3608585, -7.7781445 ] } },
{ "type": "Feature", "properties": { "fid": 602.0, "osm_id": 11554832441.0, "osm_type": "nodes", "amenity": null, "name": "Ace Hardware", "layer": "commercial utm", "path": "D:\\geomapid\\Kebutuhan Final Project\\SHP\\UTM\\commercial utm.shp" }, "geometry": { "type": "Point", "coordinates": [ 110.3524885, -7.7967626 ] } },
{ "type": "Feature", "properties": { "fid": 603.0, "osm_id": 12666427937.0, "osm_type": "nodes", "amenity": "restaurant", "name": "Wizzmie", "layer": "commercial utm", "path": "D:\\geomapid\\Kebutuhan Final Project\\SHP\\UTM\\commercial utm.shp" }, "geometry": { "type": "Point", "coordinates": [ 110.3914036, -7.7826066 ] } },
{ "type": "Feature", "properties": { "fid": 604.0, "osm_id": 7808417593.0, "osm_type": "nodes", "amenity": "restaurant", "name": "Mie Gacoan", "layer": "commercial utm", "path": "D:\\geomapid\\Kebutuhan Final Project\\SHP\\UTM\\commercial utm.shp" }, "geometry": { "type": "Point", "coordinates": [ 110.3751467, -7.7885116 ] } },
{ "type": "Feature", "properties": { "fid": 605.0, "osm_id": 9725898940.0, "osm_type": "nodes", "amenity": null, "name": "Honda", "layer": "commercial utm", "path": "D:\\geomapid\\Kebutuhan Final Project\\SHP\\UTM\\commercial utm.shp" }, "geometry": { "type": "Point", "coordinates": [ 110.3784589, -7.7825866 ] } },
{ "type": "Feature", "properties": { "fid": 606.0, "osm_id": 6680921576.0, "osm_type": "nodes", "amenity": null, "name": "MAKO Cake and Bakery", "layer": "commercial utm", "path": "D:\\geomapid\\Kebutuhan Final Project\\SHP\\UTM\\commercial utm.shp" }, "geometry": { "type": "Point", "coordinates": [ 110.3788092, -7.782593 ] } },
{ "type": "Feature", "properties": { "fid": 607.0, "osm_id": 9160286881.0, "osm_type": "nodes", "amenity": null, "name": "Kotabaru Boutique House", "layer": "commercial utm", "path": "D:\\geomapid\\Kebutuhan Final Project\\SHP\\UTM\\commercial utm.shp" }, "geometry": { "type": "Point", "coordinates": [ 110.375758, -7.7848597 ] } },
{ "type": "Feature", "properties": { "fid": 608.0, "osm_id": 9175232114.0, "osm_type": "nodes", "amenity": "cafe", "name": "Janji Jiwa", "layer": "commercial utm", "path": "D:\\geomapid\\Kebutuhan Final Project\\SHP\\UTM\\commercial utm.shp" }, "geometry": { "type": "Point", "coordinates": [ 110.3750572, -7.7833638 ] } },
{ "type": "Feature", "properties": { "fid": 609.0, "osm_id": 9194565894.0, "osm_type": "nodes", "amenity": null, "name": "REI", "layer": "commercial utm", "path": "D:\\geomapid\\Kebutuhan Final Project\\SHP\\UTM\\commercial utm.shp" }, "geometry": { "type": "Point", "coordinates": [ 110.3787906, -7.7866004 ] } },
{ "type": "Feature", "properties": { "fid": 610.0, "osm_id": 9200965803.0, "osm_type": "nodes", "amenity": null, "name": "Home Schooling Entrepreneur", "layer": "commercial utm", "path": "D:\\geomapid\\Kebutuhan Final Project\\SHP\\UTM\\commercial utm.shp" }, "geometry": { "type": "Point", "coordinates": [ 110.3755251, -7.7804034 ] } },
{ "type": "Feature", "properties": { "fid": 611.0, "osm_id": 3229536573.0, "osm_type": "nodes", "amenity": "restaurant", "name": "Bakmi Jawa Pak Pele", "layer": "commercial utm", "path": "D:\\geomapid\\Kebutuhan Final Project\\SHP\\UTM\\commercial utm.shp" }, "geometry": { "type": "Point", "coordinates": [ 110.3652655, -7.8052337 ] } },
{ "type": "Feature", "properties": { "fid": 612.0, "osm_id": 12838748896.0, "osm_type": "nodes", "amenity": "restaurant", "name": "House of Raminten", "layer": "commercial utm", "path": "D:\\geomapid\\Kebutuhan Final Project\\SHP\\UTM\\commercial utm.shp" }, "geometry": { "type": "Point", "coordinates": [ 110.3715184, -7.785158899999989 ] } },
{ "type": "Feature", "properties": { "fid": 613.0, "osm_id": 12852634866.0, "osm_type": "nodes", "amenity": null, "name": "Yayasan \"Bhakti Loka\" Yogyakarta", "layer": "commercial utm", "path": "D:\\geomapid\\Kebutuhan Final Project\\SHP\\UTM\\commercial utm.shp" }, "geometry": { "type": "Point", "coordinates": [ 110.3651054, -7.7820467 ] } },
{ "type": "Feature", "properties": { "fid": 614.0, "osm_id": 12744177001.0, "osm_type": "nodes", "amenity": "fast_food", "name": "Burjo Jowo", "layer": "commercial utm", "path": "D:\\geomapid\\Kebutuhan Final Project\\SHP\\UTM\\commercial utm.shp" }, "geometry": { "type": "Point", "coordinates": [ 110.369256800000016, -7.8057208 ] } },
{ "type": "Feature", "properties": { "fid": 615.0, "osm_id": 12644702569.0, "osm_type": "nodes", "amenity": null, "name": "Aura Hotel", "layer": "commercial utm", "path": "D:\\geomapid\\Kebutuhan Final Project\\SHP\\UTM\\commercial utm.shp" }, "geometry": { "type": "Point", "coordinates": [ 110.3641233, -7.7915514 ] } },
{ "type": "Feature", "properties": { "fid": 616.0, "osm_id": 12644696325.0, "osm_type": "nodes", "amenity": null, "name": "Indonesia Hotel", "layer": "commercial utm", "path": "D:\\geomapid\\Kebutuhan Final Project\\SHP\\UTM\\commercial utm.shp" }, "geometry": { "type": "Point", "coordinates": [ 110.3653013, -7.7918047 ] } },
{ "type": "Feature", "properties": { "fid": 617.0, "osm_id": 12598979921.0, "osm_type": "nodes", "amenity": "restaurant", "name": "Solaria", "layer": "commercial utm", "path": "D:\\geomapid\\Kebutuhan Final Project\\SHP\\UTM\\commercial utm.shp" }, "geometry": { "type": "Point", "coordinates": [ 110.3659882, -7.7906132 ] } },
{ "type": "Feature", "properties": { "fid": 618.0, "osm_id": 1654008773.0, "osm_type": "nodes", "amenity": null, "name": "Super Indo", "layer": "commercial utm", "path": "D:\\geomapid\\Kebutuhan Final Project\\SHP\\UTM\\commercial utm.shp" }, "geometry": { "type": "Point", "coordinates": [ 110.3680792, -7.8242216 ] } },
{ "type": "Feature", "properties": { "fid": 619.0, "osm_id": 8422933296.0, "osm_type": "nodes", "amenity": "marketplace", "name": "Pasar Bringharjo", "layer": "commercial utm", "path": "D:\\geomapid\\Kebutuhan Final Project\\SHP\\UTM\\commercial utm.shp" }, "geometry": { "type": "Point", "coordinates": [ 110.3667794, -7.7987878 ] } },
{ "type": "Feature", "properties": { "fid": 620.0, "osm_id": 4744222294.0, "osm_type": "nodes", "amenity": "cafe", "name": "Legend Cafe", "layer": "commercial utm", "path": "D:\\geomapid\\Kebutuhan Final Project\\SHP\\UTM\\commercial utm.shp" }, "geometry": { "type": "Point", "coordinates": [ 110.3730222, -7.78813 ] } },
{ "type": "Feature", "properties": { "fid": 621.0, "osm_id": 10701235436.0, "osm_type": "nodes", "amenity": null, "name": "Jogjatronik", "layer": "commercial utm", "path": "D:\\geomapid\\Kebutuhan Final Project\\SHP\\UTM\\commercial utm.shp" }, "geometry": { "type": "Point", "coordinates": [ 110.3695145, -7.8060303 ] } },
{ "type": "Feature", "properties": { "fid": 622.0, "osm_id": 9725910275.0, "osm_type": "nodes", "amenity": null, "name": "Honda", "layer": "commercial utm", "path": "D:\\geomapid\\Kebutuhan Final Project\\SHP\\UTM\\commercial utm.shp" }, "geometry": { "type": "Point", "coordinates": [ 110.3898548, -7.7834557 ] } },
{ "type": "Feature", "properties": { "fid": 623.0, "osm_id": 11499461189.0, "osm_type": "nodes", "amenity": "restaurant", "name": "Burjo Borneo", "layer": "commercial utm", "path": "D:\\geomapid\\Kebutuhan Final Project\\SHP\\UTM\\commercial utm.shp" }, "geometry": { "type": "Point", "coordinates": [ 110.3933976, -7.789082 ] } },
{ "type": "Feature", "properties": { "fid": 624.0, "osm_id": 11496010974.0, "osm_type": "nodes", "amenity": "restaurant", "name": "Bedjo Mie Ayam Bakso Batas Kota", "layer": "commercial utm", "path": "D:\\geomapid\\Kebutuhan Final Project\\SHP\\UTM\\commercial utm.shp" }, "geometry": { "type": "Point", "coordinates": [ 110.3906683, -7.782962 ] } },
{ "type": "Feature", "properties": { "fid": 625.0, "osm_id": 3987578841.0, "osm_type": "nodes", "amenity": null, "name": "Planet Pool Center", "layer": "commercial utm", "path": "D:\\geomapid\\Kebutuhan Final Project\\SHP\\UTM\\commercial utm.shp" }, "geometry": { "type": "Point", "coordinates": [ 110.3870159, -7.7830103 ] } },
{ "type": "Feature", "properties": { "fid": 626.0, "osm_id": 4850031421.0, "osm_type": "nodes", "amenity": "restaurant", "name": "Lombok Ijo", "layer": "commercial utm", "path": "D:\\geomapid\\Kebutuhan Final Project\\SHP\\UTM\\commercial utm.shp" }, "geometry": { "type": "Point", "coordinates": [ 110.3896844, -7.7832408 ] } },
{ "type": "Feature", "properties": { "fid": 627.0, "osm_id": 12964702501.0, "osm_type": "nodes", "amenity": "bar", "name": "Platinum", "layer": "commercial utm", "path": "D:\\geomapid\\Kebutuhan Final Project\\SHP\\UTM\\commercial utm.shp" }, "geometry": { "type": "Point", "coordinates": [ 110.3857668, -7.7827946 ] } },
{ "type": "Feature", "properties": { "fid": 628.0, "osm_id": 12805798901.0, "osm_type": "nodes", "amenity": null, "name": "Indomaret", "layer": "commercial utm", "path": "D:\\geomapid\\Kebutuhan Final Project\\SHP\\UTM\\commercial utm.shp" }, "geometry": { "type": "Point", "coordinates": [ 110.3865321, -7.7899362 ] } },
{ "type": "Feature", "properties": { "fid": 629.0, "osm_id": 6327275159.0, "osm_type": "nodes", "amenity": "restaurant", "name": "Bungong Jeumpa", "layer": "commercial utm", "path": "D:\\geomapid\\Kebutuhan Final Project\\SHP\\UTM\\commercial utm.shp" }, "geometry": { "type": "Point", "coordinates": [ 110.3644388, -7.7780098 ] } },
{ "type": "Feature", "properties": { "fid": 630.0, "osm_id": 4226633916.0, "osm_type": "nodes", "amenity": null, "name": "Bunk Bed and Breakfast Hostel", "layer": "commercial utm", "path": "D:\\geomapid\\Kebutuhan Final Project\\SHP\\UTM\\commercial utm.shp" }, "geometry": { "type": "Point", "coordinates": [ 110.3565181, -7.8028105 ] } },
{ "type": "Feature", "properties": { "fid": 631.0, "osm_id": 4194971492.0, "osm_type": "nodes", "amenity": null, "name": "bird market", "layer": "commercial utm", "path": "D:\\geomapid\\Kebutuhan Final Project\\SHP\\UTM\\commercial utm.shp" }, "geometry": { "type": "Point", "coordinates": [ 110.3548719, -7.8246758 ] } },
{ "type": "Feature", "properties": { "fid": 632.0, "osm_id": 9391539689.0, "osm_type": "nodes", "amenity": null, "name": "KOS GRIYA MBAMBANGAN", "layer": "commercial utm", "path": "D:\\geomapid\\Kebutuhan Final Project\\SHP\\UTM\\commercial utm.shp" }, "geometry": { "type": "Point", "coordinates": [ 110.3583902, -7.8226333 ] } },
{ "type": "Feature", "properties": { "fid": 633.0, "osm_id": 3630332092.0, "osm_type": "nodes", "amenity": "restaurant", "name": "Gado2 Bu Barinah", "layer": "commercial utm", "path": "D:\\geomapid\\Kebutuhan Final Project\\SHP\\UTM\\commercial utm.shp" }, "geometry": { "type": "Point", "coordinates": [ 110.3551655, -7.8226027 ] } },
{ "type": "Feature", "properties": { "fid": 634.0, "osm_id": 3584926495.0, "osm_type": "nodes", "amenity": null, "name": "Toko Ikan Hias", "layer": "commercial utm", "path": "D:\\geomapid\\Kebutuhan Final Project\\SHP\\UTM\\commercial utm.shp" }, "geometry": { "type": "Point", "coordinates": [ 110.3549002, -7.8228286 ] } },
{ "type": "Feature", "properties": { "fid": 635.0, "osm_id": 7014275485.0, "osm_type": "nodes", "amenity": "restaurant", "name": "Bakmi Shi Bhi Su", "layer": "commercial utm", "path": "D:\\geomapid\\Kebutuhan Final Project\\SHP\\UTM\\commercial utm.shp" }, "geometry": { "type": "Point", "coordinates": [ 110.3553365, -7.8216732 ] } },
{ "type": "Feature", "properties": { "fid": 636.0, "osm_id": 5855070049.0, "osm_type": "nodes", "amenity": "restaurant", "name": "Popeye Chicken Express", "layer": "commercial utm", "path": "D:\\geomapid\\Kebutuhan Final Project\\SHP\\UTM\\commercial utm.shp" }, "geometry": { "type": "Point", "coordinates": [ 110.3556655, -7.82003810000001 ] } },
{ "type": "Feature", "properties": { "fid": 637.0, "osm_id": 5823422753.0, "osm_type": "nodes", "amenity": "restaurant", "name": "Tiga Saudara", "layer": "commercial utm", "path": "D:\\geomapid\\Kebutuhan Final Project\\SHP\\UTM\\commercial utm.shp" }, "geometry": { "type": "Point", "coordinates": [ 110.3556541, -7.818869 ] } },
{ "type": "Feature", "properties": { "fid": 638.0, "osm_id": 3585204028.0, "osm_type": "nodes", "amenity": null, "name": "Kios Biru", "layer": "commercial utm", "path": "D:\\geomapid\\Kebutuhan Final Project\\SHP\\UTM\\commercial utm.shp" }, "geometry": { "type": "Point", "coordinates": [ 110.3530051, -7.8190843 ] } },
{ "type": "Feature", "properties": { "fid": 639.0, "osm_id": 4707067554.0, "osm_type": "nodes", "amenity": null, "name": "Warung Bu Bambang", "layer": "commercial utm", "path": "D:\\geomapid\\Kebutuhan Final Project\\SHP\\UTM\\commercial utm.shp" }, "geometry": { "type": "Point", "coordinates": [ 110.3519954, -7.8172887 ] } },
{ "type": "Feature", "properties": { "fid": 640.0, "osm_id": 7097841488.0, "osm_type": "nodes", "amenity": "cafe", "name": "Tirana art house & kitchen", "layer": "commercial utm", "path": "D:\\geomapid\\Kebutuhan Final Project\\SHP\\UTM\\commercial utm.shp" }, "geometry": { "type": "Point", "coordinates": [ 110.3574554, -7.8177449 ] } },
{ "type": "Feature", "properties": { "fid": 641.0, "osm_id": 4393626789.0, "osm_type": "nodes", "amenity": null, "name": "Jogja Dreams Bed and Breakfast", "layer": "commercial utm", "path": "D:\\geomapid\\Kebutuhan Final Project\\SHP\\UTM\\commercial utm.shp" }, "geometry": { "type": "Point", "coordinates": [ 110.3581166, -7.8181547 ] } },
{ "type": "Feature", "properties": { "fid": 642.0, "osm_id": 6081246385.0, "osm_type": "nodes", "amenity": null, "name": "Azizi Cake and Catering", "layer": "commercial utm", "path": "D:\\geomapid\\Kebutuhan Final Project\\SHP\\UTM\\commercial utm.shp" }, "geometry": { "type": "Point", "coordinates": [ 110.3547696, -7.8160908 ] } },
{ "type": "Feature", "properties": { "fid": 643.0, "osm_id": 9247001004.0, "osm_type": "nodes", "amenity": null, "name": "Tasik Jogja Hotel", "layer": "commercial utm", "path": "D:\\geomapid\\Kebutuhan Final Project\\SHP\\UTM\\commercial utm.shp" }, "geometry": { "type": "Point", "coordinates": [ 110.3563386, -7.815548 ] } },
{ "type": "Feature", "properties": { "fid": 644.0, "osm_id": 9835473201.0, "osm_type": "nodes", "amenity": null, "name": "Hotel Novatel", "layer": "commercial utm", "path": "D:\\geomapid\\Kebutuhan Final Project\\SHP\\UTM\\commercial utm.shp" }, "geometry": { "type": "Point", "coordinates": [ 110.3562836, -7.8052424 ] } },
{ "type": "Feature", "properties": { "fid": 645.0, "osm_id": 1848525766.0, "osm_type": "nodes", "amenity": null, "name": null, "layer": "commercial utm", "path": "D:\\geomapid\\Kebutuhan Final Project\\SHP\\UTM\\commercial utm.shp" }, "geometry": { "type": "Point", "coordinates": [ 110.3523356, -7.7975455 ] } },
{ "type": "Feature", "properties": { "fid": 646.0, "osm_id": 1848525761.0, "osm_type": "nodes", "amenity": null, "name": "Toko Sepeda", "layer": "commercial utm", "path": "D:\\geomapid\\Kebutuhan Final Project\\SHP\\UTM\\commercial utm.shp" }, "geometry": { "type": "Point", "coordinates": [ 110.35192840000002, -7.7986302 ] } },
{ "type": "Feature", "properties": { "fid": 647.0, "osm_id": 3600247125.0, "osm_type": "nodes", "amenity": null, "name": "Bugisan", "layer": "commercial utm", "path": "D:\\geomapid\\Kebutuhan Final Project\\SHP\\UTM\\commercial utm.shp" }, "geometry": { "type": "Point", "coordinates": [ 110.3515726, -7.8119926 ] } },
{ "type": "Feature", "properties": { "fid": 648.0, "osm_id": 7097541251.0, "osm_type": "nodes", "amenity": null, "name": "Essen", "layer": "commercial utm", "path": "D:\\geomapid\\Kebutuhan Final Project\\SHP\\UTM\\commercial utm.shp" }, "geometry": { "type": "Point", "coordinates": [ 110.350397300000012, -7.808552 ] } },
{ "type": "Feature", "properties": { "fid": 649.0, "osm_id": 5017310624.0, "osm_type": "nodes", "amenity": "fast_food", "name": null, "layer": "commercial utm", "path": "D:\\geomapid\\Kebutuhan Final Project\\SHP\\UTM\\commercial utm.shp" }, "geometry": { "type": "Point", "coordinates": [ 110.3503634, -7.8072543 ] } },
{ "type": "Feature", "properties": { "fid": 650.0, "osm_id": 10658056005.0, "osm_type": "nodes", "amenity": null, "name": "Bobobox", "layer": "commercial utm", "path": "D:\\geomapid\\Kebutuhan Final Project\\SHP\\UTM\\commercial utm.shp" }, "geometry": { "type": "Point", "coordinates": [ 110.365443200000016, -7.7949947 ] } },
{ "type": "Feature", "properties": { "fid": 651.0, "osm_id": 5302095619.0, "osm_type": "nodes", "amenity": null, "name": "The Packer Lodge", "layer": "commercial utm", "path": "D:\\geomapid\\Kebutuhan Final Project\\SHP\\UTM\\commercial utm.shp" }, "geometry": { "type": "Point", "coordinates": [ 110.3650732, -7.7939545 ] } },
{ "type": "Feature", "properties": { "fid": 652.0, "osm_id": 5272163321.0, "osm_type": "nodes", "amenity": null, "name": null, "layer": "commercial utm", "path": "D:\\geomapid\\Kebutuhan Final Project\\SHP\\UTM\\commercial utm.shp" }, "geometry": { "type": "Point", "coordinates": [ 110.3651077, -7.7938928 ] } },
{ "type": "Feature", "properties": { "fid": 653.0, "osm_id": 6359777566.0, "osm_type": "nodes", "amenity": "restaurant", "name": "Padang Vegan Damai", "layer": "commercial utm", "path": "D:\\geomapid\\Kebutuhan Final Project\\SHP\\UTM\\commercial utm.shp" }, "geometry": { "type": "Point", "coordinates": [ 110.3667089, -7.7932923 ] } },
{ "type": "Feature", "properties": { "fid": 654.0, "osm_id": 5833839182.0, "osm_type": "nodes", "amenity": null, "name": "Jasmine Heritage Homestay", "layer": "commercial utm", "path": "D:\\geomapid\\Kebutuhan Final Project\\SHP\\UTM\\commercial utm.shp" }, "geometry": { "type": "Point", "coordinates": [ 110.3706682, -7.8041651 ] } },
{ "type": "Feature", "properties": { "fid": 655.0, "osm_id": 8663089617.0, "osm_type": "nodes", "amenity": "fast_food", "name": "Rumah mama de", "layer": "commercial utm", "path": "D:\\geomapid\\Kebutuhan Final Project\\SHP\\UTM\\commercial utm.shp" }, "geometry": { "type": "Point", "coordinates": [ 110.3680123, -7.803416 ] } },
{ "type": "Feature", "properties": { "fid": 656.0, "osm_id": 3630420120.0, "osm_type": "nodes", "amenity": "restaurant", "name": "Dapur Sambal", "layer": "commercial utm", "path": "D:\\geomapid\\Kebutuhan Final Project\\SHP\\UTM\\commercial utm.shp" }, "geometry": { "type": "Point", "coordinates": [ 110.3663228, -7.8031767 ] } },
{ "type": "Feature", "properties": { "fid": 657.0, "osm_id": 7277297210.0, "osm_type": "nodes", "amenity": null, "name": "Dagadu Jogja", "layer": "commercial utm", "path": "D:\\geomapid\\Kebutuhan Final Project\\SHP\\UTM\\commercial utm.shp" }, "geometry": { "type": "Point", "coordinates": [ 110.3658321, -7.8030653 ] } },
{ "type": "Feature", "properties": { "fid": 658.0, "osm_id": 5835296988.0, "osm_type": "nodes", "amenity": null, "name": "Kopi Walik", "layer": "commercial utm", "path": "D:\\geomapid\\Kebutuhan Final Project\\SHP\\UTM\\commercial utm.shp" }, "geometry": { "type": "Point", "coordinates": [ 110.3650343, -7.8027916 ] } },
{ "type": "Feature", "properties": { "fid": 659.0, "osm_id": 10824388113.0, "osm_type": "nodes", "amenity": "cafe", "name": "Pendopo Malioboro", "layer": "commercial utm", "path": "D:\\geomapid\\Kebutuhan Final Project\\SHP\\UTM\\commercial utm.shp" }, "geometry": { "type": "Point", "coordinates": [ 110.3657753, -7.8028125 ] } },
{ "type": "Feature", "properties": { "fid": 660.0, "osm_id": 10651660277.0, "osm_type": "nodes", "amenity": "restaurant", "name": "Raminten 3", "layer": "commercial utm", "path": "D:\\geomapid\\Kebutuhan Final Project\\SHP\\UTM\\commercial utm.shp" }, "geometry": { "type": "Point", "coordinates": [ 110.3647975, -7.7991485 ] } },
{ "type": "Feature", "properties": { "fid": 661.0, "osm_id": 9833403898.0, "osm_type": "nodes", "amenity": "marketplace", "name": "Pasar Senthir", "layer": "commercial utm", "path": "D:\\geomapid\\Kebutuhan Final Project\\SHP\\UTM\\commercial utm.shp" }, "geometry": { "type": "Point", "coordinates": [ 110.3663389, -7.799382 ] } },
{ "type": "Feature", "properties": { "fid": 662.0, "osm_id": 7117184675.0, "osm_type": "nodes", "amenity": null, "name": "Penak Malioboro", "layer": "commercial utm", "path": "D:\\geomapid\\Kebutuhan Final Project\\SHP\\UTM\\commercial utm.shp" }, "geometry": { "type": "Point", "coordinates": [ 110.36805240000001, -7.7923645 ] } },
{ "type": "Feature", "properties": { "fid": 663.0, "osm_id": 4331953297.0, "osm_type": "nodes", "amenity": "restaurant", "name": "Tahu Tek Jumbo", "layer": "commercial utm", "path": "D:\\geomapid\\Kebutuhan Final Project\\SHP\\UTM\\commercial utm.shp" }, "geometry": { "type": "Point", "coordinates": [ 110.3573118, -7.7912204 ] } },
{ "type": "Feature", "properties": { "fid": 664.0, "osm_id": 4364472392.0, "osm_type": "nodes", "amenity": null, "name": "Wakeup Homestay", "layer": "commercial utm", "path": "D:\\geomapid\\Kebutuhan Final Project\\SHP\\UTM\\commercial utm.shp" }, "geometry": { "type": "Point", "coordinates": [ 110.3619542, -7.7912429 ] } },
{ "type": "Feature", "properties": { "fid": 665.0, "osm_id": 4528072890.0, "osm_type": "nodes", "amenity": null, "name": "Lotus Losmen", "layer": "commercial utm", "path": "D:\\geomapid\\Kebutuhan Final Project\\SHP\\UTM\\commercial utm.shp" }, "geometry": { "type": "Point", "coordinates": [ 110.3637267, -7.7911289 ] } },
{ "type": "Feature", "properties": { "fid": 666.0, "osm_id": 5507247629.0, "osm_type": "nodes", "amenity": null, "name": "Merbubu", "layer": "commercial utm", "path": "D:\\geomapid\\Kebutuhan Final Project\\SHP\\UTM\\commercial utm.shp" }, "geometry": { "type": "Point", "coordinates": [ 110.3650914, -7.7914478 ] } },
{ "type": "Feature", "properties": { "fid": 667.0, "osm_id": 9831930494.0, "osm_type": "nodes", "amenity": null, "name": "Homy Backpackers Homestay Yogyakarta", "layer": "commercial utm", "path": "D:\\geomapid\\Kebutuhan Final Project\\SHP\\UTM\\commercial utm.shp" }, "geometry": { "type": "Point", "coordinates": [ 110.3599287, -7.7914326 ] } },
{ "type": "Feature", "properties": { "fid": 668.0, "osm_id": 10660958205.0, "osm_type": "nodes", "amenity": "restaurant", "name": "Warung Nguri Uri", "layer": "commercial utm", "path": "D:\\geomapid\\Kebutuhan Final Project\\SHP\\UTM\\commercial utm.shp" }, "geometry": { "type": "Point", "coordinates": [ 110.3652336, -7.7917681 ] } },
{ "type": "Feature", "properties": { "fid": 669.0, "osm_id": 5157320326.0, "osm_type": "nodes", "amenity": "fast_food", "name": "Mie Goreng", "layer": "commercial utm", "path": "D:\\geomapid\\Kebutuhan Final Project\\SHP\\UTM\\commercial utm.shp" }, "geometry": { "type": "Point", "coordinates": [ 110.3652985, -7.7917058 ] } },
{ "type": "Feature", "properties": { "fid": 670.0, "osm_id": 4424590790.0, "osm_type": "nodes", "amenity": "restaurant", "name": "Batik", "layer": "commercial utm", "path": "D:\\geomapid\\Kebutuhan Final Project\\SHP\\UTM\\commercial utm.shp" }, "geometry": { "type": "Point", "coordinates": [ 110.365052, -7.7916636 ] } },
{ "type": "Feature", "properties": { "fid": 671.0, "osm_id": 10647906400.0, "osm_type": "nodes", "amenity": null, "name": "Dewi Hostel", "layer": "commercial utm", "path": "D:\\geomapid\\Kebutuhan Final Project\\SHP\\UTM\\commercial utm.shp" }, "geometry": { "type": "Point", "coordinates": [ 110.3643358, -7.7915886 ] } },
{ "type": "Feature", "properties": { "fid": 672.0, "osm_id": 4767366622.0, "osm_type": "nodes", "amenity": "bar", "name": "Oxen Free", "layer": "commercial utm", "path": "D:\\geomapid\\Kebutuhan Final Project\\SHP\\UTM\\commercial utm.shp" }, "geometry": { "type": "Point", "coordinates": [ 110.365491800000015, -7.7915932 ] } },
{ "type": "Feature", "properties": { "fid": 673.0, "osm_id": 4217400845.0, "osm_type": "nodes", "amenity": null, "name": "Laura's backpacker 523, nr 2", "layer": "commercial utm", "path": "D:\\geomapid\\Kebutuhan Final Project\\SHP\\UTM\\commercial utm.shp" }, "geometry": { "type": "Point", "coordinates": [ 110.3707421, -7.790796 ] } },
{ "type": "Feature", "properties": { "fid": 674.0, "osm_id": 5468132497.0, "osm_type": "nodes", "amenity": "restaurant", "name": "Bedhots Resto", "layer": "commercial utm", "path": "D:\\geomapid\\Kebutuhan Final Project\\SHP\\UTM\\commercial utm.shp" }, "geometry": { "type": "Point", "coordinates": [ 110.3639597, -7.7908659 ] } },
{ "type": "Feature", "properties": { "fid": 675.0, "osm_id": 2415513216.0, "osm_type": "nodes", "amenity": null, "name": "Betty losmen", "layer": "commercial utm", "path": "D:\\geomapid\\Kebutuhan Final Project\\SHP\\UTM\\commercial utm.shp" }, "geometry": { "type": "Point", "coordinates": [ 110.3636914, -7.7909254 ] } },
{ "type": "Feature", "properties": { "fid": 676.0, "osm_id": 6679862338.0, "osm_type": "nodes", "amenity": null, "name": "105 Homestay", "layer": "commercial utm", "path": "D:\\geomapid\\Kebutuhan Final Project\\SHP\\UTM\\commercial utm.shp" }, "geometry": { "type": "Point", "coordinates": [ 110.3652133, -7.7909083 ] } },
{ "type": "Feature", "properties": { "fid": 677.0, "osm_id": 6679865106.0, "osm_type": "nodes", "amenity": null, "name": "Anda Losmen", "layer": "commercial utm", "path": "D:\\geomapid\\Kebutuhan Final Project\\SHP\\UTM\\commercial utm.shp" }, "geometry": { "type": "Point", "coordinates": [ 110.3641136, -7.7907431 ] } },
{ "type": "Feature", "properties": { "fid": 678.0, "osm_id": 9886327917.0, "osm_type": "nodes", "amenity": null, "name": null, "layer": "commercial utm", "path": "D:\\geomapid\\Kebutuhan Final Project\\SHP\\UTM\\commercial utm.shp" }, "geometry": { "type": "Point", "coordinates": [ 110.3637727, -7.790728 ] } },
{ "type": "Feature", "properties": { "fid": 679.0, "osm_id": 4183414489.0, "osm_type": "nodes", "amenity": null, "name": "Andrea Hotel", "layer": "commercial utm", "path": "D:\\geomapid\\Kebutuhan Final Project\\SHP\\UTM\\commercial utm.shp" }, "geometry": { "type": "Point", "coordinates": [ 110.3639164, -7.7903714 ] } },
{ "type": "Feature", "properties": { "fid": 680.0, "osm_id": 8519277412.0, "osm_type": "nodes", "amenity": null, "name": "Jalan Malioboro", "layer": "commercial utm", "path": "D:\\geomapid\\Kebutuhan Final Project\\SHP\\UTM\\commercial utm.shp" }, "geometry": { "type": "Point", "coordinates": [ 110.3661311, -7.7900451 ] } },
{ "type": "Feature", "properties": { "fid": 681.0, "osm_id": 10302309215.0, "osm_type": "nodes", "amenity": "restaurant", "name": "Zona Seafood", "layer": "commercial utm", "path": "D:\\geomapid\\Kebutuhan Final Project\\SHP\\UTM\\commercial utm.shp" }, "geometry": { "type": "Point", "coordinates": [ 110.3701822, -7.7895536 ] } },
{ "type": "Feature", "properties": { "fid": 682.0, "osm_id": 7811256799.0, "osm_type": "nodes", "amenity": "restaurant", "name": "Angkringan Semar Jogja", "layer": "commercial utm", "path": "D:\\geomapid\\Kebutuhan Final Project\\SHP\\UTM\\commercial utm.shp" }, "geometry": { "type": "Point", "coordinates": [ 110.3700634, -7.7894611 ] } },
{ "type": "Feature", "properties": { "fid": 683.0, "osm_id": 4416176893.0, "osm_type": "nodes", "amenity": null, "name": "Twins", "layer": "commercial utm", "path": "D:\\geomapid\\Kebutuhan Final Project\\SHP\\UTM\\commercial utm.shp" }, "geometry": { "type": "Point", "coordinates": [ 110.3629575, -7.7894556 ] } },
{ "type": "Feature", "properties": { "fid": 684.0, "osm_id": 6698893894.0, "osm_type": "nodes", "amenity": "bar", "name": "Skylounge", "layer": "commercial utm", "path": "D:\\geomapid\\Kebutuhan Final Project\\SHP\\UTM\\commercial utm.shp" }, "geometry": { "type": "Point", "coordinates": [ 110.3646868, -7.7900252 ] } },
{ "type": "Feature", "properties": { "fid": 685.0, "osm_id": 5970560685.0, "osm_type": "nodes", "amenity": null, "name": "Gaia Cosmo Hotel", "layer": "commercial utm", "path": "D:\\geomapid\\Kebutuhan Final Project\\SHP\\UTM\\commercial utm.shp" }, "geometry": { "type": "Point", "coordinates": [ 110.3926935, -7.7989757 ] } },
{ "type": "Feature", "properties": { "fid": 686.0, "osm_id": 9811875148.0, "osm_type": "nodes", "amenity": "restaurant", "name": "Gudeg Bu Tiwik", "layer": "commercial utm", "path": "D:\\geomapid\\Kebutuhan Final Project\\SHP\\UTM\\commercial utm.shp" }, "geometry": { "type": "Point", "coordinates": [ 110.3878483, -7.8341372 ] } },
{ "type": "Feature", "properties": { "fid": 687.0, "osm_id": 9175271265.0, "osm_type": "nodes", "amenity": "restaurant", "name": "Oseng-oseng Mercon Bu Narti", "layer": "commercial utm", "path": "D:\\geomapid\\Kebutuhan Final Project\\SHP\\UTM\\commercial utm.shp" }, "geometry": { "type": "Point", "coordinates": [ 110.3734217, -7.7875926 ] } },
{ "type": "Feature", "properties": { "fid": 688.0, "osm_id": 9205485633.0, "osm_type": "nodes", "amenity": "restaurant", "name": "Doniteni", "layer": "commercial utm", "path": "D:\\geomapid\\Kebutuhan Final Project\\SHP\\UTM\\commercial utm.shp" }, "geometry": { "type": "Point", "coordinates": [ 110.3796057, -7.7874405 ] } },
{ "type": "Feature", "properties": { "fid": 689.0, "osm_id": 9205485638.0, "osm_type": "nodes", "amenity": "restaurant", "name": "Warung Makan Pak Lay", "layer": "commercial utm", "path": "D:\\geomapid\\Kebutuhan Final Project\\SHP\\UTM\\commercial utm.shp" }, "geometry": { "type": "Point", "coordinates": [ 110.38022380000001, -7.7875036 ] } },
{ "type": "Feature", "properties": { "fid": 690.0, "osm_id": 10653433679.0, "osm_type": "nodes", "amenity": null, "name": "Bakpia Pathok 25 Pabrik Jaya", "layer": "commercial utm", "path": "D:\\geomapid\\Kebutuhan Final Project\\SHP\\UTM\\commercial utm.shp" }, "geometry": { "type": "Point", "coordinates": [ 110.3609562, -7.796825 ] } },
{ "type": "Feature", "properties": { "fid": 691.0, "osm_id": 9824030311.0, "osm_type": "nodes", "amenity": null, "name": "OYO 1626 Alena Residence", "layer": "commercial utm", "path": "D:\\geomapid\\Kebutuhan Final Project\\SHP\\UTM\\commercial utm.shp" }, "geometry": { "type": "Point", "coordinates": [ 110.3582813, -7.7930454 ] } },
{ "type": "Feature", "properties": { "fid": 692.0, "osm_id": 3872990726.0, "osm_type": "nodes", "amenity": "restaurant", "name": "Fortunate Coffee Jogja", "layer": "commercial utm", "path": "D:\\geomapid\\Kebutuhan Final Project\\SHP\\UTM\\commercial utm.shp" }, "geometry": { "type": "Point", "coordinates": [ 110.361162, -7.7940577 ] } },
{ "type": "Feature", "properties": { "fid": 693.0, "osm_id": 6280308108.0, "osm_type": "nodes", "amenity": null, "name": "Violetti", "layer": "commercial utm", "path": "D:\\geomapid\\Kebutuhan Final Project\\SHP\\UTM\\commercial utm.shp" }, "geometry": { "type": "Point", "coordinates": [ 110.3613842, -7.7941459 ] } },
{ "type": "Feature", "properties": { "fid": 694.0, "osm_id": 4012134546.0, "osm_type": "nodes", "amenity": null, "name": "Purnomo Batik art group (likely scam)", "layer": "commercial utm", "path": "D:\\geomapid\\Kebutuhan Final Project\\SHP\\UTM\\commercial utm.shp" }, "geometry": { "type": "Point", "coordinates": [ 110.3609039, -7.7946327 ] } },
{ "type": "Feature", "properties": { "fid": 695.0, "osm_id": 4058092414.0, "osm_type": "nodes", "amenity": null, "name": "Elfon laundry", "layer": "commercial utm", "path": "D:\\geomapid\\Kebutuhan Final Project\\SHP\\UTM\\commercial utm.shp" }, "geometry": { "type": "Point", "coordinates": [ 110.3631167, -7.79384 ] } },
{ "type": "Feature", "properties": { "fid": 696.0, "osm_id": 5250888332.0, "osm_type": "nodes", "amenity": "restaurant", "name": "Mie goreng Minceu", "layer": "commercial utm", "path": "D:\\geomapid\\Kebutuhan Final Project\\SHP\\UTM\\commercial utm.shp" }, "geometry": { "type": "Point", "coordinates": [ 110.3630416, -7.7937559 ] } },
{ "type": "Feature", "properties": { "fid": 697.0, "osm_id": 6679855842.0, "osm_type": "nodes", "amenity": "fast_food", "name": "Olive Fried Chicken", "layer": "commercial utm", "path": "D:\\geomapid\\Kebutuhan Final Project\\SHP\\UTM\\commercial utm.shp" }, "geometry": { "type": "Point", "coordinates": [ 110.3610471, -7.793581 ] } },
{ "type": "Feature", "properties": { "fid": 698.0, "osm_id": 4290034496.0, "osm_type": "nodes", "amenity": "restaurant", "name": "Pak Gembul", "layer": "commercial utm", "path": "D:\\geomapid\\Kebutuhan Final Project\\SHP\\UTM\\commercial utm.shp" }, "geometry": { "type": "Point", "coordinates": [ 110.3616132, -7.8010808 ] } },
{ "type": "Feature", "properties": { "fid": 699.0, "osm_id": 5909421285.0, "osm_type": "nodes", "amenity": "cafe", "name": "Ajaiba", "layer": "commercial utm", "path": "D:\\geomapid\\Kebutuhan Final Project\\SHP\\UTM\\commercial utm.shp" }, "geometry": { "type": "Point", "coordinates": [ 110.3629028, -7.7991429 ] } },
{ "type": "Feature", "properties": { "fid": 700.0, "osm_id": 4328777590.0, "osm_type": "nodes", "amenity": "fast_food", "name": "Ketoprak Jakarta", "layer": "commercial utm", "path": "D:\\geomapid\\Kebutuhan Final Project\\SHP\\UTM\\commercial utm.shp" }, "geometry": { "type": "Point", "coordinates": [ 110.3621344, -7.7991378 ] } },
{ "type": "Feature", "properties": { "fid": 701.0, "osm_id": 5303125639.0, "osm_type": "nodes", "amenity": null, "name": "Yogyakarta Backpacker - Casa Raffles", "layer": "commercial utm", "path": "D:\\geomapid\\Kebutuhan Final Project\\SHP\\UTM\\commercial utm.shp" }, "geometry": { "type": "Point", "coordinates": [ 110.357759300000012, -7.8006506 ] } },
{ "type": "Feature", "properties": { "fid": 702.0, "osm_id": 11868436830.0, "osm_type": "nodes", "amenity": null, "name": "Rianty Batik", "layer": "commercial utm", "path": "D:\\geomapid\\Kebutuhan Final Project\\SHP\\UTM\\commercial utm.shp" }, "geometry": { "type": "Point", "coordinates": [ 110.3656006, -7.7937472 ] } },
{ "type": "Feature", "properties": { "fid": 703.0, "osm_id": 4146167257.0, "osm_type": "nodes", "amenity": "cafe", "name": "Waroeng Surya", "layer": "commercial utm", "path": "D:\\geomapid\\Kebutuhan Final Project\\SHP\\UTM\\commercial utm.shp" }, "geometry": { "type": "Point", "coordinates": [ 110.3959924, -7.8003872 ] } },
{ "type": "Feature", "properties": { "fid": 704.0, "osm_id": 3600099385.0, "osm_type": "nodes", "amenity": "restaurant", "name": "Kupat Tahu", "layer": "commercial utm", "path": "D:\\geomapid\\Kebutuhan Final Project\\SHP\\UTM\\commercial utm.shp" }, "geometry": { "type": "Point", "coordinates": [ 110.3949412, -7.8022544 ] } },
{ "type": "Feature", "properties": { "fid": 705.0, "osm_id": 4328694295.0, "osm_type": "nodes", "amenity": "restaurant", "name": "Soto Lamongan Cak Mangku", "layer": "commercial utm", "path": "D:\\geomapid\\Kebutuhan Final Project\\SHP\\UTM\\commercial utm.shp" }, "geometry": { "type": "Point", "coordinates": [ 110.393007, -7.8021704 ] } },
{ "type": "Feature", "properties": { "fid": 706.0, "osm_id": 3889891542.0, "osm_type": "nodes", "amenity": null, "name": "Lembaga Bimbingan Belajar Primagama", "layer": "commercial utm", "path": "D:\\geomapid\\Kebutuhan Final Project\\SHP\\UTM\\commercial utm.shp" }, "geometry": { "type": "Point", "coordinates": [ 110.3882125, -7.8021055 ] } },
{ "type": "Feature", "properties": { "fid": 707.0, "osm_id": 4212075290.0, "osm_type": "nodes", "amenity": null, "name": "Walk Path", "layer": "commercial utm", "path": "D:\\geomapid\\Kebutuhan Final Project\\SHP\\UTM\\commercial utm.shp" }, "geometry": { "type": "Point", "coordinates": [ 110.3561224, -7.7951105 ] } },
{ "type": "Feature", "properties": { "fid": 708.0, "osm_id": 10651735562.0, "osm_type": "nodes", "amenity": "restaurant", "name": "H.Slamet", "layer": "commercial utm", "path": "D:\\geomapid\\Kebutuhan Final Project\\SHP\\UTM\\commercial utm.shp" }, "geometry": { "type": "Point", "coordinates": [ 110.3566625, -7.7963087 ] } },
{ "type": "Feature", "properties": { "fid": 709.0, "osm_id": 1848508803.0, "osm_type": "nodes", "amenity": null, "name": "Museum Kapal", "layer": "commercial utm", "path": "D:\\geomapid\\Kebutuhan Final Project\\SHP\\UTM\\commercial utm.shp" }, "geometry": { "type": "Point", "coordinates": [ 110.3496168, -7.8012112 ] } },
{ "type": "Feature", "properties": { "fid": 710.0, "osm_id": 7097545227.0, "osm_type": "nodes", "amenity": "restaurant", "name": "Upload", "layer": "commercial utm", "path": "D:\\geomapid\\Kebutuhan Final Project\\SHP\\UTM\\commercial utm.shp" }, "geometry": { "type": "Point", "coordinates": [ 110.3553808, -7.8012414 ] } },
{ "type": "Feature", "properties": { "fid": 711.0, "osm_id": 1848508829.0, "osm_type": "nodes", "amenity": "fast_food", "name": "Hoka-Hoka Bento", "layer": "commercial utm", "path": "D:\\geomapid\\Kebutuhan Final Project\\SHP\\UTM\\commercial utm.shp" }, "geometry": { "type": "Point", "coordinates": [ 110.3517743, -7.799756 ] } },
{ "type": "Feature", "properties": { "fid": 712.0, "osm_id": 4212103389.0, "osm_type": "nodes", "amenity": null, "name": "EDU", "layer": "commercial utm", "path": "D:\\geomapid\\Kebutuhan Final Project\\SHP\\UTM\\commercial utm.shp" }, "geometry": { "type": "Point", "coordinates": [ 110.3562715, -7.7993491 ] } },
{ "type": "Feature", "properties": { "fid": 713.0, "osm_id": 1848508871.0, "osm_type": "nodes", "amenity": null, "name": "Toko Sari Jaya", "layer": "commercial utm", "path": "D:\\geomapid\\Kebutuhan Final Project\\SHP\\UTM\\commercial utm.shp" }, "geometry": { "type": "Point", "coordinates": [ 110.3503705, -7.8007355 ] } },
{ "type": "Feature", "properties": { "fid": 714.0, "osm_id": 9748470483.0, "osm_type": "nodes", "amenity": null, "name": "Toko Emas", "layer": "commercial utm", "path": "D:\\geomapid\\Kebutuhan Final Project\\SHP\\UTM\\commercial utm.shp" }, "geometry": { "type": "Point", "coordinates": [ 110.3891863, -7.7833675 ] } },
{ "type": "Feature", "properties": { "fid": 715.0, "osm_id": 9725921517.0, "osm_type": "nodes", "amenity": null, "name": "Grand Racing", "layer": "commercial utm", "path": "D:\\geomapid\\Kebutuhan Final Project\\SHP\\UTM\\commercial utm.shp" }, "geometry": { "type": "Point", "coordinates": [ 110.38933, -7.783585 ] } },
{ "type": "Feature", "properties": { "fid": 716.0, "osm_id": 5203424658.0, "osm_type": "nodes", "amenity": "restaurant", "name": "Warung Ayam Sakti", "layer": "commercial utm", "path": "D:\\geomapid\\Kebutuhan Final Project\\SHP\\UTM\\commercial utm.shp" }, "geometry": { "type": "Point", "coordinates": [ 110.393585500000015, -7.7891087 ] } },
{ "type": "Feature", "properties": { "fid": 717.0, "osm_id": 9217234776.0, "osm_type": "nodes", "amenity": null, "name": "Time Gallery", "layer": "commercial utm", "path": "D:\\geomapid\\Kebutuhan Final Project\\SHP\\UTM\\commercial utm.shp" }, "geometry": { "type": "Point", "coordinates": [ 110.3794262, -7.7817631 ] } },
{ "type": "Feature", "properties": { "fid": 718.0, "osm_id": 4113534818.0, "osm_type": "nodes", "amenity": null, "name": "Sabana Homestay", "layer": "commercial utm", "path": "D:\\geomapid\\Kebutuhan Final Project\\SHP\\UTM\\commercial utm.shp" }, "geometry": { "type": "Point", "coordinates": [ 110.3852788, -7.7818456 ] } },
{ "type": "Feature", "properties": { "fid": 719.0, "osm_id": 10113866298.0, "osm_type": "nodes", "amenity": null, "name": "Aneka Elektronik", "layer": "commercial utm", "path": "D:\\geomapid\\Kebutuhan Final Project\\SHP\\UTM\\commercial utm.shp" }, "geometry": { "type": "Point", "coordinates": [ 110.3881024, -7.7815824 ] } },
{ "type": "Feature", "properties": { "fid": 720.0, "osm_id": 10113877613.0, "osm_type": "nodes", "amenity": null, "name": "Pelangi Elektronik", "layer": "commercial utm", "path": "D:\\geomapid\\Kebutuhan Final Project\\SHP\\UTM\\commercial utm.shp" }, "geometry": { "type": "Point", "coordinates": [ 110.3880943, -7.7816596 ] } },
{ "type": "Feature", "properties": { "fid": 721.0, "osm_id": 4470576002.0, "osm_type": "nodes", "amenity": null, "name": "Merapi Adventure", "layer": "commercial utm", "path": "D:\\geomapid\\Kebutuhan Final Project\\SHP\\UTM\\commercial utm.shp" }, "geometry": { "type": "Point", "coordinates": [ 110.3882375, -7.7813969 ] } },
{ "type": "Feature", "properties": { "fid": 722.0, "osm_id": 9725905457.0, "osm_type": "nodes", "amenity": null, "name": "Tickle Hotel", "layer": "commercial utm", "path": "D:\\geomapid\\Kebutuhan Final Project\\SHP\\UTM\\commercial utm.shp" }, "geometry": { "type": "Point", "coordinates": [ 110.385439, -7.7827723 ] } },
{ "type": "Feature", "properties": { "fid": 723.0, "osm_id": 10116311464.0, "osm_type": "nodes", "amenity": null, "name": "JET Elektronik", "layer": "commercial utm", "path": "D:\\geomapid\\Kebutuhan Final Project\\SHP\\UTM\\commercial utm.shp" }, "geometry": { "type": "Point", "coordinates": [ 110.3876853, -7.7825632 ] } },
{ "type": "Feature", "properties": { "fid": 724.0, "osm_id": 9810288275.0, "osm_type": "nodes", "amenity": null, "name": "Gudangkopi Indonesia", "layer": "commercial utm", "path": "D:\\geomapid\\Kebutuhan Final Project\\SHP\\UTM\\commercial utm.shp" }, "geometry": { "type": "Point", "coordinates": [ 110.388024, -7.7823171 ] } },
{ "type": "Feature", "properties": { "fid": 725.0, "osm_id": 9725917695.0, "osm_type": "nodes", "amenity": null, "name": "Vinolia Baby & Kids", "layer": "commercial utm", "path": "D:\\geomapid\\Kebutuhan Final Project\\SHP\\UTM\\commercial utm.shp" }, "geometry": { "type": "Point", "coordinates": [ 110.3815505, -7.7826925 ] } },
{ "type": "Feature", "properties": { "fid": 726.0, "osm_id": 6680921575.0, "osm_type": "nodes", "amenity": "cafe", "name": "Starbucks", "layer": "commercial utm", "path": "D:\\geomapid\\Kebutuhan Final Project\\SHP\\UTM\\commercial utm.shp" }, "geometry": { "type": "Point", "coordinates": [ 110.3791029, -7.7826063 ] } },
{ "type": "Feature", "properties": { "fid": 727.0, "osm_id": 9816082983.0, "osm_type": "nodes", "amenity": null, "name": "Larissa Galeria Mall", "layer": "commercial utm", "path": "D:\\geomapid\\Kebutuhan Final Project\\SHP\\UTM\\commercial utm.shp" }, "geometry": { "type": "Point", "coordinates": [ 110.3790225, -7.7827313 ] } },
{ "type": "Feature", "properties": { "fid": 728.0, "osm_id": 9217234773.0, "osm_type": "nodes", "amenity": "restaurant", "name": "Waruga Warmindo - Burjo", "layer": "commercial utm", "path": "D:\\geomapid\\Kebutuhan Final Project\\SHP\\UTM\\commercial utm.shp" }, "geometry": { "type": "Point", "coordinates": [ 110.3793796, -7.782868 ] } },
{ "type": "Feature", "properties": { "fid": 729.0, "osm_id": 9194593864.0, "osm_type": "nodes", "amenity": "restaurant", "name": "Tuscan", "layer": "commercial utm", "path": "D:\\geomapid\\Kebutuhan Final Project\\SHP\\UTM\\commercial utm.shp" }, "geometry": { "type": "Point", "coordinates": [ 110.3792448, -7.783522 ] } },
{ "type": "Feature", "properties": { "fid": 730.0, "osm_id": 9725905458.0, "osm_type": "nodes", "amenity": null, "name": "Fashion Avenue", "layer": "commercial utm", "path": "D:\\geomapid\\Kebutuhan Final Project\\SHP\\UTM\\commercial utm.shp" }, "geometry": { "type": "Point", "coordinates": [ 110.3803908, -7.7832939 ] } },
{ "type": "Feature", "properties": { "fid": 731.0, "osm_id": 9194593865.0, "osm_type": "nodes", "amenity": "restaurant", "name": "Gudeg Mirasa", "layer": "commercial utm", "path": "D:\\geomapid\\Kebutuhan Final Project\\SHP\\UTM\\commercial utm.shp" }, "geometry": { "type": "Point", "coordinates": [ 110.3792771, -7.783317 ] } },
{ "type": "Feature", "properties": { "fid": 732.0, "osm_id": 3987578842.0, "osm_type": "nodes", "amenity": "restaurant", "name": "Taj", "layer": "commercial utm", "path": "D:\\geomapid\\Kebutuhan Final Project\\SHP\\UTM\\commercial utm.shp" }, "geometry": { "type": "Point", "coordinates": [ 110.3848854, -7.7832199 ] } },
{ "type": "Feature", "properties": { "fid": 733.0, "osm_id": 9725917694.0, "osm_type": "nodes", "amenity": null, "name": "Duta Wisata 2 Hotel", "layer": "commercial utm", "path": "D:\\geomapid\\Kebutuhan Final Project\\SHP\\UTM\\commercial utm.shp" }, "geometry": { "type": "Point", "coordinates": [ 110.388387100000017, -7.7834674 ] } },
{ "type": "Feature", "properties": { "fid": 734.0, "osm_id": 9212889555.0, "osm_type": "nodes", "amenity": null, "name": "Centro Ban", "layer": "commercial utm", "path": "D:\\geomapid\\Kebutuhan Final Project\\SHP\\UTM\\commercial utm.shp" }, "geometry": { "type": "Point", "coordinates": [ 110.3792331, -7.783724 ] } },
{ "type": "Feature", "properties": { "fid": 735.0, "osm_id": 9200997801.0, "osm_type": "nodes", "amenity": null, "name": "Mebella", "layer": "commercial utm", "path": "D:\\geomapid\\Kebutuhan Final Project\\SHP\\UTM\\commercial utm.shp" }, "geometry": { "type": "Point", "coordinates": [ 110.3790388, -7.7847415 ] } },
{ "type": "Feature", "properties": { "fid": 736.0, "osm_id": 9208542430.0, "osm_type": "nodes", "amenity": null, "name": "Lavish", "layer": "commercial utm", "path": "D:\\geomapid\\Kebutuhan Final Project\\SHP\\UTM\\commercial utm.shp" }, "geometry": { "type": "Point", "coordinates": [ 110.385183, -7.7861262 ] } },
{ "type": "Feature", "properties": { "fid": 737.0, "osm_id": 9208542429.0, "osm_type": "nodes", "amenity": null, "name": "V Computer", "layer": "commercial utm", "path": "D:\\geomapid\\Kebutuhan Final Project\\SHP\\UTM\\commercial utm.shp" }, "geometry": { "type": "Point", "coordinates": [ 110.3842914, -7.7861172 ] } },
{ "type": "Feature", "properties": { "fid": 738.0, "osm_id": 9208542431.0, "osm_type": "nodes", "amenity": null, "name": "Toko Mimi", "layer": "commercial utm", "path": "D:\\geomapid\\Kebutuhan Final Project\\SHP\\UTM\\commercial utm.shp" }, "geometry": { "type": "Point", "coordinates": [ 110.3841966, -7.7861089 ] } },
{ "type": "Feature", "properties": { "fid": 739.0, "osm_id": 9205583200.0, "osm_type": "nodes", "amenity": "restaurant", "name": "Sego Pecel Blora Dhong Jati", "layer": "commercial utm", "path": "D:\\geomapid\\Kebutuhan Final Project\\SHP\\UTM\\commercial utm.shp" }, "geometry": { "type": "Point", "coordinates": [ 110.3828769, -7.7860863 ] } },
{ "type": "Feature", "properties": { "fid": 740.0, "osm_id": 10116370507.0, "osm_type": "nodes", "amenity": "restaurant", "name": "Bandung Fried Chicken 234", "layer": "commercial utm", "path": "D:\\geomapid\\Kebutuhan Final Project\\SHP\\UTM\\commercial utm.shp" }, "geometry": { "type": "Point", "coordinates": [ 110.3853432, -7.7854465 ] } },
{ "type": "Feature", "properties": { "fid": 741.0, "osm_id": 9200943206.0, "osm_type": "nodes", "amenity": null, "name": "Extra Tour & Travel", "layer": "commercial utm", "path": "D:\\geomapid\\Kebutuhan Final Project\\SHP\\UTM\\commercial utm.shp" }, "geometry": { "type": "Point", "coordinates": [ 110.3790045, -7.7852023 ] } },
{ "type": "Feature", "properties": { "fid": 742.0, "osm_id": 9205583198.0, "osm_type": "nodes", "amenity": "restaurant", "name": "Nasi Liwet Solo Wong Lemu", "layer": "commercial utm", "path": "D:\\geomapid\\Kebutuhan Final Project\\SHP\\UTM\\commercial utm.shp" }, "geometry": { "type": "Point", "coordinates": [ 110.3824909, -7.7860864 ] } },
{ "type": "Feature", "properties": { "fid": 743.0, "osm_id": 9205583197.0, "osm_type": "nodes", "amenity": "restaurant", "name": "Rumah Makan Jagad Kriuk", "layer": "commercial utm", "path": "D:\\geomapid\\Kebutuhan Final Project\\SHP\\UTM\\commercial utm.shp" }, "geometry": { "type": "Point", "coordinates": [ 110.3823788, -7.7860918 ] } },
{ "type": "Feature", "properties": { "fid": 744.0, "osm_id": 9205583201.0, "osm_type": "nodes", "amenity": "restaurant", "name": "Nasi Goreng Kambing", "layer": "commercial utm", "path": "D:\\geomapid\\Kebutuhan Final Project\\SHP\\UTM\\commercial utm.shp" }, "geometry": { "type": "Point", "coordinates": [ 110.3824294, -7.7860866 ] } },
{ "type": "Feature", "properties": { "fid": 745.0, "osm_id": 9205583199.0, "osm_type": "nodes", "amenity": "restaurant", "name": "Lumpia Rebung Bu Tatik", "layer": "commercial utm", "path": "D:\\geomapid\\Kebutuhan Final Project\\SHP\\UTM\\commercial utm.shp" }, "geometry": { "type": "Point", "coordinates": [ 110.3823283, -7.7860982 ] } },
{ "type": "Feature", "properties": { "fid": 746.0, "osm_id": 9208431565.0, "osm_type": "nodes", "amenity": "restaurant", "name": "Soto Langensari", "layer": "commercial utm", "path": "D:\\geomapid\\Kebutuhan Final Project\\SHP\\UTM\\commercial utm.shp" }, "geometry": { "type": "Point", "coordinates": [ 110.3821481, -7.7862633 ] } },
{ "type": "Feature", "properties": { "fid": 747.0, "osm_id": 9208431564.0, "osm_type": "nodes", "amenity": "restaurant", "name": "Ayam Bakar & Penyetan", "layer": "commercial utm", "path": "D:\\geomapid\\Kebutuhan Final Project\\SHP\\UTM\\commercial utm.shp" }, "geometry": { "type": "Point", "coordinates": [ 110.3821928, -7.7862143 ] } },
{ "type": "Feature", "properties": { "fid": 748.0, "osm_id": 9194565895.0, "osm_type": "nodes", "amenity": null, "name": "Pop Mart", "layer": "commercial utm", "path": "D:\\geomapid\\Kebutuhan Final Project\\SHP\\UTM\\commercial utm.shp" }, "geometry": { "type": "Point", "coordinates": [ 110.378784, -7.7867014 ] } },
{ "type": "Feature", "properties": { "fid": 749.0, "osm_id": 9194565897.0, "osm_type": "nodes", "amenity": "restaurant", "name": "Warmindo", "layer": "commercial utm", "path": "D:\\geomapid\\Kebutuhan Final Project\\SHP\\UTM\\commercial utm.shp" }, "geometry": { "type": "Point", "coordinates": [ 110.3787339, -7.7869694 ] } },
{ "type": "Feature", "properties": { "fid": 750.0, "osm_id": 7867387740.0, "osm_type": "nodes", "amenity": "cafe", "name": "Awor Cafe", "layer": "commercial utm", "path": "D:\\geomapid\\Kebutuhan Final Project\\SHP\\UTM\\commercial utm.shp" }, "geometry": { "type": "Point", "coordinates": [ 110.378727700000013, -7.7870483 ] } },
{ "type": "Feature", "properties": { "fid": 751.0, "osm_id": 7868743428.0, "osm_type": "nodes", "amenity": null, "name": "Toko 89", "layer": "commercial utm", "path": "D:\\geomapid\\Kebutuhan Final Project\\SHP\\UTM\\commercial utm.shp" }, "geometry": { "type": "Point", "coordinates": [ 110.3790727, -7.787137 ] } },
{ "type": "Feature", "properties": { "fid": 752.0, "osm_id": 9191142228.0, "osm_type": "nodes", "amenity": "restaurant", "name": "Penyetan Moe", "layer": "commercial utm", "path": "D:\\geomapid\\Kebutuhan Final Project\\SHP\\UTM\\commercial utm.shp" }, "geometry": { "type": "Point", "coordinates": [ 110.379339, -7.7873407 ] } },
{ "type": "Feature", "properties": { "fid": 753.0, "osm_id": 9191142224.0, "osm_type": "nodes", "amenity": null, "name": "Dimensi Tour", "layer": "commercial utm", "path": "D:\\geomapid\\Kebutuhan Final Project\\SHP\\UTM\\commercial utm.shp" }, "geometry": { "type": "Point", "coordinates": [ 110.3792923, -7.7873285 ] } },
{ "type": "Feature", "properties": { "fid": 754.0, "osm_id": 9191142230.0, "osm_type": "nodes", "amenity": "restaurant", "name": "Warmindo", "layer": "commercial utm", "path": "D:\\geomapid\\Kebutuhan Final Project\\SHP\\UTM\\commercial utm.shp" }, "geometry": { "type": "Point", "coordinates": [ 110.3793843, -7.7873594 ] } },
{ "type": "Feature", "properties": { "fid": 755.0, "osm_id": 9191142227.0, "osm_type": "nodes", "amenity": null, "name": "Widya Laundry", "layer": "commercial utm", "path": "D:\\geomapid\\Kebutuhan Final Project\\SHP\\UTM\\commercial utm.shp" }, "geometry": { "type": "Point", "coordinates": [ 110.3795484, -7.787425 ] } },
{ "type": "Feature", "properties": { "fid": 756.0, "osm_id": 7863900183.0, "osm_type": "nodes", "amenity": null, "name": "Tambal Ban", "layer": "commercial utm", "path": "D:\\geomapid\\Kebutuhan Final Project\\SHP\\UTM\\commercial utm.shp" }, "geometry": { "type": "Point", "coordinates": [ 110.3786223, -7.7875815 ] } },
{ "type": "Feature", "properties": { "fid": 757.0, "osm_id": 7867387747.0, "osm_type": "nodes", "amenity": null, "name": "Indah Cargo", "layer": "commercial utm", "path": "D:\\geomapid\\Kebutuhan Final Project\\SHP\\UTM\\commercial utm.shp" }, "geometry": { "type": "Point", "coordinates": [ 110.3784867, -7.7875255 ] } },
{ "type": "Feature", "properties": { "fid": 758.0, "osm_id": 7867387741.0, "osm_type": "nodes", "amenity": "restaurant", "name": "Phuket Noodle", "layer": "commercial utm", "path": "D:\\geomapid\\Kebutuhan Final Project\\SHP\\UTM\\commercial utm.shp" }, "geometry": { "type": "Point", "coordinates": [ 110.3785982, -7.7877758 ] } },
{ "type": "Feature", "properties": { "fid": 759.0, "osm_id": 7867387744.0, "osm_type": "nodes", "amenity": "restaurant", "name": "Warung Makan Simple Food", "layer": "commercial utm", "path": "D:\\geomapid\\Kebutuhan Final Project\\SHP\\UTM\\commercial utm.shp" }, "geometry": { "type": "Point", "coordinates": [ 110.3785644, -7.788046 ] } },
{ "type": "Feature", "properties": { "fid": 760.0, "osm_id": 7894042047.0, "osm_type": "nodes", "amenity": null, "name": "Tambal Ban", "layer": "commercial utm", "path": "D:\\geomapid\\Kebutuhan Final Project\\SHP\\UTM\\commercial utm.shp" }, "geometry": { "type": "Point", "coordinates": [ 110.378563, -7.7879391 ] } },
{ "type": "Feature", "properties": { "fid": 761.0, "osm_id": 7808417594.0, "osm_type": "nodes", "amenity": null, "name": "Curly Salon", "layer": "commercial utm", "path": "D:\\geomapid\\Kebutuhan Final Project\\SHP\\UTM\\commercial utm.shp" }, "geometry": { "type": "Point", "coordinates": [ 110.378202, -7.7879612 ] } },
{ "type": "Feature", "properties": { "fid": 762.0, "osm_id": 7894042046.0, "osm_type": "nodes", "amenity": "restaurant", "name": "Warung Soto", "layer": "commercial utm", "path": "D:\\geomapid\\Kebutuhan Final Project\\SHP\\UTM\\commercial utm.shp" }, "geometry": { "type": "Point", "coordinates": [ 110.3783945, -7.7878635 ] } },
{ "type": "Feature", "properties": { "fid": 763.0, "osm_id": 7867387743.0, "osm_type": "nodes", "amenity": null, "name": "WBell Phone", "layer": "commercial utm", "path": "D:\\geomapid\\Kebutuhan Final Project\\SHP\\UTM\\commercial utm.shp" }, "geometry": { "type": "Point", "coordinates": [ 110.3785733, -7.7878664 ] } },
{ "type": "Feature", "properties": { "fid": 764.0, "osm_id": 9180771115.0, "osm_type": "nodes", "amenity": null, "name": "Pos Kamling RW 02", "layer": "commercial utm", "path": "D:\\geomapid\\Kebutuhan Final Project\\SHP\\UTM\\commercial utm.shp" }, "geometry": { "type": "Point", "coordinates": [ 110.3805072, -7.7878517 ] } },
{ "type": "Feature", "properties": { "fid": 765.0, "osm_id": 7862132541.0, "osm_type": "nodes", "amenity": null, "name": "Kios", "layer": "commercial utm", "path": "D:\\geomapid\\Kebutuhan Final Project\\SHP\\UTM\\commercial utm.shp" }, "geometry": { "type": "Point", "coordinates": [ 110.3797581, -7.787996 ] } },
{ "type": "Feature", "properties": { "fid": 766.0, "osm_id": 9191142226.0, "osm_type": "nodes", "amenity": null, "name": "Laundry Mutiara", "layer": "commercial utm", "path": "D:\\geomapid\\Kebutuhan Final Project\\SHP\\UTM\\commercial utm.shp" }, "geometry": { "type": "Point", "coordinates": [ 110.37974, -7.7885512 ] } },
{ "type": "Feature", "properties": { "fid": 767.0, "osm_id": 7868803541.0, "osm_type": "nodes", "amenity": "restaurant", "name": "Warung Makan Polsek", "layer": "commercial utm", "path": "D:\\geomapid\\Kebutuhan Final Project\\SHP\\UTM\\commercial utm.shp" }, "geometry": { "type": "Point", "coordinates": [ 110.3782723, -7.7883556 ] } },
{ "type": "Feature", "properties": { "fid": 768.0, "osm_id": 7811503218.0, "osm_type": "nodes", "amenity": null, "name": "Prista Mart", "layer": "commercial utm", "path": "D:\\geomapid\\Kebutuhan Final Project\\SHP\\UTM\\commercial utm.shp" }, "geometry": { "type": "Point", "coordinates": [ 110.3786027, -7.788345 ] } },
{ "type": "Feature", "properties": { "fid": 769.0, "osm_id": 7811503217.0, "osm_type": "nodes", "amenity": null, "name": "Juansha Parfum", "layer": "commercial utm", "path": "D:\\geomapid\\Kebutuhan Final Project\\SHP\\UTM\\commercial utm.shp" }, "geometry": { "type": "Point", "coordinates": [ 110.3786027, -7.7883959 ] } },
{ "type": "Feature", "properties": { "fid": 770.0, "osm_id": 7811503219.0, "osm_type": "nodes", "amenity": null, "name": "J&T Express", "layer": "commercial utm", "path": "D:\\geomapid\\Kebutuhan Final Project\\SHP\\UTM\\commercial utm.shp" }, "geometry": { "type": "Point", "coordinates": [ 110.3785936, -7.7884539 ] } },
{ "type": "Feature", "properties": { "fid": 771.0, "osm_id": 7862132543.0, "osm_type": "nodes", "amenity": null, "name": "Kios", "layer": "commercial utm", "path": "D:\\geomapid\\Kebutuhan Final Project\\SHP\\UTM\\commercial utm.shp" }, "geometry": { "type": "Point", "coordinates": [ 110.3786988, -7.788567 ] } },
{ "type": "Feature", "properties": { "fid": 772.0, "osm_id": 7862132540.0, "osm_type": "nodes", "amenity": "restaurant", "name": "Angkringan Pak Tri", "layer": "commercial utm", "path": "D:\\geomapid\\Kebutuhan Final Project\\SHP\\UTM\\commercial utm.shp" }, "geometry": { "type": "Point", "coordinates": [ 110.3785669, -7.788707 ] } },
{ "type": "Feature", "properties": { "fid": 773.0, "osm_id": 7867884281.0, "osm_type": "nodes", "amenity": null, "name": "Kios Koran dan Majalah", "layer": "commercial utm", "path": "D:\\geomapid\\Kebutuhan Final Project\\SHP\\UTM\\commercial utm.shp" }, "geometry": { "type": "Point", "coordinates": [ 110.378833400000019, -7.789881 ] } },
{ "type": "Feature", "properties": { "fid": 774.0, "osm_id": 6347111163.0, "osm_type": "nodes", "amenity": "restaurant", "name": "Kopi 'ijo'", "layer": "commercial utm", "path": "D:\\geomapid\\Kebutuhan Final Project\\SHP\\UTM\\commercial utm.shp" }, "geometry": { "type": "Point", "coordinates": [ 110.3800969, -7.7898879 ] } },
{ "type": "Feature", "properties": { "fid": 775.0, "osm_id": 7867884279.0, "osm_type": "nodes", "amenity": null, "name": null, "layer": "commercial utm", "path": "D:\\geomapid\\Kebutuhan Final Project\\SHP\\UTM\\commercial utm.shp" }, "geometry": { "type": "Point", "coordinates": [ 110.3793873, -7.7899091 ] } },
{ "type": "Feature", "properties": { "fid": 776.0, "osm_id": 7867884280.0, "osm_type": "nodes", "amenity": null, "name": null, "layer": "commercial utm", "path": "D:\\geomapid\\Kebutuhan Final Project\\SHP\\UTM\\commercial utm.shp" }, "geometry": { "type": "Point", "coordinates": [ 110.3790672, -7.7898898 ] } },
{ "type": "Feature", "properties": { "fid": 777.0, "osm_id": 5869847305.0, "osm_type": "nodes", "amenity": "restaurant", "name": "Il Pozzo Ristorante", "layer": "commercial utm", "path": "D:\\geomapid\\Kebutuhan Final Project\\SHP\\UTM\\commercial utm.shp" }, "geometry": { "type": "Point", "coordinates": [ 110.3782101, -7.7915222 ] } },
{ "type": "Feature", "properties": { "fid": 778.0, "osm_id": 7868743433.0, "osm_type": "nodes", "amenity": null, "name": "Valentina Chang", "layer": "commercial utm", "path": "D:\\geomapid\\Kebutuhan Final Project\\SHP\\UTM\\commercial utm.shp" }, "geometry": { "type": "Point", "coordinates": [ 110.3790101, -7.7871126 ] } },
{ "type": "Feature", "properties": { "fid": 779.0, "osm_id": 3229588019.0, "osm_type": "nodes", "amenity": "restaurant", "name": "Omah Dhuwur", "layer": "commercial utm", "path": "D:\\geomapid\\Kebutuhan Final Project\\SHP\\UTM\\commercial utm.shp" }, "geometry": { "type": "Point", "coordinates": [ 110.39433, -7.8273229 ] } },
{ "type": "Feature", "properties": { "fid": 780.0, "osm_id": 10011305117.0, "osm_type": "nodes", "amenity": null, "name": "Jogjadev IT - Software House", "layer": "commercial utm", "path": "D:\\geomapid\\Kebutuhan Final Project\\SHP\\UTM\\commercial utm.shp" }, "geometry": { "type": "Point", "coordinates": [ 110.3853373, -7.8277663 ] } },
{ "type": "Feature", "properties": { "fid": 781.0, "osm_id": 10021318517.0, "osm_type": "nodes", "amenity": null, "name": "Jogjadev IT - Software House", "layer": "commercial utm", "path": "D:\\geomapid\\Kebutuhan Final Project\\SHP\\UTM\\commercial utm.shp" }, "geometry": { "type": "Point", "coordinates": [ 110.3855326, -7.8277631 ] } },
{ "type": "Feature", "properties": { "fid": 782.0, "osm_id": 9824267814.0, "osm_type": "nodes", "amenity": null, "name": "Panti Pijat Tunanetra Langkah Sehat", "layer": "commercial utm", "path": "D:\\geomapid\\Kebutuhan Final Project\\SHP\\UTM\\commercial utm.shp" }, "geometry": { "type": "Point", "coordinates": [ 110.387287, -7.8144472 ] } },
{ "type": "Feature", "properties": { "fid": 783.0, "osm_id": 4590940459.0, "osm_type": "nodes", "amenity": null, "name": "Dhe- MA Cell", "layer": "commercial utm", "path": "D:\\geomapid\\Kebutuhan Final Project\\SHP\\UTM\\commercial utm.shp" }, "geometry": { "type": "Point", "coordinates": [ 110.3926394, -7.8142627 ] } },
{ "type": "Feature", "properties": { "fid": 784.0, "osm_id": 4146167278.0, "osm_type": "nodes", "amenity": null, "name": "Batik Raradjonggrang", "layer": "commercial utm", "path": "D:\\geomapid\\Kebutuhan Final Project\\SHP\\UTM\\commercial utm.shp" }, "geometry": { "type": "Point", "coordinates": [ 110.3639711, -7.8184499 ] } },
{ "type": "Feature", "properties": { "fid": 785.0, "osm_id": 3487442206.0, "osm_type": "nodes", "amenity": "bar", "name": "Asmara", "layer": "commercial utm", "path": "D:\\geomapid\\Kebutuhan Final Project\\SHP\\UTM\\commercial utm.shp" }, "geometry": { "type": "Point", "coordinates": [ 110.3643505, -7.8184753 ] } },
{ "type": "Feature", "properties": { "fid": 786.0, "osm_id": 5836038318.0, "osm_type": "nodes", "amenity": null, "name": "RedDoorz", "layer": "commercial utm", "path": "D:\\geomapid\\Kebutuhan Final Project\\SHP\\UTM\\commercial utm.shp" }, "geometry": { "type": "Point", "coordinates": [ 110.365002, -7.8186528 ] } },
{ "type": "Feature", "properties": { "fid": 787.0, "osm_id": 4326459990.0, "osm_type": "nodes", "amenity": null, "name": "Ma Casa Es Tu Casa", "layer": "commercial utm", "path": "D:\\geomapid\\Kebutuhan Final Project\\SHP\\UTM\\commercial utm.shp" }, "geometry": { "type": "Point", "coordinates": [ 110.3608648, -7.8186317 ] } },
{ "type": "Feature", "properties": { "fid": 788.0, "osm_id": 4946718522.0, "osm_type": "nodes", "amenity": null, "name": "Wisam Gajah", "layer": "commercial utm", "path": "D:\\geomapid\\Kebutuhan Final Project\\SHP\\UTM\\commercial utm.shp" }, "geometry": { "type": "Point", "coordinates": [ 110.3685937, -7.8190654 ] } },
{ "type": "Feature", "properties": { "fid": 789.0, "osm_id": 2898857980.0, "osm_type": "nodes", "amenity": null, "name": "Batik Winotosastro", "layer": "commercial utm", "path": "D:\\geomapid\\Kebutuhan Final Project\\SHP\\UTM\\commercial utm.shp" }, "geometry": { "type": "Point", "coordinates": [ 110.3674569, -7.8190027 ] } },
{ "type": "Feature", "properties": { "fid": 790.0, "osm_id": 4946698256.0, "osm_type": "nodes", "amenity": null, "name": "Airlangga", "layer": "commercial utm", "path": "D:\\geomapid\\Kebutuhan Final Project\\SHP\\UTM\\commercial utm.shp" }, "geometry": { "type": "Point", "coordinates": [ 110.3689415, -7.8191143 ] } },
{ "type": "Feature", "properties": { "fid": 791.0, "osm_id": 3636373134.0, "osm_type": "nodes", "amenity": "restaurant", "name": "Warung Lotek", "layer": "commercial utm", "path": "D:\\geomapid\\Kebutuhan Final Project\\SHP\\UTM\\commercial utm.shp" }, "geometry": { "type": "Point", "coordinates": [ 110.3682411, -7.8185503 ] } },
{ "type": "Feature", "properties": { "fid": 792.0, "osm_id": 3495284327.0, "osm_type": "nodes", "amenity": "restaurant", "name": "Saion & Spa", "layer": "commercial utm", "path": "D:\\geomapid\\Kebutuhan Final Project\\SHP\\UTM\\commercial utm.shp" }, "geometry": { "type": "Point", "coordinates": [ 110.3673477, -7.8185877 ] } },
{ "type": "Feature", "properties": { "fid": 793.0, "osm_id": 4194479189.0, "osm_type": "nodes", "amenity": null, "name": "A&A B&B", "layer": "commercial utm", "path": "D:\\geomapid\\Kebutuhan Final Project\\SHP\\UTM\\commercial utm.shp" }, "geometry": { "type": "Point", "coordinates": [ 110.367547, -7.818382 ] } },
{ "type": "Feature", "properties": { "fid": 794.0, "osm_id": 6276124286.0, "osm_type": "nodes", "amenity": "restaurant", "name": "Depot Veggie", "layer": "commercial utm", "path": "D:\\geomapid\\Kebutuhan Final Project\\SHP\\UTM\\commercial utm.shp" }, "geometry": { "type": "Point", "coordinates": [ 110.368289100000013, -7.8183251 ] } },
{ "type": "Feature", "properties": { "fid": 795.0, "osm_id": 3495293515.0, "osm_type": "nodes", "amenity": "restaurant", "name": "Rapoppo", "layer": "commercial utm", "path": "D:\\geomapid\\Kebutuhan Final Project\\SHP\\UTM\\commercial utm.shp" }, "geometry": { "type": "Point", "coordinates": [ 110.3644234, -7.8182947 ] } },
{ "type": "Feature", "properties": { "fid": 796.0, "osm_id": 5836038317.0, "osm_type": "nodes", "amenity": "restaurant", "name": "Lotus Mio", "layer": "commercial utm", "path": "D:\\geomapid\\Kebutuhan Final Project\\SHP\\UTM\\commercial utm.shp" }, "geometry": { "type": "Point", "coordinates": [ 110.3633602, -7.818349 ] } },
{ "type": "Feature", "properties": { "fid": 797.0, "osm_id": 10665024605.0, "osm_type": "nodes", "amenity": "bar", "name": "Sub Thrift", "layer": "commercial utm", "path": "D:\\geomapid\\Kebutuhan Final Project\\SHP\\UTM\\commercial utm.shp" }, "geometry": { "type": "Point", "coordinates": [ 110.36313, -7.8183449 ] } },
{ "type": "Feature", "properties": { "fid": 798.0, "osm_id": 4590940932.0, "osm_type": "nodes", "amenity": "restaurant", "name": "bika ambon larizo", "layer": "commercial utm", "path": "D:\\geomapid\\Kebutuhan Final Project\\SHP\\UTM\\commercial utm.shp" }, "geometry": { "type": "Point", "coordinates": [ 110.3619627, -7.8182686 ] } },
{ "type": "Feature", "properties": { "fid": 799.0, "osm_id": 1640337574.0, "osm_type": "nodes", "amenity": "restaurant", "name": "Kedai Kebun", "layer": "commercial utm", "path": "D:\\geomapid\\Kebutuhan Final Project\\SHP\\UTM\\commercial utm.shp" }, "geometry": { "type": "Point", "coordinates": [ 110.362733, -7.8181527 ] } },
{ "type": "Feature", "properties": { "fid": 800.0, "osm_id": 3630326713.0, "osm_type": "nodes", "amenity": "restaurant", "name": "Nanamia Pizzeria", "layer": "commercial utm", "path": "D:\\geomapid\\Kebutuhan Final Project\\SHP\\UTM\\commercial utm.shp" }, "geometry": { "type": "Point", "coordinates": [ 110.3624919, -7.8180246 ] } },
{ "type": "Feature", "properties": { "fid": 801.0, "osm_id": 2000854488.0, "osm_type": "nodes", "amenity": null, "name": "Langgeng Art Foundation", "layer": "commercial utm", "path": "D:\\geomapid\\Kebutuhan Final Project\\SHP\\UTM\\commercial utm.shp" }, "geometry": { "type": "Point", "coordinates": [ 110.3595464, -7.8179393 ] } },
{ "type": "Feature", "properties": { "fid": 802.0, "osm_id": 1654015340.0, "osm_type": "nodes", "amenity": null, "name": "Maga swalayan", "layer": "commercial utm", "path": "D:\\geomapid\\Kebutuhan Final Project\\SHP\\UTM\\commercial utm.shp" }, "geometry": { "type": "Point", "coordinates": [ 110.3619048, -7.8179876 ] } },
{ "type": "Feature", "properties": { "fid": 803.0, "osm_id": 4279473389.0, "osm_type": "nodes", "amenity": null, "name": "OstiC hostel", "layer": "commercial utm", "path": "D:\\geomapid\\Kebutuhan Final Project\\SHP\\UTM\\commercial utm.shp" }, "geometry": { "type": "Point", "coordinates": [ 110.3614606, -7.8176918 ] } },
{ "type": "Feature", "properties": { "fid": 804.0, "osm_id": 3736898545.0, "osm_type": "nodes", "amenity": "restaurant", "name": "Six Senses Restaurant", "layer": "commercial utm", "path": "D:\\geomapid\\Kebutuhan Final Project\\SHP\\UTM\\commercial utm.shp" }, "geometry": { "type": "Point", "coordinates": [ 110.3624453, -7.8174795 ] } },
{ "type": "Feature", "properties": { "fid": 805.0, "osm_id": 9855658389.0, "osm_type": "nodes", "amenity": "fast_food", "name": "Richeese Factory", "layer": "commercial utm", "path": "D:\\geomapid\\Kebutuhan Final Project\\SHP\\UTM\\commercial utm.shp" }, "geometry": { "type": "Point", "coordinates": [ 110.3679033, -7.8170908 ] } },
{ "type": "Feature", "properties": { "fid": 806.0, "osm_id": 4590940933.0, "osm_type": "nodes", "amenity": null, "name": "Jogja Toy Shop", "layer": "commercial utm", "path": "D:\\geomapid\\Kebutuhan Final Project\\SHP\\UTM\\commercial utm.shp" }, "geometry": { "type": "Point", "coordinates": [ 110.3602409, -7.8164543 ] } },
{ "type": "Feature", "properties": { "fid": 807.0, "osm_id": 2093265444.0, "osm_type": "nodes", "amenity": null, "name": "Hotel Brongto", "layer": "commercial utm", "path": "D:\\geomapid\\Kebutuhan Final Project\\SHP\\UTM\\commercial utm.shp" }, "geometry": { "type": "Point", "coordinates": [ 110.359734, -7.8168908 ] } },
{ "type": "Feature", "properties": { "fid": 808.0, "osm_id": 4146167277.0, "osm_type": "nodes", "amenity": null, "name": "Tenda Biru Art House", "layer": "commercial utm", "path": "D:\\geomapid\\Kebutuhan Final Project\\SHP\\UTM\\commercial utm.shp" }, "geometry": { "type": "Point", "coordinates": [ 110.363579, -7.8171239 ] } },
{ "type": "Feature", "properties": { "fid": 809.0, "osm_id": 4269549591.0, "osm_type": "nodes", "amenity": null, "name": "Luwabica Art n Coffee House", "layer": "commercial utm", "path": "D:\\geomapid\\Kebutuhan Final Project\\SHP\\UTM\\commercial utm.shp" }, "geometry": { "type": "Point", "coordinates": [ 110.359190700000013, -7.8163132 ] } },
{ "type": "Feature", "properties": { "fid": 810.0, "osm_id": 3585153778.0, "osm_type": "nodes", "amenity": "restaurant", "name": "Bakpia Gito", "layer": "commercial utm", "path": "D:\\geomapid\\Kebutuhan Final Project\\SHP\\UTM\\commercial utm.shp" }, "geometry": { "type": "Point", "coordinates": [ 110.3599098, -7.8155257 ] } },
{ "type": "Feature", "properties": { "fid": 811.0, "osm_id": 4146167265.0, "osm_type": "nodes", "amenity": "cafe", "name": "Kedai Kanjeng Mami", "layer": "commercial utm", "path": "D:\\geomapid\\Kebutuhan Final Project\\SHP\\UTM\\commercial utm.shp" }, "geometry": { "type": "Point", "coordinates": [ 110.3623317, -7.8163796 ] } },
{ "type": "Feature", "properties": { "fid": 812.0, "osm_id": 4757712523.0, "osm_type": "nodes", "amenity": "restaurant", "name": null, "layer": "commercial utm", "path": "D:\\geomapid\\Kebutuhan Final Project\\SHP\\UTM\\commercial utm.shp" }, "geometry": { "type": "Point", "coordinates": [ 110.3626161, -7.8162698 ] } },
{ "type": "Feature", "properties": { "fid": 813.0, "osm_id": 3256672764.0, "osm_type": "nodes", "amenity": null, "name": "Puspita", "layer": "commercial utm", "path": "D:\\geomapid\\Kebutuhan Final Project\\SHP\\UTM\\commercial utm.shp" }, "geometry": { "type": "Point", "coordinates": [ 110.3665892, -7.8147168 ] } },
{ "type": "Feature", "properties": { "fid": 814.0, "osm_id": 3256672772.0, "osm_type": "nodes", "amenity": "restaurant", "name": "SS (Spesial Sambal) Waroeng", "layer": "commercial utm", "path": "D:\\geomapid\\Kebutuhan Final Project\\SHP\\UTM\\commercial utm.shp" }, "geometry": { "type": "Point", "coordinates": [ 110.3660402, -7.8145807 ] } },
{ "type": "Feature", "properties": { "fid": 815.0, "osm_id": 3256672771.0, "osm_type": "nodes", "amenity": null, "name": "Posein", "layer": "commercial utm", "path": "D:\\geomapid\\Kebutuhan Final Project\\SHP\\UTM\\commercial utm.shp" }, "geometry": { "type": "Point", "coordinates": [ 110.36639, -7.8146354 ] } },
{ "type": "Feature", "properties": { "fid": 816.0, "osm_id": 3256672773.0, "osm_type": "nodes", "amenity": "restaurant", "name": "Tojoyo 3 Ayam Goreng dan Bebek Goreng", "layer": "commercial utm", "path": "D:\\geomapid\\Kebutuhan Final Project\\SHP\\UTM\\commercial utm.shp" }, "geometry": { "type": "Point", "coordinates": [ 110.3662689, -7.8146219 ] } },
{ "type": "Feature", "properties": { "fid": 817.0, "osm_id": 3256672766.0, "osm_type": "nodes", "amenity": null, "name": "Mangrove Grafindo", "layer": "commercial utm", "path": "D:\\geomapid\\Kebutuhan Final Project\\SHP\\UTM\\commercial utm.shp" }, "geometry": { "type": "Point", "coordinates": [ 110.367286900000011, -7.8144817 ] } },
{ "type": "Feature", "properties": { "fid": 818.0, "osm_id": 7100517743.0, "osm_type": "nodes", "amenity": null, "name": "Almond", "layer": "commercial utm", "path": "D:\\geomapid\\Kebutuhan Final Project\\SHP\\UTM\\commercial utm.shp" }, "geometry": { "type": "Point", "coordinates": [ 110.3676253, -7.8144967 ] } },
{ "type": "Feature", "properties": { "fid": 819.0, "osm_id": 3256672765.0, "osm_type": "nodes", "amenity": null, "name": "Makmur Jaya Furniture", "layer": "commercial utm", "path": "D:\\geomapid\\Kebutuhan Final Project\\SHP\\UTM\\commercial utm.shp" }, "geometry": { "type": "Point", "coordinates": [ 110.3675908, -7.8147929 ] } },
{ "type": "Feature", "properties": { "fid": 820.0, "osm_id": 10188396617.0, "osm_type": "nodes", "amenity": null, "name": "Abrakadabra", "layer": "commercial utm", "path": "D:\\geomapid\\Kebutuhan Final Project\\SHP\\UTM\\commercial utm.shp" }, "geometry": { "type": "Point", "coordinates": [ 110.3679356, -7.8141814 ] } },
{ "type": "Feature", "properties": { "fid": 821.0, "osm_id": 5202387410.0, "osm_type": "nodes", "amenity": "restaurant", "name": "Soto Lenthok", "layer": "commercial utm", "path": "D:\\geomapid\\Kebutuhan Final Project\\SHP\\UTM\\commercial utm.shp" }, "geometry": { "type": "Point", "coordinates": [ 110.3605325, -7.8135747 ] } },
{ "type": "Feature", "properties": { "fid": 822.0, "osm_id": 3585123770.0, "osm_type": "nodes", "amenity": null, "name": "Kantor DPW NU DIY", "layer": "commercial utm", "path": "D:\\geomapid\\Kebutuhan Final Project\\SHP\\UTM\\commercial utm.shp" }, "geometry": { "type": "Point", "coordinates": [ 110.3607026, -7.8135188 ] } },
{ "type": "Feature", "properties": { "fid": 823.0, "osm_id": 3256554209.0, "osm_type": "nodes", "amenity": null, "name": "Es Campur Cendrawasih", "layer": "commercial utm", "path": "D:\\geomapid\\Kebutuhan Final Project\\SHP\\UTM\\commercial utm.shp" }, "geometry": { "type": "Point", "coordinates": [ 110.3631793, -7.8139155 ] } },
{ "type": "Feature", "properties": { "fid": 824.0, "osm_id": 3256672768.0, "osm_type": "nodes", "amenity": null, "name": "Motor Merpati Sakti (Mokase)", "layer": "commercial utm", "path": "D:\\geomapid\\Kebutuhan Final Project\\SHP\\UTM\\commercial utm.shp" }, "geometry": { "type": "Point", "coordinates": [ 110.3641679, -7.8140824 ] } },
{ "type": "Feature", "properties": { "fid": 825.0, "osm_id": 3585123771.0, "osm_type": "nodes", "amenity": null, "name": "Telkom Pugeran", "layer": "commercial utm", "path": "D:\\geomapid\\Kebutuhan Final Project\\SHP\\UTM\\commercial utm.shp" }, "geometry": { "type": "Point", "coordinates": [ 110.3605593, -7.8142899 ] } },
{ "type": "Feature", "properties": { "fid": 826.0, "osm_id": 2419653114.0, "osm_type": "nodes", "amenity": "restaurant", "name": "Terang Mulyo", "layer": "commercial utm", "path": "D:\\geomapid\\Kebutuhan Final Project\\SHP\\UTM\\commercial utm.shp" }, "geometry": { "type": "Point", "coordinates": [ 110.3687072, -7.8125926 ] } },
{ "type": "Feature", "properties": { "fid": 827.0, "osm_id": 3451607264.0, "osm_type": "nodes", "amenity": null, "name": "Bengkel Motor", "layer": "commercial utm", "path": "D:\\geomapid\\Kebutuhan Final Project\\SHP\\UTM\\commercial utm.shp" }, "geometry": { "type": "Point", "coordinates": [ 110.3676173, -7.8266486 ] } },
{ "type": "Feature", "properties": { "fid": 828.0, "osm_id": 1640517334.0, "osm_type": "nodes", "amenity": null, "name": "Dusun Jogja Village inn", "layer": "commercial utm", "path": "D:\\geomapid\\Kebutuhan Final Project\\SHP\\UTM\\commercial utm.shp" }, "geometry": { "type": "Point", "coordinates": [ 110.3688366, -7.8242207 ] } },
{ "type": "Feature", "properties": { "fid": 829.0, "osm_id": 10648458109.0, "osm_type": "nodes", "amenity": "cafe", "name": "Cold'n Brew", "layer": "commercial utm", "path": "D:\\geomapid\\Kebutuhan Final Project\\SHP\\UTM\\commercial utm.shp" }, "geometry": { "type": "Point", "coordinates": [ 110.3678751, -7.8233848 ] } },
{ "type": "Feature", "properties": { "fid": 830.0, "osm_id": 4063417061.0, "osm_type": "nodes", "amenity": "cafe", "name": "Internet cafe", "layer": "commercial utm", "path": "D:\\geomapid\\Kebutuhan Final Project\\SHP\\UTM\\commercial utm.shp" }, "geometry": { "type": "Point", "coordinates": [ 110.3615389, -7.822373 ] } },
{ "type": "Feature", "properties": { "fid": 831.0, "osm_id": 1654009037.0, "osm_type": "nodes", "amenity": null, "name": "Matahari", "layer": "commercial utm", "path": "D:\\geomapid\\Kebutuhan Final Project\\SHP\\UTM\\commercial utm.shp" }, "geometry": { "type": "Point", "coordinates": [ 110.367988, -7.821921 ] } },
{ "type": "Feature", "properties": { "fid": 832.0, "osm_id": 3487503090.0, "osm_type": "nodes", "amenity": null, "name": "Total Nusa", "layer": "commercial utm", "path": "D:\\geomapid\\Kebutuhan Final Project\\SHP\\UTM\\commercial utm.shp" }, "geometry": { "type": "Point", "coordinates": [ 110.3678541, -7.8217256 ] } },
{ "type": "Feature", "properties": { "fid": 833.0, "osm_id": 3487503063.0, "osm_type": "nodes", "amenity": null, "name": "Danar Nitiprodjo", "layer": "commercial utm", "path": "D:\\geomapid\\Kebutuhan Final Project\\SHP\\UTM\\commercial utm.shp" }, "geometry": { "type": "Point", "coordinates": [ 110.3648795, -7.8215287 ] } },
{ "type": "Feature", "properties": { "fid": 834.0, "osm_id": 5847948755.0, "osm_type": "nodes", "amenity": null, "name": "The Wayang Homestay", "layer": "commercial utm", "path": "D:\\geomapid\\Kebutuhan Final Project\\SHP\\UTM\\commercial utm.shp" }, "geometry": { "type": "Point", "coordinates": [ 110.360282, -7.8219339 ] } },
{ "type": "Feature", "properties": { "fid": 835.0, "osm_id": 4338038990.0, "osm_type": "nodes", "amenity": null, "name": "Venezia Garden Homestay", "layer": "commercial utm", "path": "D:\\geomapid\\Kebutuhan Final Project\\SHP\\UTM\\commercial utm.shp" }, "geometry": { "type": "Point", "coordinates": [ 110.3665106, -7.8205641 ] } },
{ "type": "Feature", "properties": { "fid": 836.0, "osm_id": 3487503077.0, "osm_type": "nodes", "amenity": "restaurant", "name": "Michaela's Kitchen", "layer": "commercial utm", "path": "D:\\geomapid\\Kebutuhan Final Project\\SHP\\UTM\\commercial utm.shp" }, "geometry": { "type": "Point", "coordinates": [ 110.366793, -7.8207453 ] } },
{ "type": "Feature", "properties": { "fid": 837.0, "osm_id": 9855873136.0, "osm_type": "nodes", "amenity": null, "name": "Ketemu Kopi & Roastery", "layer": "commercial utm", "path": "D:\\geomapid\\Kebutuhan Final Project\\SHP\\UTM\\commercial utm.shp" }, "geometry": { "type": "Point", "coordinates": [ 110.361920500000011, -7.8209039 ] } },
{ "type": "Feature", "properties": { "fid": 838.0, "osm_id": 1654014636.0, "osm_type": "nodes", "amenity": null, "name": "Ruba Graha", "layer": "commercial utm", "path": "D:\\geomapid\\Kebutuhan Final Project\\SHP\\UTM\\commercial utm.shp" }, "geometry": { "type": "Point", "coordinates": [ 110.3619557, -7.8212136 ] } },
{ "type": "Feature", "properties": { "fid": 839.0, "osm_id": 4063417063.0, "osm_type": "nodes", "amenity": null, "name": "Jogjamart", "layer": "commercial utm", "path": "D:\\geomapid\\Kebutuhan Final Project\\SHP\\UTM\\commercial utm.shp" }, "geometry": { "type": "Point", "coordinates": [ 110.3680506, -7.8204714 ] } },
{ "type": "Feature", "properties": { "fid": 840.0, "osm_id": 3585118450.0, "osm_type": "nodes", "amenity": null, "name": "GreenHost Hotel", "layer": "commercial utm", "path": "D:\\geomapid\\Kebutuhan Final Project\\SHP\\UTM\\commercial utm.shp" }, "geometry": { "type": "Point", "coordinates": [ 110.3690878, -7.8200358 ] } },
{ "type": "Feature", "properties": { "fid": 841.0, "osm_id": 6899374154.0, "osm_type": "nodes", "amenity": null, "name": "Rumah Eyang", "layer": "commercial utm", "path": "D:\\geomapid\\Kebutuhan Final Project\\SHP\\UTM\\commercial utm.shp" }, "geometry": { "type": "Point", "coordinates": [ 110.367284900000016, -7.82004 ] } },
{ "type": "Feature", "properties": { "fid": 842.0, "osm_id": 3662449263.0, "osm_type": "nodes", "amenity": "restaurant", "name": "Bakmi Jawa Harjo Geno", "layer": "commercial utm", "path": "D:\\geomapid\\Kebutuhan Final Project\\SHP\\UTM\\commercial utm.shp" }, "geometry": { "type": "Point", "coordinates": [ 110.3681123, -7.8198449 ] } },
{ "type": "Feature", "properties": { "fid": 843.0, "osm_id": 4063417064.0, "osm_type": "nodes", "amenity": "restaurant", "name": "Bamboo House", "layer": "commercial utm", "path": "D:\\geomapid\\Kebutuhan Final Project\\SHP\\UTM\\commercial utm.shp" }, "geometry": { "type": "Point", "coordinates": [ 110.3688921, -7.8198842 ] } },
{ "type": "Feature", "properties": { "fid": 844.0, "osm_id": 6899369099.0, "osm_type": "nodes", "amenity": null, "name": "Ndalem Mantrijeron", "layer": "commercial utm", "path": "D:\\geomapid\\Kebutuhan Final Project\\SHP\\UTM\\commercial utm.shp" }, "geometry": { "type": "Point", "coordinates": [ 110.3672193, -7.8196349 ] } },
{ "type": "Feature", "properties": { "fid": 845.0, "osm_id": 6899347341.0, "osm_type": "nodes", "amenity": null, "name": "Ndaleman Mantrijeroan", "layer": "commercial utm", "path": "D:\\geomapid\\Kebutuhan Final Project\\SHP\\UTM\\commercial utm.shp" }, "geometry": { "type": "Point", "coordinates": [ 110.3671904, -7.8196522 ] } },
{ "type": "Feature", "properties": { "fid": 846.0, "osm_id": 1640328040.0, "osm_type": "nodes", "amenity": null, "name": "Mercury", "layer": "commercial utm", "path": "D:\\geomapid\\Kebutuhan Final Project\\SHP\\UTM\\commercial utm.shp" }, "geometry": { "type": "Point", "coordinates": [ 110.368702, -7.8196933 ] } },
{ "type": "Feature", "properties": { "fid": 847.0, "osm_id": 5225391851.0, "osm_type": "nodes", "amenity": null, "name": "Maturnuwun", "layer": "commercial utm", "path": "D:\\geomapid\\Kebutuhan Final Project\\SHP\\UTM\\commercial utm.shp" }, "geometry": { "type": "Point", "coordinates": [ 110.3662969, -7.8198679 ] } },
{ "type": "Feature", "properties": { "fid": 848.0, "osm_id": 6899266842.0, "osm_type": "nodes", "amenity": null, "name": "Winatasastra", "layer": "commercial utm", "path": "D:\\geomapid\\Kebutuhan Final Project\\SHP\\UTM\\commercial utm.shp" }, "geometry": { "type": "Point", "coordinates": [ 110.3670974, -7.8200387 ] } },
{ "type": "Feature", "properties": { "fid": 849.0, "osm_id": 1987943600.0, "osm_type": "nodes", "amenity": "cafe", "name": null, "layer": "commercial utm", "path": "D:\\geomapid\\Kebutuhan Final Project\\SHP\\UTM\\commercial utm.shp" }, "geometry": { "type": "Point", "coordinates": [ 110.3815222, -7.7979751 ] } },
{ "type": "Feature", "properties": { "fid": 850.0, "osm_id": 4278281582.0, "osm_type": "nodes", "amenity": null, "name": "Hotel Panorama", "layer": "commercial utm", "path": "D:\\geomapid\\Kebutuhan Final Project\\SHP\\UTM\\commercial utm.shp" }, "geometry": { "type": "Point", "coordinates": [ 110.3787707, -7.8020279 ] } },
{ "type": "Feature", "properties": { "fid": 851.0, "osm_id": 10316215606.0, "osm_type": "nodes", "amenity": "cafe", "name": "Isvara", "layer": "commercial utm", "path": "D:\\geomapid\\Kebutuhan Final Project\\SHP\\UTM\\commercial utm.shp" }, "geometry": { "type": "Point", "coordinates": [ 110.3799505, -7.801965 ] } },
{ "type": "Feature", "properties": { "fid": 852.0, "osm_id": 3782252117.0, "osm_type": "nodes", "amenity": "cafe", "name": null, "layer": "commercial utm", "path": "D:\\geomapid\\Kebutuhan Final Project\\SHP\\UTM\\commercial utm.shp" }, "geometry": { "type": "Point", "coordinates": [ 110.3771158, -7.8092127 ] } },
{ "type": "Feature", "properties": { "fid": 853.0, "osm_id": 3782252118.0, "osm_type": "nodes", "amenity": "cafe", "name": "Angkringan Pak Hari", "layer": "commercial utm", "path": "D:\\geomapid\\Kebutuhan Final Project\\SHP\\UTM\\commercial utm.shp" }, "geometry": { "type": "Point", "coordinates": [ 110.3771775, -7.8093589 ] } },
{ "type": "Feature", "properties": { "fid": 854.0, "osm_id": 3782251857.0, "osm_type": "nodes", "amenity": null, "name": "Hotel Prime Syailendra", "layer": "commercial utm", "path": "D:\\geomapid\\Kebutuhan Final Project\\SHP\\UTM\\commercial utm.shp" }, "geometry": { "type": "Point", "coordinates": [ 110.3771829, -7.8103899 ] } },
{ "type": "Feature", "properties": { "fid": 855.0, "osm_id": 9835611291.0, "osm_type": "nodes", "amenity": null, "name": "Omah Permadi", "layer": "commercial utm", "path": "D:\\geomapid\\Kebutuhan Final Project\\SHP\\UTM\\commercial utm.shp" }, "geometry": { "type": "Point", "coordinates": [ 110.3779454, -7.810673 ] } },
{ "type": "Feature", "properties": { "fid": 856.0, "osm_id": 10653429662.0, "osm_type": "nodes", "amenity": null, "name": "Bakpia Pathok 25 Pathok Jaya", "layer": "commercial utm", "path": "D:\\geomapid\\Kebutuhan Final Project\\SHP\\UTM\\commercial utm.shp" }, "geometry": { "type": "Point", "coordinates": [ 110.3612596, -7.7975199 ] } },
{ "type": "Feature", "properties": { "fid": 857.0, "osm_id": 10658075405.0, "osm_type": "nodes", "amenity": "restaurant", "name": "Pempek Ny. Kamto", "layer": "commercial utm", "path": "D:\\geomapid\\Kebutuhan Final Project\\SHP\\UTM\\commercial utm.shp" }, "geometry": { "type": "Point", "coordinates": [ 110.3646307, -7.7973969 ] } },
{ "type": "Feature", "properties": { "fid": 858.0, "osm_id": 10658057606.0, "osm_type": "nodes", "amenity": "restaurant", "name": "Pempek Ny. Kamto", "layer": "commercial utm", "path": "D:\\geomapid\\Kebutuhan Final Project\\SHP\\UTM\\commercial utm.shp" }, "geometry": { "type": "Point", "coordinates": [ 110.3647166, -7.7974397 ] } },
{ "type": "Feature", "properties": { "fid": 859.0, "osm_id": 6679884599.0, "osm_type": "nodes", "amenity": null, "name": "Ramai Supermarket", "layer": "commercial utm", "path": "D:\\geomapid\\Kebutuhan Final Project\\SHP\\UTM\\commercial utm.shp" }, "geometry": { "type": "Point", "coordinates": [ 110.3647896, -7.7970738 ] } },
{ "type": "Feature", "properties": { "fid": 860.0, "osm_id": 3630346584.0, "osm_type": "nodes", "amenity": null, "name": "Pengrajin Wayang", "layer": "commercial utm", "path": "D:\\geomapid\\Kebutuhan Final Project\\SHP\\UTM\\commercial utm.shp" }, "geometry": { "type": "Point", "coordinates": [ 110.3621062, -7.8121824 ] } },
{ "type": "Feature", "properties": { "fid": 861.0, "osm_id": 7117199310.0, "osm_type": "nodes", "amenity": null, "name": "Ndalem Diajeng", "layer": "commercial utm", "path": "D:\\geomapid\\Kebutuhan Final Project\\SHP\\UTM\\commercial utm.shp" }, "geometry": { "type": "Point", "coordinates": [ 110.3675176, -7.8119214 ] } },
{ "type": "Feature", "properties": { "fid": 862.0, "osm_id": 2000854823.0, "osm_type": "nodes", "amenity": null, "name": "Ruang MES 56", "layer": "commercial utm", "path": "D:\\geomapid\\Kebutuhan Final Project\\SHP\\UTM\\commercial utm.shp" }, "geometry": { "type": "Point", "coordinates": [ 110.3577233, -7.8117665 ] } },
{ "type": "Feature", "properties": { "fid": 863.0, "osm_id": 10207238917.0, "osm_type": "nodes", "amenity": null, "name": "Voice of Jogja", "layer": "commercial utm", "path": "D:\\geomapid\\Kebutuhan Final Project\\SHP\\UTM\\commercial utm.shp" }, "geometry": { "type": "Point", "coordinates": [ 110.3584407, -7.8097124 ] } },
{ "type": "Feature", "properties": { "fid": 864.0, "osm_id": 4564998322.0, "osm_type": "nodes", "amenity": null, "name": null, "layer": "commercial utm", "path": "D:\\geomapid\\Kebutuhan Final Project\\SHP\\UTM\\commercial utm.shp" }, "geometry": { "type": "Point", "coordinates": [ 110.3595283, -7.80924 ] } },
{ "type": "Feature", "properties": { "fid": 865.0, "osm_id": 5592850621.0, "osm_type": "nodes", "amenity": null, "name": null, "layer": "commercial utm", "path": "D:\\geomapid\\Kebutuhan Final Project\\SHP\\UTM\\commercial utm.shp" }, "geometry": { "type": "Point", "coordinates": [ 110.3595669, -7.8090294 ] } },
{ "type": "Feature", "properties": { "fid": 866.0, "osm_id": 7117116848.0, "osm_type": "nodes", "amenity": null, "name": "Omah Konco Homestay", "layer": "commercial utm", "path": "D:\\geomapid\\Kebutuhan Final Project\\SHP\\UTM\\commercial utm.shp" }, "geometry": { "type": "Point", "coordinates": [ 110.3626741, -7.8088496 ] } },
{ "type": "Feature", "properties": { "fid": 867.0, "osm_id": 4290032798.0, "osm_type": "nodes", "amenity": null, "name": "Wavang Puppets", "layer": "commercial utm", "path": "D:\\geomapid\\Kebutuhan Final Project\\SHP\\UTM\\commercial utm.shp" }, "geometry": { "type": "Point", "coordinates": [ 110.3622219, -7.8087369 ] } },
{ "type": "Feature", "properties": { "fid": 868.0, "osm_id": 2258149815.0, "osm_type": "nodes", "amenity": "bar", "name": "Bosanova Bilyard", "layer": "commercial utm", "path": "D:\\geomapid\\Kebutuhan Final Project\\SHP\\UTM\\commercial utm.shp" }, "geometry": { "type": "Point", "coordinates": [ 110.371146700000011, -7.8089112 ] } },
{ "type": "Feature", "properties": { "fid": 869.0, "osm_id": 1987962927.0, "osm_type": "nodes", "amenity": null, "name": "Purawisata", "layer": "commercial utm", "path": "D:\\geomapid\\Kebutuhan Final Project\\SHP\\UTM\\commercial utm.shp" }, "geometry": { "type": "Point", "coordinates": [ 110.3697176, -7.8085242 ] } },
{ "type": "Feature", "properties": { "fid": 870.0, "osm_id": 5594627621.0, "osm_type": "nodes", "amenity": "restaurant", "name": null, "layer": "commercial utm", "path": "D:\\geomapid\\Kebutuhan Final Project\\SHP\\UTM\\commercial utm.shp" }, "geometry": { "type": "Point", "coordinates": [ 110.3612834, -7.8078071 ] } },
{ "type": "Feature", "properties": { "fid": 871.0, "osm_id": 1366438104.0, "osm_type": "nodes", "amenity": "restaurant", "name": "Gadri", "layer": "commercial utm", "path": "D:\\geomapid\\Kebutuhan Final Project\\SHP\\UTM\\commercial utm.shp" }, "geometry": { "type": "Point", "coordinates": [ 110.3628846, -7.806386 ] } },
{ "type": "Feature", "properties": { "fid": 872.0, "osm_id": 6678196351.0, "osm_type": "nodes", "amenity": "restaurant", "name": "Soto Lenthok Pak Ali", "layer": "commercial utm", "path": "D:\\geomapid\\Kebutuhan Final Project\\SHP\\UTM\\commercial utm.shp" }, "geometry": { "type": "Point", "coordinates": [ 110.3603395, -7.8063521 ] } },
{ "type": "Feature", "properties": { "fid": 873.0, "osm_id": 7117206087.0, "osm_type": "nodes", "amenity": "restaurant", "name": "Gosambih", "layer": "commercial utm", "path": "D:\\geomapid\\Kebutuhan Final Project\\SHP\\UTM\\commercial utm.shp" }, "geometry": { "type": "Point", "coordinates": [ 110.3694864, -7.8047221 ] } },
{ "type": "Feature", "properties": { "fid": 874.0, "osm_id": 5076521521.0, "osm_type": "nodes", "amenity": null, "name": null, "layer": "commercial utm", "path": "D:\\geomapid\\Kebutuhan Final Project\\SHP\\UTM\\commercial utm.shp" }, "geometry": { "type": "Point", "coordinates": [ 110.3604243, -7.8051489 ] } },
{ "type": "Feature", "properties": { "fid": 875.0, "osm_id": 10653424455.0, "osm_type": "nodes", "amenity": null, "name": "Bakpia Pathok 25 Ngasem Jaya", "layer": "commercial utm", "path": "D:\\geomapid\\Kebutuhan Final Project\\SHP\\UTM\\commercial utm.shp" }, "geometry": { "type": "Point", "coordinates": [ 110.3603439, -7.8051747 ] } },
{ "type": "Feature", "properties": { "fid": 876.0, "osm_id": 6595885190.0, "osm_type": "nodes", "amenity": null, "name": "Gong Perdamaian", "layer": "commercial utm", "path": "D:\\geomapid\\Kebutuhan Final Project\\SHP\\UTM\\commercial utm.shp" }, "geometry": { "type": "Point", "coordinates": [ 110.3673929, -7.8009002 ] } },
{ "type": "Feature", "properties": { "fid": 877.0, "osm_id": 11341202005.0, "osm_type": "nodes", "amenity": null, "name": "Museum Istana Yogyakarta", "layer": "commercial utm", "path": "D:\\geomapid\\Kebutuhan Final Project\\SHP\\UTM\\commercial utm.shp" }, "geometry": { "type": "Point", "coordinates": [ 110.364211900000015, -7.8009419 ] } },
{ "type": "Feature", "properties": { "fid": 878.0, "osm_id": 3487511790.0, "osm_type": "nodes", "amenity": "restaurant", "name": "Kedai Bin Saif", "layer": "commercial utm", "path": "D:\\geomapid\\Kebutuhan Final Project\\SHP\\UTM\\commercial utm.shp" }, "geometry": { "type": "Point", "coordinates": [ 110.3767831, -7.8250613 ] } },
{ "type": "Feature", "properties": { "fid": 879.0, "osm_id": 9002856864.0, "osm_type": "nodes", "amenity": null, "name": "Pamela Supermarket Karangkajen", "layer": "commercial utm", "path": "D:\\geomapid\\Kebutuhan Final Project\\SHP\\UTM\\commercial utm.shp" }, "geometry": { "type": "Point", "coordinates": [ 110.3731187, -7.8237687 ] } },
{ "type": "Feature", "properties": { "fid": 880.0, "osm_id": 9002853901.0, "osm_type": "nodes", "amenity": null, "name": "Cantya Hotel", "layer": "commercial utm", "path": "D:\\geomapid\\Kebutuhan Final Project\\SHP\\UTM\\commercial utm.shp" }, "geometry": { "type": "Point", "coordinates": [ 110.3735585, -7.8222333 ] } },
{ "type": "Feature", "properties": { "fid": 881.0, "osm_id": 9002853900.0, "osm_type": "nodes", "amenity": null, "name": "Hotel Olympic", "layer": "commercial utm", "path": "D:\\geomapid\\Kebutuhan Final Project\\SHP\\UTM\\commercial utm.shp" }, "geometry": { "type": "Point", "coordinates": [ 110.3736496, -7.8220413 ] } },
{ "type": "Feature", "properties": { "fid": 882.0, "osm_id": 5583703622.0, "osm_type": "nodes", "amenity": "cafe", "name": "SubStansi", "layer": "commercial utm", "path": "D:\\geomapid\\Kebutuhan Final Project\\SHP\\UTM\\commercial utm.shp" }, "geometry": { "type": "Point", "coordinates": [ 110.3731912, -7.8206857 ] } },
{ "type": "Feature", "properties": { "fid": 883.0, "osm_id": 9823993300.0, "osm_type": "nodes", "amenity": null, "name": "OYO 524 Makuta Hotel", "layer": "commercial utm", "path": "D:\\geomapid\\Kebutuhan Final Project\\SHP\\UTM\\commercial utm.shp" }, "geometry": { "type": "Point", "coordinates": [ 110.3708472, -7.8201788 ] } },
{ "type": "Feature", "properties": { "fid": 884.0, "osm_id": 448834564.0, "osm_type": "nodes", "amenity": null, "name": "Metro", "layer": "commercial utm", "path": "D:\\geomapid\\Kebutuhan Final Project\\SHP\\UTM\\commercial utm.shp" }, "geometry": { "type": "Point", "coordinates": [ 110.370827, -7.819927 ] } },
{ "type": "Feature", "properties": { "fid": 885.0, "osm_id": 2524302492.0, "osm_type": "nodes", "amenity": null, "name": "Agung", "layer": "commercial utm", "path": "D:\\geomapid\\Kebutuhan Final Project\\SHP\\UTM\\commercial utm.shp" }, "geometry": { "type": "Point", "coordinates": [ 110.3719783, -7.8199325 ] } },
{ "type": "Feature", "properties": { "fid": 886.0, "osm_id": 1640337576.0, "osm_type": "nodes", "amenity": "restaurant", "name": "Lotus Garden", "layer": "commercial utm", "path": "D:\\geomapid\\Kebutuhan Final Project\\SHP\\UTM\\commercial utm.shp" }, "geometry": { "type": "Point", "coordinates": [ 110.3711402, -7.8200546 ] } },
{ "type": "Feature", "properties": { "fid": 887.0, "osm_id": 3585118451.0, "osm_type": "nodes", "amenity": null, "name": "Ki Agung Prestis", "layer": "commercial utm", "path": "D:\\geomapid\\Kebutuhan Final Project\\SHP\\UTM\\commercial utm.shp" }, "geometry": { "type": "Point", "coordinates": [ 110.3693568, -7.8195224 ] } },
{ "type": "Feature", "properties": { "fid": 888.0, "osm_id": 4946718529.0, "osm_type": "nodes", "amenity": null, "name": "Annas", "layer": "commercial utm", "path": "D:\\geomapid\\Kebutuhan Final Project\\SHP\\UTM\\commercial utm.shp" }, "geometry": { "type": "Point", "coordinates": [ 110.3695484, -7.8189549 ] } },
{ "type": "Feature", "properties": { "fid": 889.0, "osm_id": 5654309127.0, "osm_type": "nodes", "amenity": "bar", "name": "Till Drop", "layer": "commercial utm", "path": "D:\\geomapid\\Kebutuhan Final Project\\SHP\\UTM\\commercial utm.shp" }, "geometry": { "type": "Point", "coordinates": [ 110.3700206, -7.8190405 ] } },
{ "type": "Feature", "properties": { "fid": 890.0, "osm_id": 1366438107.0, "osm_type": "nodes", "amenity": null, "name": "Perwita Sari", "layer": "commercial utm", "path": "D:\\geomapid\\Kebutuhan Final Project\\SHP\\UTM\\commercial utm.shp" }, "geometry": { "type": "Point", "coordinates": [ 110.3715471, -7.8189478 ] } },
{ "type": "Feature", "properties": { "fid": 891.0, "osm_id": 719147415.0, "osm_type": "nodes", "amenity": null, "name": null, "layer": "commercial utm", "path": "D:\\geomapid\\Kebutuhan Final Project\\SHP\\UTM\\commercial utm.shp" }, "geometry": { "type": "Point", "coordinates": [ 110.3716586, -7.8187297 ] } },
{ "type": "Feature", "properties": { "fid": 892.0, "osm_id": 6300830626.0, "osm_type": "nodes", "amenity": null, "name": "Happy Buddha", "layer": "commercial utm", "path": "D:\\geomapid\\Kebutuhan Final Project\\SHP\\UTM\\commercial utm.shp" }, "geometry": { "type": "Point", "coordinates": [ 110.371004, -7.8186841 ] } },
{ "type": "Feature", "properties": { "fid": 893.0, "osm_id": 4177878362.0, "osm_type": "nodes", "amenity": null, "name": "Puri Ageng", "layer": "commercial utm", "path": "D:\\geomapid\\Kebutuhan Final Project\\SHP\\UTM\\commercial utm.shp" }, "geometry": { "type": "Point", "coordinates": [ 110.3718549, -7.8132093 ] } },
{ "type": "Feature", "properties": { "fid": 894.0, "osm_id": 3760455764.0, "osm_type": "nodes", "amenity": "cafe", "name": "Susu Kedelai", "layer": "commercial utm", "path": "D:\\geomapid\\Kebutuhan Final Project\\SHP\\UTM\\commercial utm.shp" }, "geometry": { "type": "Point", "coordinates": [ 110.3625475, -7.7816362 ] } },
{ "type": "Feature", "properties": { "fid": 895.0, "osm_id": 7859890090.0, "osm_type": "nodes", "amenity": "restaurant", "name": "Warung Bakso", "layer": "commercial utm", "path": "D:\\geomapid\\Kebutuhan Final Project\\SHP\\UTM\\commercial utm.shp" }, "geometry": { "type": "Point", "coordinates": [ 110.3761227, -7.7836259 ] } },
{ "type": "Feature", "properties": { "fid": 896.0, "osm_id": 9175232116.0, "osm_type": "nodes", "amenity": null, "name": "Kutus-Kutus", "layer": "commercial utm", "path": "D:\\geomapid\\Kebutuhan Final Project\\SHP\\UTM\\commercial utm.shp" }, "geometry": { "type": "Point", "coordinates": [ 110.375064800000018, -7.7840128 ] } },
{ "type": "Feature", "properties": { "fid": 897.0, "osm_id": 9175232113.0, "osm_type": "nodes", "amenity": null, "name": "PT Tunggal Putra Bahagia Sejahtera", "layer": "commercial utm", "path": "D:\\geomapid\\Kebutuhan Final Project\\SHP\\UTM\\commercial utm.shp" }, "geometry": { "type": "Point", "coordinates": [ 110.3750249, -7.7841509 ] } },
{ "type": "Feature", "properties": { "fid": 898.0, "osm_id": 9158972449.0, "osm_type": "nodes", "amenity": "restaurant", "name": "Warung Makan Ibu Sofi Darsim", "layer": "commercial utm", "path": "D:\\geomapid\\Kebutuhan Final Project\\SHP\\UTM\\commercial utm.shp" }, "geometry": { "type": "Point", "coordinates": [ 110.3759911, -7.784819 ] } },
{ "type": "Feature", "properties": { "fid": 899.0, "osm_id": 9158972451.0, "osm_type": "nodes", "amenity": null, "name": "Bimbingan Belajar Quantum Project", "layer": "commercial utm", "path": "D:\\geomapid\\Kebutuhan Final Project\\SHP\\UTM\\commercial utm.shp" }, "geometry": { "type": "Point", "coordinates": [ 110.3756423, -7.7848467 ] } },
{ "type": "Feature", "properties": { "fid": 900.0, "osm_id": 7859897351.0, "osm_type": "nodes", "amenity": null, "name": "Kopel Bulog", "layer": "commercial utm", "path": "D:\\geomapid\\Kebutuhan Final Project\\SHP\\UTM\\commercial utm.shp" }, "geometry": { "type": "Point", "coordinates": [ 110.3750892, -7.7851703 ] } },
{ "type": "Feature", "properties": { "fid": 901.0, "osm_id": 7859897352.0, "osm_type": "nodes", "amenity": null, "name": "Laseca", "layer": "commercial utm", "path": "D:\\geomapid\\Kebutuhan Final Project\\SHP\\UTM\\commercial utm.shp" }, "geometry": { "type": "Point", "coordinates": [ 110.3756397, -7.7852687 ] } },
{ "type": "Feature", "properties": { "fid": 902.0, "osm_id": 7859897350.0, "osm_type": "nodes", "amenity": null, "name": "Melia Counter", "layer": "commercial utm", "path": "D:\\geomapid\\Kebutuhan Final Project\\SHP\\UTM\\commercial utm.shp" }, "geometry": { "type": "Point", "coordinates": [ 110.3756742, -7.7853721 ] } },
{ "type": "Feature", "properties": { "fid": 903.0, "osm_id": 9167788328.0, "osm_type": "nodes", "amenity": "cafe", "name": "Jnawi", "layer": "commercial utm", "path": "D:\\geomapid\\Kebutuhan Final Project\\SHP\\UTM\\commercial utm.shp" }, "geometry": { "type": "Point", "coordinates": [ 110.3759922, -7.7857584 ] } },
{ "type": "Feature", "properties": { "fid": 904.0, "osm_id": 9158972452.0, "osm_type": "nodes", "amenity": null, "name": "Hesti Mart", "layer": "commercial utm", "path": "D:\\geomapid\\Kebutuhan Final Project\\SHP\\UTM\\commercial utm.shp" }, "geometry": { "type": "Point", "coordinates": [ 110.376341900000014, -7.7859743 ] } },
{ "type": "Feature", "properties": { "fid": 905.0, "osm_id": 4414634393.0, "osm_type": "nodes", "amenity": null, "name": "PT Tekom", "layer": "commercial utm", "path": "D:\\geomapid\\Kebutuhan Final Project\\SHP\\UTM\\commercial utm.shp" }, "geometry": { "type": "Point", "coordinates": [ 110.3750289, -7.7867796 ] } },
{ "type": "Feature", "properties": { "fid": 906.0, "osm_id": 7850741002.0, "osm_type": "nodes", "amenity": "restaurant", "name": "Angkringan Mbak Sri", "layer": "commercial utm", "path": "D:\\geomapid\\Kebutuhan Final Project\\SHP\\UTM\\commercial utm.shp" }, "geometry": { "type": "Point", "coordinates": [ 110.378067, -7.7878113 ] } },
{ "type": "Feature", "properties": { "fid": 907.0, "osm_id": 7848306234.0, "osm_type": "nodes", "amenity": null, "name": "Kios Pak Rahman", "layer": "commercial utm", "path": "D:\\geomapid\\Kebutuhan Final Project\\SHP\\UTM\\commercial utm.shp" }, "geometry": { "type": "Point", "coordinates": [ 110.377289, -7.788013 ] } },
{ "type": "Feature", "properties": { "fid": 908.0, "osm_id": 9165415465.0, "osm_type": "nodes", "amenity": "restaurant", "name": "Kantin OK", "layer": "commercial utm", "path": "D:\\geomapid\\Kebutuhan Final Project\\SHP\\UTM\\commercial utm.shp" }, "geometry": { "type": "Point", "coordinates": [ 110.377817100000016, -7.787876 ] } },
{ "type": "Feature", "properties": { "fid": 909.0, "osm_id": 9165415466.0, "osm_type": "nodes", "amenity": null, "name": "PT Sentosa Teguh Sakti", "layer": "commercial utm", "path": "D:\\geomapid\\Kebutuhan Final Project\\SHP\\UTM\\commercial utm.shp" }, "geometry": { "type": "Point", "coordinates": [ 110.3774108, -7.7878732 ] } },
{ "type": "Feature", "properties": { "fid": 910.0, "osm_id": 7850741001.0, "osm_type": "nodes", "amenity": null, "name": "Kantor Notaris PPAT M. Agus Hanafi SH", "layer": "commercial utm", "path": "D:\\geomapid\\Kebutuhan Final Project\\SHP\\UTM\\commercial utm.shp" }, "geometry": { "type": "Point", "coordinates": [ 110.3774619, -7.7881988 ] } },
{ "type": "Feature", "properties": { "fid": 911.0, "osm_id": 7811468604.0, "osm_type": "nodes", "amenity": "restaurant", "name": "Nasi Goreng Kambing", "layer": "commercial utm", "path": "D:\\geomapid\\Kebutuhan Final Project\\SHP\\UTM\\commercial utm.shp" }, "geometry": { "type": "Point", "coordinates": [ 110.3772623, -7.7883717 ] } },
{ "type": "Feature", "properties": { "fid": 912.0, "osm_id": 7808417600.0, "osm_type": "nodes", "amenity": null, "name": "Sehati Computer", "layer": "commercial utm", "path": "D:\\geomapid\\Kebutuhan Final Project\\SHP\\UTM\\commercial utm.shp" }, "geometry": { "type": "Point", "coordinates": [ 110.3779869, -7.7883762 ] } },
{ "type": "Feature", "properties": { "fid": 913.0, "osm_id": 7868803542.0, "osm_type": "nodes", "amenity": "restaurant", "name": "Warung Makan Fresco", "layer": "commercial utm", "path": "D:\\geomapid\\Kebutuhan Final Project\\SHP\\UTM\\commercial utm.shp" }, "geometry": { "type": "Point", "coordinates": [ 110.3778703, -7.788415 ] } },
{ "type": "Feature", "properties": { "fid": 914.0, "osm_id": 7808417595.0, "osm_type": "nodes", "amenity": null, "name": null, "layer": "commercial utm", "path": "D:\\geomapid\\Kebutuhan Final Project\\SHP\\UTM\\commercial utm.shp" }, "geometry": { "type": "Point", "coordinates": [ 110.3778358, -7.7884185 ] } },
{ "type": "Feature", "properties": { "fid": 915.0, "osm_id": 7811468608.0, "osm_type": "nodes", "amenity": "restaurant", "name": "Angkringan Yono", "layer": "commercial utm", "path": "D:\\geomapid\\Kebutuhan Final Project\\SHP\\UTM\\commercial utm.shp" }, "geometry": { "type": "Point", "coordinates": [ 110.3765667, -7.7884847 ] } },
{ "type": "Feature", "properties": { "fid": 916.0, "osm_id": 7811468610.0, "osm_type": "nodes", "amenity": null, "name": "Trendy Salon", "layer": "commercial utm", "path": "D:\\geomapid\\Kebutuhan Final Project\\SHP\\UTM\\commercial utm.shp" }, "geometry": { "type": "Point", "coordinates": [ 110.376064, -7.7888021 ] } },
{ "type": "Feature", "properties": { "fid": 917.0, "osm_id": 7809692827.0, "osm_type": "nodes", "amenity": "restaurant", "name": "Sego Empal Bu Warno", "layer": "commercial utm", "path": "D:\\geomapid\\Kebutuhan Final Project\\SHP\\UTM\\commercial utm.shp" }, "geometry": { "type": "Point", "coordinates": [ 110.376526, -7.7887943 ] } },
{ "type": "Feature", "properties": { "fid": 918.0, "osm_id": 7808417592.0, "osm_type": "nodes", "amenity": "restaurant", "name": "Warung Makan Mak'e", "layer": "commercial utm", "path": "D:\\geomapid\\Kebutuhan Final Project\\SHP\\UTM\\commercial utm.shp" }, "geometry": { "type": "Point", "coordinates": [ 110.3769106, -7.7887026 ] } },
{ "type": "Feature", "properties": { "fid": 919.0, "osm_id": 7808417599.0, "osm_type": "nodes", "amenity": "restaurant", "name": "Rumah Makan Padang Andalas Raya", "layer": "commercial utm", "path": "D:\\geomapid\\Kebutuhan Final Project\\SHP\\UTM\\commercial utm.shp" }, "geometry": { "type": "Point", "coordinates": [ 110.377216, -7.7886632 ] } },
{ "type": "Feature", "properties": { "fid": 920.0, "osm_id": 7808417597.0, "osm_type": "nodes", "amenity": null, "name": null, "layer": "commercial utm", "path": "D:\\geomapid\\Kebutuhan Final Project\\SHP\\UTM\\commercial utm.shp" }, "geometry": { "type": "Point", "coordinates": [ 110.377343, -7.7886114 ] } },
{ "type": "Feature", "properties": { "fid": 921.0, "osm_id": 7808417598.0, "osm_type": "nodes", "amenity": "restaurant", "name": "Sio Manise Seafood", "layer": "commercial utm", "path": "D:\\geomapid\\Kebutuhan Final Project\\SHP\\UTM\\commercial utm.shp" }, "geometry": { "type": "Point", "coordinates": [ 110.3773979, -7.7886023 ] } },
{ "type": "Feature", "properties": { "fid": 922.0, "osm_id": 7862132538.0, "osm_type": "nodes", "amenity": "restaurant", "name": "Warung Makan Berkah", "layer": "commercial utm", "path": "D:\\geomapid\\Kebutuhan Final Project\\SHP\\UTM\\commercial utm.shp" }, "geometry": { "type": "Point", "coordinates": [ 110.3778824, -7.7888966 ] } },
{ "type": "Feature", "properties": { "fid": 923.0, "osm_id": 7811468605.0, "osm_type": "nodes", "amenity": null, "name": "Toko Bu Warsito", "layer": "commercial utm", "path": "D:\\geomapid\\Kebutuhan Final Project\\SHP\\UTM\\commercial utm.shp" }, "geometry": { "type": "Point", "coordinates": [ 110.3757752, -7.7888489 ] } },
{ "type": "Feature", "properties": { "fid": 924.0, "osm_id": 7811468607.0, "osm_type": "nodes", "amenity": "restaurant", "name": "Warung Makan Bu Seno", "layer": "commercial utm", "path": "D:\\geomapid\\Kebutuhan Final Project\\SHP\\UTM\\commercial utm.shp" }, "geometry": { "type": "Point", "coordinates": [ 110.3757242, -7.7888465 ] } },
{ "type": "Feature", "properties": { "fid": 925.0, "osm_id": 9242835812.0, "osm_type": "nodes", "amenity": "restaurant", "name": "Warung Makan Bu Uli", "layer": "commercial utm", "path": "D:\\geomapid\\Kebutuhan Final Project\\SHP\\UTM\\commercial utm.shp" }, "geometry": { "type": "Point", "coordinates": [ 110.37651670000001, -7.7890903 ] } },
{ "type": "Feature", "properties": { "fid": 926.0, "osm_id": 9163450288.0, "osm_type": "nodes", "amenity": null, "name": "Potong Rambut Madura", "layer": "commercial utm", "path": "D:\\geomapid\\Kebutuhan Final Project\\SHP\\UTM\\commercial utm.shp" }, "geometry": { "type": "Point", "coordinates": [ 110.3774043, -7.7902756 ] } },
{ "type": "Feature", "properties": { "fid": 927.0, "osm_id": 7864044440.0, "osm_type": "nodes", "amenity": "restaurant", "name": "Angkringan", "layer": "commercial utm", "path": "D:\\geomapid\\Kebutuhan Final Project\\SHP\\UTM\\commercial utm.shp" }, "geometry": { "type": "Point", "coordinates": [ 110.3780005, -7.7900984 ] } },
{ "type": "Feature", "properties": { "fid": 928.0, "osm_id": 5869827594.0, "osm_type": "nodes", "amenity": "cafe", "name": "Loko Cafe", "layer": "commercial utm", "path": "D:\\geomapid\\Kebutuhan Final Project\\SHP\\UTM\\commercial utm.shp" }, "geometry": { "type": "Point", "coordinates": [ 110.3754232, -7.7902609 ] } },
{ "type": "Feature", "properties": { "fid": 929.0, "osm_id": 7864044437.0, "osm_type": "nodes", "amenity": "restaurant", "name": "Angkringan Denpal", "layer": "commercial utm", "path": "D:\\geomapid\\Kebutuhan Final Project\\SHP\\UTM\\commercial utm.shp" }, "geometry": { "type": "Point", "coordinates": [ 110.3777711, -7.7915402 ] } },
{ "type": "Feature", "properties": { "fid": 930.0, "osm_id": 9176441521.0, "osm_type": "nodes", "amenity": null, "name": "Lintas Nusantara Perdana", "layer": "commercial utm", "path": "D:\\geomapid\\Kebutuhan Final Project\\SHP\\UTM\\commercial utm.shp" }, "geometry": { "type": "Point", "coordinates": [ 110.3730616, -7.7905484 ] } },
{ "type": "Feature", "properties": { "fid": 931.0, "osm_id": 7808438812.0, "osm_type": "nodes", "amenity": null, "name": "Kios Pak Paidi", "layer": "commercial utm", "path": "D:\\geomapid\\Kebutuhan Final Project\\SHP\\UTM\\commercial utm.shp" }, "geometry": { "type": "Point", "coordinates": [ 110.3740233, -7.7889631 ] } },
{ "type": "Feature", "properties": { "fid": 932.0, "osm_id": 7811766158.0, "osm_type": "nodes", "amenity": null, "name": "Bengkel Motor Sahabat", "layer": "commercial utm", "path": "D:\\geomapid\\Kebutuhan Final Project\\SHP\\UTM\\commercial utm.shp" }, "geometry": { "type": "Point", "coordinates": [ 110.3742168, -7.7889529 ] } },
{ "type": "Feature", "properties": { "fid": 933.0, "osm_id": 7867529287.0, "osm_type": "nodes", "amenity": "restaurant", "name": "Warung Makan Bakmi dan Nasi Goreng", "layer": "commercial utm", "path": "D:\\geomapid\\Kebutuhan Final Project\\SHP\\UTM\\commercial utm.shp" }, "geometry": { "type": "Point", "coordinates": [ 110.3738316, -7.7889227 ] } },
{ "type": "Feature", "properties": { "fid": 934.0, "osm_id": 5842034285.0, "osm_type": "nodes", "amenity": "restaurant", "name": "Yamie Panda", "layer": "commercial utm", "path": "D:\\geomapid\\Kebutuhan Final Project\\SHP\\UTM\\commercial utm.shp" }, "geometry": { "type": "Point", "coordinates": [ 110.3748725, -7.7885025 ] } },
{ "type": "Feature", "properties": { "fid": 935.0, "osm_id": 9167786603.0, "osm_type": "nodes", "amenity": null, "name": null, "layer": "commercial utm", "path": "D:\\geomapid\\Kebutuhan Final Project\\SHP\\UTM\\commercial utm.shp" }, "geometry": { "type": "Point", "coordinates": [ 110.3747868, -7.7859819 ] } },
{ "type": "Feature", "properties": { "fid": 936.0, "osm_id": 3229509258.0, "osm_type": "nodes", "amenity": null, "name": "Harian Kompas", "layer": "commercial utm", "path": "D:\\geomapid\\Kebutuhan Final Project\\SHP\\UTM\\commercial utm.shp" }, "geometry": { "type": "Point", "coordinates": [ 110.3747382, -7.7856609 ] } },
{ "type": "Feature", "properties": { "fid": 937.0, "osm_id": 7805410940.0, "osm_type": "nodes", "amenity": "restaurant", "name": "Roemi - Rumah Mirota", "layer": "commercial utm", "path": "D:\\geomapid\\Kebutuhan Final Project\\SHP\\UTM\\commercial utm.shp" }, "geometry": { "type": "Point", "coordinates": [ 110.3743158, -7.7856143 ] } },
{ "type": "Feature", "properties": { "fid": 938.0, "osm_id": 3229509259.0, "osm_type": "nodes", "amenity": null, "name": "Radio Sonora", "layer": "commercial utm", "path": "D:\\geomapid\\Kebutuhan Final Project\\SHP\\UTM\\commercial utm.shp" }, "geometry": { "type": "Point", "coordinates": [ 110.3747519, -7.7855553 ] } },
{ "type": "Feature", "properties": { "fid": 939.0, "osm_id": 4590872603.0, "osm_type": "nodes", "amenity": "cafe", "name": "Kopi Bule", "layer": "commercial utm", "path": "D:\\geomapid\\Kebutuhan Final Project\\SHP\\UTM\\commercial utm.shp" }, "geometry": { "type": "Point", "coordinates": [ 110.3735987, -7.785142 ] } },
{ "type": "Feature", "properties": { "fid": 940.0, "osm_id": 7880489259.0, "osm_type": "nodes", "amenity": null, "name": "Notaris PPAT MF Jenny SetiawatiYosgiarso SH", "layer": "commercial utm", "path": "D:\\geomapid\\Kebutuhan Final Project\\SHP\\UTM\\commercial utm.shp" }, "geometry": { "type": "Point", "coordinates": [ 110.3739911, -7.784972 ] } },
{ "type": "Feature", "properties": { "fid": 941.0, "osm_id": 7880489261.0, "osm_type": "nodes", "amenity": null, "name": "Jogja Dragonfish", "layer": "commercial utm", "path": "D:\\geomapid\\Kebutuhan Final Project\\SHP\\UTM\\commercial utm.shp" }, "geometry": { "type": "Point", "coordinates": [ 110.374194, -7.7849903 ] } },
{ "type": "Feature", "properties": { "fid": 942.0, "osm_id": 9916057439.0, "osm_type": "nodes", "amenity": null, "name": "House of Donatello", "layer": "commercial utm", "path": "D:\\geomapid\\Kebutuhan Final Project\\SHP\\UTM\\commercial utm.shp" }, "geometry": { "type": "Point", "coordinates": [ 110.374397, -7.7848853 ] } },
{ "type": "Feature", "properties": { "fid": 943.0, "osm_id": 3229516709.0, "osm_type": "nodes", "amenity": "cafe", "name": "Melu Cafe", "layer": "commercial utm", "path": "D:\\geomapid\\Kebutuhan Final Project\\SHP\\UTM\\commercial utm.shp" }, "geometry": { "type": "Point", "coordinates": [ 110.3748777, -7.7844877 ] } },
{ "type": "Feature", "properties": { "fid": 944.0, "osm_id": 9175232112.0, "osm_type": "nodes", "amenity": null, "name": "Graha LBC", "layer": "commercial utm", "path": "D:\\geomapid\\Kebutuhan Final Project\\SHP\\UTM\\commercial utm.shp" }, "geometry": { "type": "Point", "coordinates": [ 110.3749507, -7.7843705 ] } },
{ "type": "Feature", "properties": { "fid": 945.0, "osm_id": 4460180999.0, "osm_type": "nodes", "amenity": "cafe", "name": "Silol Cafe", "layer": "commercial utm", "path": "D:\\geomapid\\Kebutuhan Final Project\\SHP\\UTM\\commercial utm.shp" }, "geometry": { "type": "Point", "coordinates": [ 110.3746544, -7.7843162 ] } },
{ "type": "Feature", "properties": { "fid": 946.0, "osm_id": 4590872606.0, "osm_type": "nodes", "amenity": null, "name": "Wijaya karya .PT", "layer": "commercial utm", "path": "D:\\geomapid\\Kebutuhan Final Project\\SHP\\UTM\\commercial utm.shp" }, "geometry": { "type": "Point", "coordinates": [ 110.3736551, -7.7843321 ] } },
{ "type": "Feature", "properties": { "fid": 947.0, "osm_id": 7880489264.0, "osm_type": "nodes", "amenity": null, "name": "Solusi Kantor", "layer": "commercial utm", "path": "D:\\geomapid\\Kebutuhan Final Project\\SHP\\UTM\\commercial utm.shp" }, "geometry": { "type": "Point", "coordinates": [ 110.3741553, -7.7841203 ] } },
{ "type": "Feature", "properties": { "fid": 948.0, "osm_id": 4799118027.0, "osm_type": "nodes", "amenity": "cafe", "name": "Chatime", "layer": "commercial utm", "path": "D:\\geomapid\\Kebutuhan Final Project\\SHP\\UTM\\commercial utm.shp" }, "geometry": { "type": "Point", "coordinates": [ 110.3746782, -7.7832759 ] } },
{ "type": "Feature", "properties": { "fid": 949.0, "osm_id": 9205485634.0, "osm_type": "nodes", "amenity": null, "name": "Laundry K21", "layer": "commercial utm", "path": "D:\\geomapid\\Kebutuhan Final Project\\SHP\\UTM\\commercial utm.shp" }, "geometry": { "type": "Point", "coordinates": [ 110.3801261, -7.787477 ] } },
{ "type": "Feature", "properties": { "fid": 950.0, "osm_id": 7859890089.0, "osm_type": "nodes", "amenity": "restaurant", "name": "Warung Bu Endang", "layer": "commercial utm", "path": "D:\\geomapid\\Kebutuhan Final Project\\SHP\\UTM\\commercial utm.shp" }, "geometry": { "type": "Point", "coordinates": [ 110.3761059, -7.7836614 ] } },
{ "type": "Feature", "properties": { "fid": 951.0, "osm_id": 4771123824.0, "osm_type": "nodes", "amenity": "restaurant", "name": "Soto Pak Sholeh “Al-Barokah”", "layer": "commercial utm", "path": "D:\\geomapid\\Kebutuhan Final Project\\SHP\\UTM\\commercial utm.shp" }, "geometry": { "type": "Point", "coordinates": [ 110.3526714, -7.787186 ] } },
{ "type": "Feature", "properties": { "fid": 952.0, "osm_id": 9832326646.0, "osm_type": "nodes", "amenity": "restaurant", "name": "Selawase Resto & Wedangan", "layer": "commercial utm", "path": "D:\\geomapid\\Kebutuhan Final Project\\SHP\\UTM\\commercial utm.shp" }, "geometry": { "type": "Point", "coordinates": [ 110.3628181, -7.7880633 ] } },
{ "type": "Feature", "properties": { "fid": 953.0, "osm_id": 10198975863.0, "osm_type": "nodes", "amenity": null, "name": null, "layer": "commercial utm", "path": "D:\\geomapid\\Kebutuhan Final Project\\SHP\\UTM\\commercial utm.shp" }, "geometry": { "type": "Point", "coordinates": [ 110.3612321, -7.7863041 ] } },
{ "type": "Feature", "properties": { "fid": 954.0, "osm_id": 492167658.0, "osm_type": "nodes", "amenity": null, "name": "Griya Sentana", "layer": "commercial utm", "path": "D:\\geomapid\\Kebutuhan Final Project\\SHP\\UTM\\commercial utm.shp" }, "geometry": { "type": "Point", "coordinates": [ 110.363624, -7.7853525 ] } },
{ "type": "Feature", "properties": { "fid": 955.0, "osm_id": 1360184919.0, "osm_type": "nodes", "amenity": "marketplace", "name": null, "layer": "commercial utm", "path": "D:\\geomapid\\Kebutuhan Final Project\\SHP\\UTM\\commercial utm.shp" }, "geometry": { "type": "Point", "coordinates": [ 110.358983, -7.7830823 ] } },
{ "type": "Feature", "properties": { "fid": 956.0, "osm_id": 9821664235.0, "osm_type": "nodes", "amenity": null, "name": "Grand Senyum Hotel", "layer": "commercial utm", "path": "D:\\geomapid\\Kebutuhan Final Project\\SHP\\UTM\\commercial utm.shp" }, "geometry": { "type": "Point", "coordinates": [ 110.3653251, -7.783137 ] } },
{ "type": "Feature", "properties": { "fid": 957.0, "osm_id": 4142881589.0, "osm_type": "nodes", "amenity": null, "name": "Kue ku Ibu Sumiyati", "layer": "commercial utm", "path": "D:\\geomapid\\Kebutuhan Final Project\\SHP\\UTM\\commercial utm.shp" }, "geometry": { "type": "Point", "coordinates": [ 110.3967822, -7.8150081 ] } },
{ "type": "Feature", "properties": { "fid": 958.0, "osm_id": 9824258186.0, "osm_type": "nodes", "amenity": null, "name": "Seroja Kostel Golo", "layer": "commercial utm", "path": "D:\\geomapid\\Kebutuhan Final Project\\SHP\\UTM\\commercial utm.shp" }, "geometry": { "type": "Point", "coordinates": [ 110.3818528, -7.8151374 ] } },
{ "type": "Feature", "properties": { "fid": 959.0, "osm_id": 6320439722.0, "osm_type": "nodes", "amenity": null, "name": "De Mata Trick Eye Museum", "layer": "commercial utm", "path": "D:\\geomapid\\Kebutuhan Final Project\\SHP\\UTM\\commercial utm.shp" }, "geometry": { "type": "Point", "coordinates": [ 110.3873388, -7.8162858 ] } },
{ "type": "Feature", "properties": { "fid": 960.0, "osm_id": 9824224841.0, "osm_type": "nodes", "amenity": null, "name": "Tjokro Style Yogyakarta", "layer": "commercial utm", "path": "D:\\geomapid\\Kebutuhan Final Project\\SHP\\UTM\\commercial utm.shp" }, "geometry": { "type": "Point", "coordinates": [ 110.3805627, -7.8167358 ] } },
{ "type": "Feature", "properties": { "fid": 961.0, "osm_id": 5045741222.0, "osm_type": "nodes", "amenity": "restaurant", "name": null, "layer": "commercial utm", "path": "D:\\geomapid\\Kebutuhan Final Project\\SHP\\UTM\\commercial utm.shp" }, "geometry": { "type": "Point", "coordinates": [ 110.381288, -7.8166507 ] } },
{ "type": "Feature", "properties": { "fid": 962.0, "osm_id": 6320428440.0, "osm_type": "nodes", "amenity": null, "name": "Selfie Park Taman Pule", "layer": "commercial utm", "path": "D:\\geomapid\\Kebutuhan Final Project\\SHP\\UTM\\commercial utm.shp" }, "geometry": { "type": "Point", "coordinates": [ 110.3864923, -7.8166346 ] } },
{ "type": "Feature", "properties": { "fid": 963.0, "osm_id": 4278281575.0, "osm_type": "nodes", "amenity": null, "name": "Aliansi Jurnalis Independen (AJI)", "layer": "commercial utm", "path": "D:\\geomapid\\Kebutuhan Final Project\\SHP\\UTM\\commercial utm.shp" }, "geometry": { "type": "Point", "coordinates": [ 110.3806137, -7.8178917 ] } },
{ "type": "Feature", "properties": { "fid": 964.0, "osm_id": 9276559284.0, "osm_type": "nodes", "amenity": "fast_food", "name": null, "layer": "commercial utm", "path": "D:\\geomapid\\Kebutuhan Final Project\\SHP\\UTM\\commercial utm.shp" }, "geometry": { "type": "Point", "coordinates": [ 110.3768764, -7.8201819 ] } },
{ "type": "Feature", "properties": { "fid": 965.0, "osm_id": 3885558449.0, "osm_type": "nodes", "amenity": null, "name": "PT. TASPEN PERSERO", "layer": "commercial utm", "path": "D:\\geomapid\\Kebutuhan Final Project\\SHP\\UTM\\commercial utm.shp" }, "geometry": { "type": "Point", "coordinates": [ 110.3925755, -7.7953081 ] } },
{ "type": "Feature", "properties": { "fid": 966.0, "osm_id": 3658773685.0, "osm_type": "nodes", "amenity": "restaurant", "name": "Kedai Rakjat Djelata", "layer": "commercial utm", "path": "D:\\geomapid\\Kebutuhan Final Project\\SHP\\UTM\\commercial utm.shp" }, "geometry": { "type": "Point", "coordinates": [ 110.3780556, -7.7930961 ] } },
{ "type": "Feature", "properties": { "fid": 967.0, "osm_id": 11203856128.0, "osm_type": "nodes", "amenity": "cafe", "name": "Angkringan Lempungwangi", "layer": "commercial utm", "path": "D:\\geomapid\\Kebutuhan Final Project\\SHP\\UTM\\commercial utm.shp" }, "geometry": { "type": "Point", "coordinates": [ 110.372744, -7.7958976 ] } },
{ "type": "Feature", "properties": { "fid": 968.0, "osm_id": 3305628217.0, "osm_type": "nodes", "amenity": null, "name": "Trans Yogya", "layer": "commercial utm", "path": "D:\\geomapid\\Kebutuhan Final Project\\SHP\\UTM\\commercial utm.shp" }, "geometry": { "type": "Point", "coordinates": [ 110.3739488, -7.7937659 ] } },
{ "type": "Feature", "properties": { "fid": 969.0, "osm_id": 6939520399.0, "osm_type": "nodes", "amenity": null, "name": "Metro LMalioboro Living", "layer": "commercial utm", "path": "D:\\geomapid\\Kebutuhan Final Project\\SHP\\UTM\\commercial utm.shp" }, "geometry": { "type": "Point", "coordinates": [ 110.374086, -7.7935432 ] } },
{ "type": "Feature", "properties": { "fid": 970.0, "osm_id": 9198357819.0, "osm_type": "nodes", "amenity": null, "name": "Toko Sinar Jaya", "layer": "commercial utm", "path": "D:\\geomapid\\Kebutuhan Final Project\\SHP\\UTM\\commercial utm.shp" }, "geometry": { "type": "Point", "coordinates": [ 110.3724311, -7.7915918 ] } },
{ "type": "Feature", "properties": { "fid": 971.0, "osm_id": 9833342566.0, "osm_type": "nodes", "amenity": null, "name": "Cerdas Bergembira", "layer": "commercial utm", "path": "D:\\geomapid\\Kebutuhan Final Project\\SHP\\UTM\\commercial utm.shp" }, "geometry": { "type": "Point", "coordinates": [ 110.3739001, -7.7916044 ] } },
{ "type": "Feature", "properties": { "fid": 972.0, "osm_id": 9176441519.0, "osm_type": "nodes", "amenity": null, "name": "Herona Express", "layer": "commercial utm", "path": "D:\\geomapid\\Kebutuhan Final Project\\SHP\\UTM\\commercial utm.shp" }, "geometry": { "type": "Point", "coordinates": [ 110.3732323, -7.7905708 ] } },
{ "type": "Feature", "properties": { "fid": 973.0, "osm_id": 9176441520.0, "osm_type": "nodes", "amenity": null, "name": "KAI Logistik", "layer": "commercial utm", "path": "D:\\geomapid\\Kebutuhan Final Project\\SHP\\UTM\\commercial utm.shp" }, "geometry": { "type": "Point", "coordinates": [ 110.37341760000001, -7.7905956 ] } },
{ "type": "Feature", "properties": { "fid": 974.0, "osm_id": 9191255914.0, "osm_type": "nodes", "amenity": null, "name": "Linmas Tegalpanggung", "layer": "commercial utm", "path": "D:\\geomapid\\Kebutuhan Final Project\\SHP\\UTM\\commercial utm.shp" }, "geometry": { "type": "Point", "coordinates": [ 110.3728602, -7.7905298 ] } },
{ "type": "Feature", "properties": { "fid": 975.0, "osm_id": 9833787710.0, "osm_type": "nodes", "amenity": "restaurant", "name": "Bakmi Kadin 2", "layer": "commercial utm", "path": "D:\\geomapid\\Kebutuhan Final Project\\SHP\\UTM\\commercial utm.shp" }, "geometry": { "type": "Point", "coordinates": [ 110.3727784, -7.8025 ] } },
{ "type": "Feature", "properties": { "fid": 976.0, "osm_id": 3451628642.0, "osm_type": "nodes", "amenity": "restaurant", "name": "Bakmi Kadin", "layer": "commercial utm", "path": "D:\\geomapid\\Kebutuhan Final Project\\SHP\\UTM\\commercial utm.shp" }, "geometry": { "type": "Point", "coordinates": [ 110.3726219, -7.8019642 ] } },
{ "type": "Feature", "properties": { "fid": 977.0, "osm_id": 10977124705.0, "osm_type": "nodes", "amenity": "restaurant", "name": "ayam goreng bu tini", "layer": "commercial utm", "path": "D:\\geomapid\\Kebutuhan Final Project\\SHP\\UTM\\commercial utm.shp" }, "geometry": { "type": "Point", "coordinates": [ 110.3736936, -7.8013633 ] } },
{ "type": "Feature", "properties": { "fid": 978.0, "osm_id": 3732339032.0, "osm_type": "nodes", "amenity": null, "name": "Puri Pangeran Hotel", "layer": "commercial utm", "path": "D:\\geomapid\\Kebutuhan Final Project\\SHP\\UTM\\commercial utm.shp" }, "geometry": { "type": "Point", "coordinates": [ 110.3744796, -7.8006644 ] } },
{ "type": "Feature", "properties": { "fid": 979.0, "osm_id": 9162801132.0, "osm_type": "nodes", "amenity": null, "name": null, "layer": "commercial utm", "path": "D:\\geomapid\\Kebutuhan Final Project\\SHP\\UTM\\commercial utm.shp" }, "geometry": { "type": "Point", "coordinates": [ 110.3722978, -7.7888098 ] } },
{ "type": "Feature", "properties": { "fid": 980.0, "osm_id": 7862020491.0, "osm_type": "nodes", "amenity": "restaurant", "name": "Warung Makan Pecel Lele", "layer": "commercial utm", "path": "D:\\geomapid\\Kebutuhan Final Project\\SHP\\UTM\\commercial utm.shp" }, "geometry": { "type": "Point", "coordinates": [ 110.371665900000011, -7.7883803 ] } },
{ "type": "Feature", "properties": { "fid": 981.0, "osm_id": 7811256798.0, "osm_type": "nodes", "amenity": "cafe", "name": "Dimsum Sembilan Naga", "layer": "commercial utm", "path": "D:\\geomapid\\Kebutuhan Final Project\\SHP\\UTM\\commercial utm.shp" }, "geometry": { "type": "Point", "coordinates": [ 110.3723525, -7.7881903 ] } },
{ "type": "Feature", "properties": { "fid": 982.0, "osm_id": 7811256800.0, "osm_type": "nodes", "amenity": null, "name": "Naavagreen Plus", "layer": "commercial utm", "path": "D:\\geomapid\\Kebutuhan Final Project\\SHP\\UTM\\commercial utm.shp" }, "geometry": { "type": "Point", "coordinates": [ 110.3720929, -7.7882792 ] } },
{ "type": "Feature", "properties": { "fid": 983.0, "osm_id": 9161072860.0, "osm_type": "nodes", "amenity": null, "name": "Petit Paris Boulangerie", "layer": "commercial utm", "path": "D:\\geomapid\\Kebutuhan Final Project\\SHP\\UTM\\commercial utm.shp" }, "geometry": { "type": "Point", "coordinates": [ 110.37214130000001, -7.7882508 ] } },
{ "type": "Feature", "properties": { "fid": 984.0, "osm_id": 7846239505.0, "osm_type": "nodes", "amenity": null, "name": "Hotel Graha Kinasih", "layer": "commercial utm", "path": "D:\\geomapid\\Kebutuhan Final Project\\SHP\\UTM\\commercial utm.shp" }, "geometry": { "type": "Point", "coordinates": [ 110.3706366, -7.7872569 ] } },
{ "type": "Feature", "properties": { "fid": 985.0, "osm_id": 7877656800.0, "osm_type": "nodes", "amenity": null, "name": "Impressions", "layer": "commercial utm", "path": "D:\\geomapid\\Kebutuhan Final Project\\SHP\\UTM\\commercial utm.shp" }, "geometry": { "type": "Point", "coordinates": [ 110.3699297, -7.7874787 ] } },
{ "type": "Feature", "properties": { "fid": 986.0, "osm_id": 9161072859.0, "osm_type": "nodes", "amenity": null, "name": "Kumon", "layer": "commercial utm", "path": "D:\\geomapid\\Kebutuhan Final Project\\SHP\\UTM\\commercial utm.shp" }, "geometry": { "type": "Point", "coordinates": [ 110.371313, -7.787153 ] } },
{ "type": "Feature", "properties": { "fid": 987.0, "osm_id": 9149567409.0, "osm_type": "nodes", "amenity": null, "name": "Barber Arta", "layer": "commercial utm", "path": "D:\\geomapid\\Kebutuhan Final Project\\SHP\\UTM\\commercial utm.shp" }, "geometry": { "type": "Point", "coordinates": [ 110.3721816, -7.7871402 ] } },
{ "type": "Feature", "properties": { "fid": 988.0, "osm_id": 9149567408.0, "osm_type": "nodes", "amenity": "cafe", "name": "Kopi Kemarin", "layer": "commercial utm", "path": "D:\\geomapid\\Kebutuhan Final Project\\SHP\\UTM\\commercial utm.shp" }, "geometry": { "type": "Point", "coordinates": [ 110.372204400000015, -7.787066 ] } },
{ "type": "Feature", "properties": { "fid": 989.0, "osm_id": 9229319594.0, "osm_type": "nodes", "amenity": null, "name": "Republika", "layer": "commercial utm", "path": "D:\\geomapid\\Kebutuhan Final Project\\SHP\\UTM\\commercial utm.shp" }, "geometry": { "type": "Point", "coordinates": [ 110.3689758, -7.7868931 ] } },
{ "type": "Feature", "properties": { "fid": 990.0, "osm_id": 9184084957.0, "osm_type": "nodes", "amenity": "restaurant", "name": "Soto Ayam Code - Mak Sri", "layer": "commercial utm", "path": "D:\\geomapid\\Kebutuhan Final Project\\SHP\\UTM\\commercial utm.shp" }, "geometry": { "type": "Point", "coordinates": [ 110.3685273, -7.7867906 ] } },
{ "type": "Feature", "properties": { "fid": 991.0, "osm_id": 7880489265.0, "osm_type": "nodes", "amenity": null, "name": "Kios", "layer": "commercial utm", "path": "D:\\geomapid\\Kebutuhan Final Project\\SHP\\UTM\\commercial utm.shp" }, "geometry": { "type": "Point", "coordinates": [ 110.3721191, -7.7867183 ] } },
{ "type": "Feature", "properties": { "fid": 992.0, "osm_id": 9152570420.0, "osm_type": "nodes", "amenity": null, "name": "Prosus Inten", "layer": "commercial utm", "path": "D:\\geomapid\\Kebutuhan Final Project\\SHP\\UTM\\commercial utm.shp" }, "geometry": { "type": "Point", "coordinates": [ 110.3717945, -7.7868074 ] } },
{ "type": "Feature", "properties": { "fid": 993.0, "osm_id": 9149542597.0, "osm_type": "nodes", "amenity": null, "name": "Asuransi Jiwasraya", "layer": "commercial utm", "path": "D:\\geomapid\\Kebutuhan Final Project\\SHP\\UTM\\commercial utm.shp" }, "geometry": { "type": "Point", "coordinates": [ 110.3719294, -7.7864401 ] } },
{ "type": "Feature", "properties": { "fid": 994.0, "osm_id": 9175565247.0, "osm_type": "nodes", "amenity": null, "name": "Prosus Inten", "layer": "commercial utm", "path": "D:\\geomapid\\Kebutuhan Final Project\\SHP\\UTM\\commercial utm.shp" }, "geometry": { "type": "Point", "coordinates": [ 110.3716372, -7.7861433 ] } },
{ "type": "Feature", "properties": { "fid": 995.0, "osm_id": 9155576725.0, "osm_type": "nodes", "amenity": "restaurant", "name": "Ayam Geprek dan Prasmanan", "layer": "commercial utm", "path": "D:\\geomapid\\Kebutuhan Final Project\\SHP\\UTM\\commercial utm.shp" }, "geometry": { "type": "Point", "coordinates": [ 110.3711677, -7.7862291 ] } },
{ "type": "Feature", "properties": { "fid": 996.0, "osm_id": 9155576726.0, "osm_type": "nodes", "amenity": null, "name": "Klambi Apik", "layer": "commercial utm", "path": "D:\\geomapid\\Kebutuhan Final Project\\SHP\\UTM\\commercial utm.shp" }, "geometry": { "type": "Point", "coordinates": [ 110.3709815, -7.7862895 ] } },
{ "type": "Feature", "properties": { "fid": 997.0, "osm_id": 9505300231.0, "osm_type": "nodes", "amenity": "restaurant", "name": "De Celine Restaurant & Patisserie", "layer": "commercial utm", "path": "D:\\geomapid\\Kebutuhan Final Project\\SHP\\UTM\\commercial utm.shp" }, "geometry": { "type": "Point", "coordinates": [ 110.3718056, -7.7859347 ] } },
{ "type": "Feature", "properties": { "fid": 998.0, "osm_id": 9225674287.0, "osm_type": "nodes", "amenity": null, "name": "PT Pagilaran", "layer": "commercial utm", "path": "D:\\geomapid\\Kebutuhan Final Project\\SHP\\UTM\\commercial utm.shp" }, "geometry": { "type": "Point", "coordinates": [ 110.3718957, -7.7860759 ] } },
{ "type": "Feature", "properties": { "fid": 999.0, "osm_id": 9159302939.0, "osm_type": "nodes", "amenity": null, "name": "Bimbingan Belajar SSC Intersolusi", "layer": "commercial utm", "path": "D:\\geomapid\\Kebutuhan Final Project\\SHP\\UTM\\commercial utm.shp" }, "geometry": { "type": "Point", "coordinates": [ 110.371183, -7.7854934 ] } },
{ "type": "Feature", "properties": { "fid": 1000.0, "osm_id": 9159302940.0, "osm_type": "nodes", "amenity": null, "name": "Beauthenica", "layer": "commercial utm", "path": "D:\\geomapid\\Kebutuhan Final Project\\SHP\\UTM\\commercial utm.shp" }, "geometry": { "type": "Point", "coordinates": [ 110.3707588, -7.7855344 ] } },
{ "type": "Feature", "properties": { "fid": 1001.0, "osm_id": 7846239503.0, "osm_type": "nodes", "amenity": null, "name": "Fave Hotel", "layer": "commercial utm", "path": "D:\\geomapid\\Kebutuhan Final Project\\SHP\\UTM\\commercial utm.shp" }, "geometry": { "type": "Point", "coordinates": [ 110.3699615, -7.7855389 ] } },
{ "type": "Feature", "properties": { "fid": 1002.0, "osm_id": 7880489263.0, "osm_type": "nodes", "amenity": "restaurant", "name": "Twister", "layer": "commercial utm", "path": "D:\\geomapid\\Kebutuhan Final Project\\SHP\\UTM\\commercial utm.shp" }, "geometry": { "type": "Point", "coordinates": [ 110.3722121, -7.7850614 ] } },
{ "type": "Feature", "properties": { "fid": 1003.0, "osm_id": 9149587940.0, "osm_type": "nodes", "amenity": null, "name": "Badan Otorita Borobudur", "layer": "commercial utm", "path": "D:\\geomapid\\Kebutuhan Final Project\\SHP\\UTM\\commercial utm.shp" }, "geometry": { "type": "Point", "coordinates": [ 110.3713631, -7.7848081 ] } },
{ "type": "Feature", "properties": { "fid": 1004.0, "osm_id": 3557258190.0, "osm_type": "nodes", "amenity": null, "name": "The 101", "layer": "commercial utm", "path": "D:\\geomapid\\Kebutuhan Final Project\\SHP\\UTM\\commercial utm.shp" }, "geometry": { "type": "Point", "coordinates": [ 110.3665757, -7.7843537 ] } },
{ "type": "Feature", "properties": { "fid": 1005.0, "osm_id": 4590872604.0, "osm_type": "nodes", "amenity": "cafe", "name": "Kallula", "layer": "commercial utm", "path": "D:\\geomapid\\Kebutuhan Final Project\\SHP\\UTM\\commercial utm.shp" }, "geometry": { "type": "Point", "coordinates": [ 110.3727692, -7.7844351 ] } },
{ "type": "Feature", "properties": { "fid": 1006.0, "osm_id": 7880489262.0, "osm_type": "nodes", "amenity": "restaurant", "name": "Raminten Kitchen", "layer": "commercial utm", "path": "D:\\geomapid\\Kebutuhan Final Project\\SHP\\UTM\\commercial utm.shp" }, "geometry": { "type": "Point", "coordinates": [ 110.3721924, -7.7843927 ] } },
{ "type": "Feature", "properties": { "fid": 1007.0, "osm_id": 9149601497.0, "osm_type": "nodes", "amenity": null, "name": "Natasha Skin Care", "layer": "commercial utm", "path": "D:\\geomapid\\Kebutuhan Final Project\\SHP\\UTM\\commercial utm.shp" }, "geometry": { "type": "Point", "coordinates": [ 110.3724752, -7.7840213 ] } },
{ "type": "Feature", "properties": { "fid": 1008.0, "osm_id": 7276219185.0, "osm_type": "nodes", "amenity": "cafe", "name": "Kebon Ndalem", "layer": "commercial utm", "path": "D:\\geomapid\\Kebutuhan Final Project\\SHP\\UTM\\commercial utm.shp" }, "geometry": { "type": "Point", "coordinates": [ 110.3668646, -7.7825535 ] } },
{ "type": "Feature", "properties": { "fid": 1009.0, "osm_id": 5303119251.0, "osm_type": "nodes", "amenity": null, "name": "Safari Dharma Raya", "layer": "commercial utm", "path": "D:\\geomapid\\Kebutuhan Final Project\\SHP\\UTM\\commercial utm.shp" }, "geometry": { "type": "Point", "coordinates": [ 110.3668159, -7.7831844 ] } },
{ "type": "Feature", "properties": { "fid": 1010.0, "osm_id": 3557258298.0, "osm_type": "nodes", "amenity": null, "name": "Acacia Guest House", "layer": "commercial utm", "path": "D:\\geomapid\\Kebutuhan Final Project\\SHP\\UTM\\commercial utm.shp" }, "geometry": { "type": "Point", "coordinates": [ 110.3578036, -7.7704671 ] } },
{ "type": "Feature", "properties": { "fid": 1011.0, "osm_id": 4824440822.0, "osm_type": "nodes", "amenity": null, "name": null, "layer": "commercial utm", "path": "D:\\geomapid\\Kebutuhan Final Project\\SHP\\UTM\\commercial utm.shp" }, "geometry": { "type": "Point", "coordinates": [ 110.3549471, -7.7700397 ] } },
{ "type": "Feature", "properties": { "fid": 1012.0, "osm_id": 12361974752.0, "osm_type": "nodes", "amenity": null, "name": "Pamella 4", "layer": "commercial utm", "path": "D:\\geomapid\\Kebutuhan Final Project\\SHP\\UTM\\commercial utm.shp" }, "geometry": { "type": "Point", "coordinates": [ 110.390112, -7.8243033 ] } },
{ "type": "Feature", "properties": { "fid": 1013.0, "osm_id": 6981884132.0, "osm_type": "nodes", "amenity": null, "name": "Paket wisata jogja", "layer": "commercial utm", "path": "D:\\geomapid\\Kebutuhan Final Project\\SHP\\UTM\\commercial utm.shp" }, "geometry": { "type": "Point", "coordinates": [ 110.3897883, -7.8381142 ] } },
{ "type": "Feature", "properties": { "fid": 1014.0, "osm_id": 3960894157.0, "osm_type": "nodes", "amenity": null, "name": "Cokelat Monggo", "layer": "commercial utm", "path": "D:\\geomapid\\Kebutuhan Final Project\\SHP\\UTM\\commercial utm.shp" }, "geometry": { "type": "Point", "coordinates": [ 110.3997163, -7.8316555 ] } },
{ "type": "Feature", "properties": { "fid": 1015.0, "osm_id": 2935001778.0, "osm_type": "nodes", "amenity": "restaurant", "name": "mie ayam Bu Tumini", "layer": "commercial utm", "path": "D:\\geomapid\\Kebutuhan Final Project\\SHP\\UTM\\commercial utm.shp" }, "geometry": { "type": "Point", "coordinates": [ 110.3905709, -7.8335239 ] } },
{ "type": "Feature", "properties": { "fid": 1016.0, "osm_id": 12353735009.0, "osm_type": "nodes", "amenity": null, "name": "Kos Putri Amanah", "layer": "commercial utm", "path": "D:\\geomapid\\Kebutuhan Final Project\\SHP\\UTM\\commercial utm.shp" }, "geometry": { "type": "Point", "coordinates": [ 110.3925468, -7.8198892 ] } },
{ "type": "Feature", "properties": { "fid": 1017.0, "osm_id": 12581941617.0, "osm_type": "nodes", "amenity": null, "name": "Kantor Kelurahan Prenggan", "layer": "commercial utm", "path": "D:\\geomapid\\Kebutuhan Final Project\\SHP\\UTM\\commercial utm.shp" }, "geometry": { "type": "Point", "coordinates": [ 110.3996727, -7.822808 ] } },
{ "type": "Feature", "properties": { "fid": 1018.0, "osm_id": 4561589695.0, "osm_type": "nodes", "amenity": null, "name": "Studio76 Yogyakarta", "layer": "commercial utm", "path": "D:\\geomapid\\Kebutuhan Final Project\\SHP\\UTM\\commercial utm.shp" }, "geometry": { "type": "Point", "coordinates": [ 110.4027664, -7.8280858 ] } },
{ "type": "Feature", "properties": { "fid": 1019.0, "osm_id": 5040105921.0, "osm_type": "nodes", "amenity": null, "name": "Gatya Collection", "layer": "commercial utm", "path": "D:\\geomapid\\Kebutuhan Final Project\\SHP\\UTM\\commercial utm.shp" }, "geometry": { "type": "Point", "coordinates": [ 110.3907709, -7.8337354 ] } },
{ "type": "Feature", "properties": { "fid": 1020.0, "osm_id": 5153171858.0, "osm_type": "nodes", "amenity": null, "name": "BPKH XI jogjakarra", "layer": "commercial utm", "path": "D:\\geomapid\\Kebutuhan Final Project\\SHP\\UTM\\commercial utm.shp" }, "geometry": { "type": "Point", "coordinates": [ 110.3993417, -7.8202585 ] } },
{ "type": "Feature", "properties": { "fid": 1021.0, "osm_id": 4069457553.0, "osm_type": "nodes", "amenity": null, "name": "Alfamart", "layer": "commercial utm", "path": "D:\\geomapid\\Kebutuhan Final Project\\SHP\\UTM\\commercial utm.shp" }, "geometry": { "type": "Point", "coordinates": [ 110.3898422, -7.8313623 ] } },
{ "type": "Feature", "properties": { "fid": 1022.0, "osm_id": 10079614562.0, "osm_type": "nodes", "amenity": null, "name": "Alfamart", "layer": "commercial utm", "path": "D:\\geomapid\\Kebutuhan Final Project\\SHP\\UTM\\commercial utm.shp" }, "geometry": { "type": "Point", "coordinates": [ 110.4013802, -7.8196968 ] } },
{ "type": "Feature", "properties": { "fid": 1023.0, "osm_id": 4316611995.0, "osm_type": "nodes", "amenity": null, "name": "Indomaret", "layer": "commercial utm", "path": "D:\\geomapid\\Kebutuhan Final Project\\SHP\\UTM\\commercial utm.shp" }, "geometry": { "type": "Point", "coordinates": [ 110.3962612, -7.8194886 ] } },
{ "type": "Feature", "properties": { "fid": 1024.0, "osm_id": 8002453370.0, "osm_type": "nodes", "amenity": null, "name": "Indomaret", "layer": "commercial utm", "path": "D:\\geomapid\\Kebutuhan Final Project\\SHP\\UTM\\commercial utm.shp" }, "geometry": { "type": "Point", "coordinates": [ 110.390402, -7.8237018 ] } },
{ "type": "Feature", "properties": { "fid": 1025.0, "osm_id": 14038653202.0, "osm_type": "nodes", "amenity": "cafe", "name": "Longkang Kotagede", "layer": "commercial utm", "path": "D:\\geomapid\\Kebutuhan Final Project\\SHP\\UTM\\commercial utm.shp" }, "geometry": { "type": "Point", "coordinates": [ 110.4000455, -7.831188 ] } },
{ "type": "Feature", "properties": { "fid": 1026.0, "osm_id": 12064977602.0, "osm_type": "nodes", "amenity": null, "name": "Rumah Dody", "layer": "commercial utm", "path": "D:\\geomapid\\Kebutuhan Final Project\\SHP\\UTM\\commercial utm.shp" }, "geometry": { "type": "Point", "coordinates": [ 110.379241, -7.8135593 ] } },
{ "type": "Feature", "properties": { "fid": 1027.0, "osm_id": 11896716909.0, "osm_type": "nodes", "amenity": "restaurant", "name": "Roka Ramen", "layer": "commercial utm", "path": "D:\\geomapid\\Kebutuhan Final Project\\SHP\\UTM\\commercial utm.shp" }, "geometry": { "type": "Point", "coordinates": [ 110.3811809, -7.8173421 ] } },
{ "type": "Feature", "properties": { "fid": 1028.0, "osm_id": 11203821734.0, "osm_type": "nodes", "amenity": null, "name": "Warung Mak Sum", "layer": "commercial utm", "path": "D:\\geomapid\\Kebutuhan Final Project\\SHP\\UTM\\commercial utm.shp" }, "geometry": { "type": "Point", "coordinates": [ 110.374779, -7.8053011 ] } },
{ "type": "Feature", "properties": { "fid": 1029.0, "osm_id": 11155148666.0, "osm_type": "nodes", "amenity": null, "name": "Warung Mak Sum", "layer": "commercial utm", "path": "D:\\geomapid\\Kebutuhan Final Project\\SHP\\UTM\\commercial utm.shp" }, "geometry": { "type": "Point", "coordinates": [ 110.3746792, -7.8054061 ] } },
{ "type": "Feature", "properties": { "fid": 1030.0, "osm_id": 7676370339.0, "osm_type": "nodes", "amenity": null, "name": "Goaloo Sports LiveScore", "layer": "commercial utm", "path": "D:\\geomapid\\Kebutuhan Final Project\\SHP\\UTM\\commercial utm.shp" }, "geometry": { "type": "Point", "coordinates": [ 110.3808158, -7.815475 ] } },
{ "type": "Feature", "properties": { "fid": 1031.0, "osm_id": 10977148005.0, "osm_type": "nodes", "amenity": "restaurant", "name": "sate padang naj sharil", "layer": "commercial utm", "path": "D:\\geomapid\\Kebutuhan Final Project\\SHP\\UTM\\commercial utm.shp" }, "geometry": { "type": "Point", "coordinates": [ 110.3748664, -7.8017191 ] } },
{ "type": "Feature", "properties": { "fid": 1032.0, "osm_id": 6357867635.0, "osm_type": "nodes", "amenity": null, "name": "Kepala RW", "layer": "commercial utm", "path": "D:\\geomapid\\Kebutuhan Final Project\\SHP\\UTM\\commercial utm.shp" }, "geometry": { "type": "Point", "coordinates": [ 110.3782306, -7.7985247 ] } },
{ "type": "Feature", "properties": { "fid": 1033.0, "osm_id": 4818047992.0, "osm_type": "nodes", "amenity": null, "name": "Kantor Kelurahan Keparakan", "layer": "commercial utm", "path": "D:\\geomapid\\Kebutuhan Final Project\\SHP\\UTM\\commercial utm.shp" }, "geometry": { "type": "Point", "coordinates": [ 110.3739, -7.815 ] } },
{ "type": "Feature", "properties": { "fid": 1034.0, "osm_id": 12917225001.0, "osm_type": "nodes", "amenity": null, "name": "Rumah Jawa Guesthouse", "layer": "commercial utm", "path": "D:\\geomapid\\Kebutuhan Final Project\\SHP\\UTM\\commercial utm.shp" }, "geometry": { "type": "Point", "coordinates": [ 110.3766607, -7.8081512 ] } },
{ "type": "Feature", "properties": { "fid": 1035.0, "osm_id": 13159268930.0, "osm_type": "nodes", "amenity": null, "name": "Kantor Kemantren Pakualaman", "layer": "commercial utm", "path": "D:\\geomapid\\Kebutuhan Final Project\\SHP\\UTM\\commercial utm.shp" }, "geometry": { "type": "Point", "coordinates": [ 110.37768890000001, -7.7994079 ] } },
{ "type": "Feature", "properties": { "fid": 1036.0, "osm_id": 4936656922.0, "osm_type": "nodes", "amenity": "fast_food", "name": "Smoothies", "layer": "commercial utm", "path": "D:\\geomapid\\Kebutuhan Final Project\\SHP\\UTM\\commercial utm.shp" }, "geometry": { "type": "Point", "coordinates": [ 110.3763698, -7.8137977 ] } },
{ "type": "Feature", "properties": { "fid": 1037.0, "osm_id": 7099223696.0, "osm_type": "nodes", "amenity": null, "name": "Omah Manis", "layer": "commercial utm", "path": "D:\\geomapid\\Kebutuhan Final Project\\SHP\\UTM\\commercial utm.shp" }, "geometry": { "type": "Point", "coordinates": [ 110.377067, -7.8135499 ] } },
{ "type": "Feature", "properties": { "fid": 1038.0, "osm_id": 11054044705.0, "osm_type": "nodes", "amenity": "cafe", "name": "akkar Juice Bar", "layer": "commercial utm", "path": "D:\\geomapid\\Kebutuhan Final Project\\SHP\\UTM\\commercial utm.shp" }, "geometry": { "type": "Point", "coordinates": [ 110.376791, -7.811278 ] } },
{ "type": "Feature", "properties": { "fid": 1039.0, "osm_id": 11379083769.0, "osm_type": "nodes", "amenity": null, "name": "Oyo Art Guesthouse Syariah", "layer": "commercial utm", "path": "D:\\geomapid\\Kebutuhan Final Project\\SHP\\UTM\\commercial utm.shp" }, "geometry": { "type": "Point", "coordinates": [ 110.3775239, -7.8113408 ] } },
{ "type": "Feature", "properties": { "fid": 1040.0, "osm_id": 3782252116.0, "osm_type": "nodes", "amenity": null, "name": "Indomaret", "layer": "commercial utm", "path": "D:\\geomapid\\Kebutuhan Final Project\\SHP\\UTM\\commercial utm.shp" }, "geometry": { "type": "Point", "coordinates": [ 110.3772177, -7.8100976 ] } },
{ "type": "Feature", "properties": { "fid": 1041.0, "osm_id": 11054121505.0, "osm_type": "nodes", "amenity": null, "name": "Indomaret", "layer": "commercial utm", "path": "D:\\geomapid\\Kebutuhan Final Project\\SHP\\UTM\\commercial utm.shp" }, "geometry": { "type": "Point", "coordinates": [ 110.3770112, -7.8113798 ] } },
{ "type": "Feature", "properties": { "fid": 1042.0, "osm_id": 12805713500.0, "osm_type": "nodes", "amenity": null, "name": "Indomaret", "layer": "commercial utm", "path": "D:\\geomapid\\Kebutuhan Final Project\\SHP\\UTM\\commercial utm.shp" }, "geometry": { "type": "Point", "coordinates": [ 110.3848143, -7.7994236 ] } },
{ "type": "Feature", "properties": { "fid": 1043.0, "osm_id": 12805798907.0, "osm_type": "nodes", "amenity": null, "name": "Indomaret", "layer": "commercial utm", "path": "D:\\geomapid\\Kebutuhan Final Project\\SHP\\UTM\\commercial utm.shp" }, "geometry": { "type": "Point", "coordinates": [ 110.3845873, -7.8171335 ] } },
{ "type": "Feature", "properties": { "fid": 1044.0, "osm_id": 13083637752.0, "osm_type": "nodes", "amenity": null, "name": "Kejaksaan Negeri Yogyakarta", "layer": "commercial utm", "path": "D:\\geomapid\\Kebutuhan Final Project\\SHP\\UTM\\commercial utm.shp" }, "geometry": { "type": "Point", "coordinates": [ 110.3819641, -7.7993491 ] } },
{ "type": "Feature", "properties": { "fid": 1045.0, "osm_id": 9895055237.0, "osm_type": "nodes", "amenity": "fast_food", "name": "Pentol Mbok Dhe", "layer": "commercial utm", "path": "D:\\geomapid\\Kebutuhan Final Project\\SHP\\UTM\\commercial utm.shp" }, "geometry": { "type": "Point", "coordinates": [ 110.37218630000001, -7.7766912 ] } },
{ "type": "Feature", "properties": { "fid": 1046.0, "osm_id": 1450397155.0, "osm_type": "nodes", "amenity": null, "name": "Larissa Aesthetic Center", "layer": "commercial utm", "path": "D:\\geomapid\\Kebutuhan Final Project\\SHP\\UTM\\commercial utm.shp" }, "geometry": { "type": "Point", "coordinates": [ 110.374917700000012, -7.775151 ] } },
{ "type": "Feature", "properties": { "fid": 1047.0, "osm_id": 10086198842.0, "osm_type": "nodes", "amenity": "restaurant", "name": "Nikkou Ramen", "layer": "commercial utm", "path": "D:\\geomapid\\Kebutuhan Final Project\\SHP\\UTM\\commercial utm.shp" }, "geometry": { "type": "Point", "coordinates": [ 110.3681855, -7.7725222 ] } },
{ "type": "Feature", "properties": { "fid": 1048.0, "osm_id": 9854648117.0, "osm_type": "nodes", "amenity": "restaurant", "name": "Gudeg Yu Djum", "layer": "commercial utm", "path": "D:\\geomapid\\Kebutuhan Final Project\\SHP\\UTM\\commercial utm.shp" }, "geometry": { "type": "Point", "coordinates": [ 110.368246500000012, -7.7708988 ] } },
{ "type": "Feature", "properties": { "fid": 1049.0, "osm_id": 11868417835.0, "osm_type": "nodes", "amenity": null, "name": "BATIK YOGYA KEMBALI & BATIK BOCAH", "layer": "commercial utm", "path": "D:\\geomapid\\Kebutuhan Final Project\\SHP\\UTM\\commercial utm.shp" }, "geometry": { "type": "Point", "coordinates": [ 110.363105, -7.8010599 ] } },
{ "type": "Feature", "properties": { "fid": 1050.0, "osm_id": 11868370178.0, "osm_type": "nodes", "amenity": null, "name": "Toko Batik Wisnu", "layer": "commercial utm", "path": "D:\\geomapid\\Kebutuhan Final Project\\SHP\\UTM\\commercial utm.shp" }, "geometry": { "type": "Point", "coordinates": [ 110.367719, -7.8034615 ] } },
{ "type": "Feature", "properties": { "fid": 1051.0, "osm_id": 6611458948.0, "osm_type": "nodes", "amenity": null, "name": "Dinding Berdendang Taman Pintar", "layer": "commercial utm", "path": "D:\\geomapid\\Kebutuhan Final Project\\SHP\\UTM\\commercial utm.shp" }, "geometry": { "type": "Point", "coordinates": [ 110.3676055, -7.8009366 ] } },
{ "type": "Feature", "properties": { "fid": 1052.0, "osm_id": 10824390798.0, "osm_type": "nodes", "amenity": "restaurant", "name": "Tengkleng Bhenjoyo", "layer": "commercial utm", "path": "D:\\geomapid\\Kebutuhan Final Project\\SHP\\UTM\\commercial utm.shp" }, "geometry": { "type": "Point", "coordinates": [ 110.3656117, -7.8028052 ] } },
{ "type": "Feature", "properties": { "fid": 1053.0, "osm_id": 9763771867.0, "osm_type": "nodes", "amenity": null, "name": "Toko Progo", "layer": "commercial utm", "path": "D:\\geomapid\\Kebutuhan Final Project\\SHP\\UTM\\commercial utm.shp" }, "geometry": { "type": "Point", "coordinates": [ 110.369016, -7.7980494 ] } },
{ "type": "Feature", "properties": { "fid": 1054.0, "osm_id": 5225015121.0, "osm_type": "nodes", "amenity": null, "name": null, "layer": "commercial utm", "path": "D:\\geomapid\\Kebutuhan Final Project\\SHP\\UTM\\commercial utm.shp" }, "geometry": { "type": "Point", "coordinates": [ 110.3711006, -7.7986627 ] } },
{ "type": "Feature", "properties": { "fid": 1055.0, "osm_id": 5080600721.0, "osm_type": "nodes", "amenity": null, "name": null, "layer": "commercial utm", "path": "D:\\geomapid\\Kebutuhan Final Project\\SHP\\UTM\\commercial utm.shp" }, "geometry": { "type": "Point", "coordinates": [ 110.362182, -7.8054023 ] } },
{ "type": "Feature", "properties": { "fid": 1056.0, "osm_id": 2419661766.0, "osm_type": "nodes", "amenity": "restaurant", "name": "lie djong", "layer": "commercial utm", "path": "D:\\geomapid\\Kebutuhan Final Project\\SHP\\UTM\\commercial utm.shp" }, "geometry": { "type": "Point", "coordinates": [ 110.369125400000016, -7.8025789 ] } },
{ "type": "Feature", "properties": { "fid": 1057.0, "osm_id": 897245281.0, "osm_type": "nodes", "amenity": null, "name": "Super Indo", "layer": "commercial utm", "path": "D:\\geomapid\\Kebutuhan Final Project\\SHP\\UTM\\commercial utm.shp" }, "geometry": { "type": "Point", "coordinates": [ 110.3729741, -7.801858 ] } },
{ "type": "Feature", "properties": { "fid": 1058.0, "osm_id": 7252244985.0, "osm_type": "nodes", "amenity": "cafe", "name": "Kopi Pakpos", "layer": "commercial utm", "path": "D:\\geomapid\\Kebutuhan Final Project\\SHP\\UTM\\commercial utm.shp" }, "geometry": { "type": "Point", "coordinates": [ 110.3652865, -7.8016447 ] } },
{ "type": "Feature", "properties": { "fid": 1059.0, "osm_id": 13159126201.0, "osm_type": "nodes", "amenity": "restaurant", "name": "Selarasa", "layer": "commercial utm", "path": "D:\\geomapid\\Kebutuhan Final Project\\SHP\\UTM\\commercial utm.shp" }, "geometry": { "type": "Point", "coordinates": [ 110.362630200000012, -7.7989182 ] } },
{ "type": "Feature", "properties": { "fid": 1060.0, "osm_id": 4830808727.0, "osm_type": "nodes", "amenity": "cafe", "name": "Cokelat Dalem shop", "layer": "commercial utm", "path": "D:\\geomapid\\Kebutuhan Final Project\\SHP\\UTM\\commercial utm.shp" }, "geometry": { "type": "Point", "coordinates": [ 110.3620683, -7.7995578 ] } },
{ "type": "Feature", "properties": { "fid": 1061.0, "osm_id": 5225004923.0, "osm_type": "nodes", "amenity": "restaurant", "name": "Ayam Goreng \"Mbak UUK\"", "layer": "commercial utm", "path": "D:\\geomapid\\Kebutuhan Final Project\\SHP\\UTM\\commercial utm.shp" }, "geometry": { "type": "Point", "coordinates": [ 110.3708199, -7.7988289 ] } },
{ "type": "Feature", "properties": { "fid": 1062.0, "osm_id": 5375657524.0, "osm_type": "nodes", "amenity": "cafe", "name": "Omah Roti Sidomukti", "layer": "commercial utm", "path": "D:\\geomapid\\Kebutuhan Final Project\\SHP\\UTM\\commercial utm.shp" }, "geometry": { "type": "Point", "coordinates": [ 110.36117, -7.8067428 ] } },
{ "type": "Feature", "properties": { "fid": 1063.0, "osm_id": 5559372321.0, "osm_type": "nodes", "amenity": "cafe", "name": "Kopi Aceh", "layer": "commercial utm", "path": "D:\\geomapid\\Kebutuhan Final Project\\SHP\\UTM\\commercial utm.shp" }, "geometry": { "type": "Point", "coordinates": [ 110.3655198, -7.805097 ] } },
{ "type": "Feature", "properties": { "fid": 1064.0, "osm_id": 5894541992.0, "osm_type": "nodes", "amenity": null, "name": "KPY Creativ Space", "layer": "commercial utm", "path": "D:\\geomapid\\Kebutuhan Final Project\\SHP\\UTM\\commercial utm.shp" }, "geometry": { "type": "Point", "coordinates": [ 110.3697362, -7.8072901 ] } },
{ "type": "Feature", "properties": { "fid": 1065.0, "osm_id": 5977677785.0, "osm_type": "nodes", "amenity": null, "name": "omah gerjen", "layer": "commercial utm", "path": "D:\\geomapid\\Kebutuhan Final Project\\SHP\\UTM\\commercial utm.shp" }, "geometry": { "type": "Point", "coordinates": [ 110.3609832, -7.8025978 ] } },
{ "type": "Feature", "properties": { "fid": 1066.0, "osm_id": 11791998169.0, "osm_type": "nodes", "amenity": null, "name": "BSH (Bu Sud's House)", "layer": "commercial utm", "path": "D:\\geomapid\\Kebutuhan Final Project\\SHP\\UTM\\commercial utm.shp" }, "geometry": { "type": "Point", "coordinates": [ 110.3607985, -7.8068062 ] } },
{ "type": "Feature", "properties": { "fid": 1067.0, "osm_id": 13838851674.0, "osm_type": "nodes", "amenity": "cafe", "name": null, "layer": "commercial utm", "path": "D:\\geomapid\\Kebutuhan Final Project\\SHP\\UTM\\commercial utm.shp" }, "geometry": { "type": "Point", "coordinates": [ 110.3723329, -7.7990933 ] } },
{ "type": "Feature", "properties": { "fid": 1068.0, "osm_id": 12840032732.0, "osm_type": "nodes", "amenity": "restaurant", "name": "tengkleng bhendjoyo kraton", "layer": "commercial utm", "path": "D:\\geomapid\\Kebutuhan Final Project\\SHP\\UTM\\commercial utm.shp" }, "geometry": { "type": "Point", "coordinates": [ 110.3656104, -7.8027932 ] } },
{ "type": "Feature", "properties": { "fid": 1069.0, "osm_id": 9222486039.0, "osm_type": "nodes", "amenity": "restaurant", "name": "Bubur Ayam Jakarta", "layer": "commercial utm", "path": "D:\\geomapid\\Kebutuhan Final Project\\SHP\\UTM\\commercial utm.shp" }, "geometry": { "type": "Point", "coordinates": [ 110.3758632, -7.777929 ] } },
{ "type": "Feature", "properties": { "fid": 1070.0, "osm_id": 4431678389.0, "osm_type": "nodes", "amenity": null, "name": "Kost Orange", "layer": "commercial utm", "path": "D:\\geomapid\\Kebutuhan Final Project\\SHP\\UTM\\commercial utm.shp" }, "geometry": { "type": "Point", "coordinates": [ 110.379242, -7.7793452 ] } },
{ "type": "Feature", "properties": { "fid": 1071.0, "osm_id": 1640515471.0, "osm_type": "nodes", "amenity": null, "name": "Indraloka", "layer": "commercial utm", "path": "D:\\geomapid\\Kebutuhan Final Project\\SHP\\UTM\\commercial utm.shp" }, "geometry": { "type": "Point", "coordinates": [ 110.3752202, -7.7795395 ] } },
{ "type": "Feature", "properties": { "fid": 1072.0, "osm_id": 9222486040.0, "osm_type": "nodes", "amenity": null, "name": "Bengkel Tresno", "layer": "commercial utm", "path": "D:\\geomapid\\Kebutuhan Final Project\\SHP\\UTM\\commercial utm.shp" }, "geometry": { "type": "Point", "coordinates": [ 110.3753947, -7.7796758 ] } },
{ "type": "Feature", "properties": { "fid": 1073.0, "osm_id": 6367150336.0, "osm_type": "nodes", "amenity": "restaurant", "name": "Java Poetry", "layer": "commercial utm", "path": "D:\\geomapid\\Kebutuhan Final Project\\SHP\\UTM\\commercial utm.shp" }, "geometry": { "type": "Point", "coordinates": [ 110.3760422, -7.7803248 ] } },
{ "type": "Feature", "properties": { "fid": 1074.0, "osm_id": 10281931441.0, "osm_type": "nodes", "amenity": null, "name": "Museum RS Mata Dr Yap Prawirohusodo", "layer": "commercial utm", "path": "D:\\geomapid\\Kebutuhan Final Project\\SHP\\UTM\\commercial utm.shp" }, "geometry": { "type": "Point", "coordinates": [ 110.3749667, -7.7806873 ] } },
{ "type": "Feature", "properties": { "fid": 1075.0, "osm_id": 11868406576.0, "osm_type": "nodes", "amenity": null, "name": "Adikusumo Batik", "layer": "commercial utm", "path": "D:\\geomapid\\Kebutuhan Final Project\\SHP\\UTM\\commercial utm.shp" }, "geometry": { "type": "Point", "coordinates": [ 110.3656743, -7.7932684 ] } },
{ "type": "Feature", "properties": { "fid": 1076.0, "osm_id": 11571959961.0, "osm_type": "nodes", "amenity": null, "name": "Dewata", "layer": "commercial utm", "path": "D:\\geomapid\\Kebutuhan Final Project\\SHP\\UTM\\commercial utm.shp" }, "geometry": { "type": "Point", "coordinates": [ 110.365618400000017, -7.7938113 ] } },
{ "type": "Feature", "properties": { "fid": 1077.0, "osm_id": 11571959968.0, "osm_type": "nodes", "amenity": null, "name": "Bratatex", "layer": "commercial utm", "path": "D:\\geomapid\\Kebutuhan Final Project\\SHP\\UTM\\commercial utm.shp" }, "geometry": { "type": "Point", "coordinates": [ 110.3656631, -7.7934756 ] } },
{ "type": "Feature", "properties": { "fid": 1078.0, "osm_id": 11571962069.0, "osm_type": "nodes", "amenity": null, "name": "Madison", "layer": "commercial utm", "path": "D:\\geomapid\\Kebutuhan Final Project\\SHP\\UTM\\commercial utm.shp" }, "geometry": { "type": "Point", "coordinates": [ 110.3656808, -7.7934264 ] } },
{ "type": "Feature", "properties": { "fid": 1079.0, "osm_id": 11571962074.0, "osm_type": "nodes", "amenity": null, "name": "Sinar Sehat", "layer": "commercial utm", "path": "D:\\geomapid\\Kebutuhan Final Project\\SHP\\UTM\\commercial utm.shp" }, "geometry": { "type": "Point", "coordinates": [ 110.3656723, -7.7930374 ] } },
{ "type": "Feature", "properties": { "fid": 1080.0, "osm_id": 11571962080.0, "osm_type": "nodes", "amenity": null, "name": "Srikandi Batik", "layer": "commercial utm", "path": "D:\\geomapid\\Kebutuhan Final Project\\SHP\\UTM\\commercial utm.shp" }, "geometry": { "type": "Point", "coordinates": [ 110.3658084, -7.7923078 ] } },
{ "type": "Feature", "properties": { "fid": 1081.0, "osm_id": 11571962084.0, "osm_type": "nodes", "amenity": null, "name": "Apeco", "layer": "commercial utm", "path": "D:\\geomapid\\Kebutuhan Final Project\\SHP\\UTM\\commercial utm.shp" }, "geometry": { "type": "Point", "coordinates": [ 110.3658444, -7.7918918 ] } },
{ "type": "Feature", "properties": { "fid": 1082.0, "osm_id": 11571962087.0, "osm_type": "nodes", "amenity": null, "name": "OVJ \"Oblong Van Jogja\"", "layer": "commercial utm", "path": "D:\\geomapid\\Kebutuhan Final Project\\SHP\\UTM\\commercial utm.shp" }, "geometry": { "type": "Point", "coordinates": [ 110.3658721, -7.7915336 ] } },
{ "type": "Feature", "properties": { "fid": 1083.0, "osm_id": 11571962093.0, "osm_type": "nodes", "amenity": null, "name": "Suryadinata Exclusive Batik", "layer": "commercial utm", "path": "D:\\geomapid\\Kebutuhan Final Project\\SHP\\UTM\\commercial utm.shp" }, "geometry": { "type": "Point", "coordinates": [ 110.3659441, -7.7908974 ] } },
{ "type": "Feature", "properties": { "fid": 1084.0, "osm_id": 11015739128.0, "osm_type": "nodes", "amenity": "fast_food", "name": "Arrava Bakpia 107", "layer": "commercial utm", "path": "D:\\geomapid\\Kebutuhan Final Project\\SHP\\UTM\\commercial utm.shp" }, "geometry": { "type": "Point", "coordinates": [ 110.3720858, -7.7901041 ] } },
{ "type": "Feature", "properties": { "fid": 1085.0, "osm_id": 10988274486.0, "osm_type": "nodes", "amenity": "restaurant", "name": "Soto Ijo Monjali", "layer": "commercial utm", "path": "D:\\geomapid\\Kebutuhan Final Project\\SHP\\UTM\\commercial utm.shp" }, "geometry": { "type": "Point", "coordinates": [ 110.3629017, -7.7864755 ] } },
{ "type": "Feature", "properties": { "fid": 1086.0, "osm_id": 7811256795.0, "osm_type": "nodes", "amenity": null, "name": "Asuransi Wahana Tata", "layer": "commercial utm", "path": "D:\\geomapid\\Kebutuhan Final Project\\SHP\\UTM\\commercial utm.shp" }, "geometry": { "type": "Point", "coordinates": [ 110.3722408, -7.788247 ] } },
{ "type": "Feature", "properties": { "fid": 1087.0, "osm_id": 7862020492.0, "osm_type": "nodes", "amenity": "restaurant", "name": "Nasi Goreng Kambing", "layer": "commercial utm", "path": "D:\\geomapid\\Kebutuhan Final Project\\SHP\\UTM\\commercial utm.shp" }, "geometry": { "type": "Point", "coordinates": [ 110.371843, -7.7882789 ] } },
{ "type": "Feature", "properties": { "fid": 1088.0, "osm_id": 7100528075.0, "osm_type": "nodes", "amenity": null, "name": "Kristina", "layer": "commercial utm", "path": "D:\\geomapid\\Kebutuhan Final Project\\SHP\\UTM\\commercial utm.shp" }, "geometry": { "type": "Point", "coordinates": [ 110.3626817, -7.7938157 ] } },
{ "type": "Feature", "properties": { "fid": 1089.0, "osm_id": 5468132496.0, "osm_type": "nodes", "amenity": null, "name": "The Cabin", "layer": "commercial utm", "path": "D:\\geomapid\\Kebutuhan Final Project\\SHP\\UTM\\commercial utm.shp" }, "geometry": { "type": "Point", "coordinates": [ 110.361529, -7.7932823 ] } },
{ "type": "Feature", "properties": { "fid": 1090.0, "osm_id": 4331923289.0, "osm_type": "nodes", "amenity": null, "name": "Bromo Tour & Travel", "layer": "commercial utm", "path": "D:\\geomapid\\Kebutuhan Final Project\\SHP\\UTM\\commercial utm.shp" }, "geometry": { "type": "Point", "coordinates": [ 110.3646081, -7.7916624 ] } },
{ "type": "Feature", "properties": { "fid": 1091.0, "osm_id": 6679872558.0, "osm_type": "nodes", "amenity": null, "name": "Losmen Utar", "layer": "commercial utm", "path": "D:\\geomapid\\Kebutuhan Final Project\\SHP\\UTM\\commercial utm.shp" }, "geometry": { "type": "Point", "coordinates": [ 110.3636114, -7.7910251 ] } },
{ "type": "Feature", "properties": { "fid": 1092.0, "osm_id": 4210616498.0, "osm_type": "nodes", "amenity": "cafe", "name": "Pier 14 Coffee", "layer": "commercial utm", "path": "D:\\geomapid\\Kebutuhan Final Project\\SHP\\UTM\\commercial utm.shp" }, "geometry": { "type": "Point", "coordinates": [ 110.361719, -7.7869399 ] } },
{ "type": "Feature", "properties": { "fid": 1093.0, "osm_id": 2751354290.0, "osm_type": "nodes", "amenity": "restaurant", "name": "Nasi Goreng Sapi Padmanaba", "layer": "commercial utm", "path": "D:\\geomapid\\Kebutuhan Final Project\\SHP\\UTM\\commercial utm.shp" }, "geometry": { "type": "Point", "coordinates": [ 110.3731595, -7.7867728 ] } },
{ "type": "Feature", "properties": { "fid": 1094.0, "osm_id": 4957171921.0, "osm_type": "nodes", "amenity": null, "name": "Ismoyo", "layer": "commercial utm", "path": "D:\\geomapid\\Kebutuhan Final Project\\SHP\\UTM\\commercial utm.shp" }, "geometry": { "type": "Point", "coordinates": [ 110.3580319, -7.7894726 ] } },
{ "type": "Feature", "properties": { "fid": 1095.0, "osm_id": 7097539047.0, "osm_type": "nodes", "amenity": null, "name": "Nueve Malioboro Hotel Yogyakarta", "layer": "commercial utm", "path": "D:\\geomapid\\Kebutuhan Final Project\\SHP\\UTM\\commercial utm.shp" }, "geometry": { "type": "Point", "coordinates": [ 110.3688927, -7.7959471 ] } },
{ "type": "Feature", "properties": { "fid": 1096.0, "osm_id": 7811256796.0, "osm_type": "nodes", "amenity": null, "name": "Ndalem Kotabaru", "layer": "commercial utm", "path": "D:\\geomapid\\Kebutuhan Final Project\\SHP\\UTM\\commercial utm.shp" }, "geometry": { "type": "Point", "coordinates": [ 110.3731828, -7.788263 ] } },
{ "type": "Feature", "properties": { "fid": 1097.0, "osm_id": 9198357820.0, "osm_type": "nodes", "amenity": null, "name": "Kantor Kelurahan Tegalpanggung", "layer": "commercial utm", "path": "D:\\geomapid\\Kebutuhan Final Project\\SHP\\UTM\\commercial utm.shp" }, "geometry": { "type": "Point", "coordinates": [ 110.3727655, -7.7907105 ] } },
{ "type": "Feature", "properties": { "fid": 1098.0, "osm_id": 9198357825.0, "osm_type": "nodes", "amenity": null, "name": "UPT Pengelolaan Kawasan Malioboro", "layer": "commercial utm", "path": "D:\\geomapid\\Kebutuhan Final Project\\SHP\\UTM\\commercial utm.shp" }, "geometry": { "type": "Point", "coordinates": [ 110.372489300000012, -7.7908997 ] } },
{ "type": "Feature", "properties": { "fid": 1099.0, "osm_id": 4406412789.0, "osm_type": "nodes", "amenity": "cafe", "name": "Tea Factory", "layer": "commercial utm", "path": "D:\\geomapid\\Kebutuhan Final Project\\SHP\\UTM\\commercial utm.shp" }, "geometry": { "type": "Point", "coordinates": [ 110.362908, -7.7864131 ] } },
{ "type": "Feature", "properties": { "fid": 1100.0, "osm_id": 4698994991.0, "osm_type": "nodes", "amenity": null, "name": "Best lumpia", "layer": "commercial utm", "path": "D:\\geomapid\\Kebutuhan Final Project\\SHP\\UTM\\commercial utm.shp" }, "geometry": { "type": "Point", "coordinates": [ 110.365658, -7.7949005 ] } },
{ "type": "Feature", "properties": { "fid": 1101.0, "osm_id": 4830845121.0, "osm_type": "nodes", "amenity": "restaurant", "name": "Warung Bakso", "layer": "commercial utm", "path": "D:\\geomapid\\Kebutuhan Final Project\\SHP\\UTM\\commercial utm.shp" }, "geometry": { "type": "Point", "coordinates": [ 110.3674257, -7.7926473 ] } },
{ "type": "Feature", "properties": { "fid": 1102.0, "osm_id": 5263136523.0, "osm_type": "nodes", "amenity": "restaurant", "name": "Gudeg Yu Djum", "layer": "commercial utm", "path": "D:\\geomapid\\Kebutuhan Final Project\\SHP\\UTM\\commercial utm.shp" }, "geometry": { "type": "Point", "coordinates": [ 110.3651842, -7.7938856 ] } },
{ "type": "Feature", "properties": { "fid": 1103.0, "osm_id": 5481909921.0, "osm_type": "nodes", "amenity": "cafe", "name": "The Civet house", "layer": "commercial utm", "path": "D:\\geomapid\\Kebutuhan Final Project\\SHP\\UTM\\commercial utm.shp" }, "geometry": { "type": "Point", "coordinates": [ 110.3637109, -7.7900657 ] } },
{ "type": "Feature", "properties": { "fid": 1104.0, "osm_id": 5500096421.0, "osm_type": "nodes", "amenity": "restaurant", "name": "Yammie Pathuk", "layer": "commercial utm", "path": "D:\\geomapid\\Kebutuhan Final Project\\SHP\\UTM\\commercial utm.shp" }, "geometry": { "type": "Point", "coordinates": [ 110.3582542, -7.7932706 ] } },
{ "type": "Feature", "properties": { "fid": 1105.0, "osm_id": 5909631385.0, "osm_type": "nodes", "amenity": "restaurant", "name": "Warung Mie Ayam Pansit", "layer": "commercial utm", "path": "D:\\geomapid\\Kebutuhan Final Project\\SHP\\UTM\\commercial utm.shp" }, "geometry": { "type": "Point", "coordinates": [ 110.3642595, -7.7962024 ] } },
{ "type": "Feature", "properties": { "fid": 1106.0, "osm_id": 6870445585.0, "osm_type": "nodes", "amenity": "fast_food", "name": "Martabak Terang Bulan", "layer": "commercial utm", "path": "D:\\geomapid\\Kebutuhan Final Project\\SHP\\UTM\\commercial utm.shp" }, "geometry": { "type": "Point", "coordinates": [ 110.3734383, -7.7925279 ] } },
{ "type": "Feature", "properties": { "fid": 1107.0, "osm_id": 6874356187.0, "osm_type": "nodes", "amenity": "fast_food", "name": "Best Street Sate", "layer": "commercial utm", "path": "D:\\geomapid\\Kebutuhan Final Project\\SHP\\UTM\\commercial utm.shp" }, "geometry": { "type": "Point", "coordinates": [ 110.3724392, -7.7914454 ] } },
{ "type": "Feature", "properties": { "fid": 1108.0, "osm_id": 4362119191.0, "osm_type": "nodes", "amenity": null, "name": "Alfamart", "layer": "commercial utm", "path": "D:\\geomapid\\Kebutuhan Final Project\\SHP\\UTM\\commercial utm.shp" }, "geometry": { "type": "Point", "coordinates": [ 110.3733814, -7.7930885 ] } },
{ "type": "Feature", "properties": { "fid": 1109.0, "osm_id": 13011638723.0, "osm_type": "nodes", "amenity": null, "name": "Matahari Department Store", "layer": "commercial utm", "path": "D:\\geomapid\\Kebutuhan Final Project\\SHP\\UTM\\commercial utm.shp" }, "geometry": { "type": "Point", "coordinates": [ 110.366073700000015, -7.7935712 ] } },
{ "type": "Feature", "properties": { "fid": 1110.0, "osm_id": 3755348225.0, "osm_type": "nodes", "amenity": null, "name": "Dinas Pekerjaan Umum, Perumahan dan Energi Sumber Daya Mineral DIY", "layer": "commercial utm", "path": "D:\\geomapid\\Kebutuhan Final Project\\SHP\\UTM\\commercial utm.shp" }, "geometry": { "type": "Point", "coordinates": [ 110.3624725, -7.7865824 ] } },
{ "type": "Feature", "properties": { "fid": 1111.0, "osm_id": 11424776115.0, "osm_type": "nodes", "amenity": "restaurant", "name": "Geprek Bang Vijay", "layer": "commercial utm", "path": "D:\\geomapid\\Kebutuhan Final Project\\SHP\\UTM\\commercial utm.shp" }, "geometry": { "type": "Point", "coordinates": [ 110.3702326, -7.7806951 ] } },
{ "type": "Feature", "properties": { "fid": 1112.0, "osm_id": 3557258296.0, "osm_type": "nodes", "amenity": null, "name": "Laxston Hotel", "layer": "commercial utm", "path": "D:\\geomapid\\Kebutuhan Final Project\\SHP\\UTM\\commercial utm.shp" }, "geometry": { "type": "Point", "coordinates": [ 110.3610956, -7.7803009 ] } },
{ "type": "Feature", "properties": { "fid": 1113.0, "osm_id": 3396431272.0, "osm_type": "nodes", "amenity": "restaurant", "name": "House of Raminten", "layer": "commercial utm", "path": "D:\\geomapid\\Kebutuhan Final Project\\SHP\\UTM\\commercial utm.shp" }, "geometry": { "type": "Point", "coordinates": [ 110.3715439, -7.785123 ] } },
{ "type": "Feature", "properties": { "fid": 1114.0, "osm_id": 10113774347.0, "osm_type": "nodes", "amenity": null, "name": "Indomaret Fresh", "layer": "commercial utm", "path": "D:\\geomapid\\Kebutuhan Final Project\\SHP\\UTM\\commercial utm.shp" }, "geometry": { "type": "Point", "coordinates": [ 110.3721303, -7.7767676 ] } },
{ "type": "Feature", "properties": { "fid": 1115.0, "osm_id": 12920877981.0, "osm_type": "nodes", "amenity": "restaurant", "name": "Depot Sintaka", "layer": "commercial utm", "path": "D:\\geomapid\\Kebutuhan Final Project\\SHP\\UTM\\commercial utm.shp" }, "geometry": { "type": "Point", "coordinates": [ 110.365619200000012, -7.7824524 ] } },
{ "type": "Feature", "properties": { "fid": 1116.0, "osm_id": 13172863117.0, "osm_type": "nodes", "amenity": "cafe", "name": "Tanamera Coffee Indonesia", "layer": "commercial utm", "path": "D:\\geomapid\\Kebutuhan Final Project\\SHP\\UTM\\commercial utm.shp" }, "geometry": { "type": "Point", "coordinates": [ 110.3676318, -7.7825671 ] } },
{ "type": "Feature", "properties": { "fid": 1117.0, "osm_id": 13332982598.0, "osm_type": "nodes", "amenity": null, "name": "PT. Zam Zam Tour & Travel Jogja", "layer": "commercial utm", "path": "D:\\geomapid\\Kebutuhan Final Project\\SHP\\UTM\\commercial utm.shp" }, "geometry": { "type": "Point", "coordinates": [ 110.3682828, -7.7722074 ] } },
{ "type": "Feature", "properties": { "fid": 1118.0, "osm_id": 13641394402.0, "osm_type": "nodes", "amenity": null, "name": "Matari House", "layer": "commercial utm", "path": "D:\\geomapid\\Kebutuhan Final Project\\SHP\\UTM\\commercial utm.shp" }, "geometry": { "type": "Point", "coordinates": [ 110.3684917, -7.7770031 ] } },
{ "type": "Feature", "properties": { "fid": 1119.0, "osm_id": 4655109789.0, "osm_type": "nodes", "amenity": null, "name": "Alfamart", "layer": "commercial utm", "path": "D:\\geomapid\\Kebutuhan Final Project\\SHP\\UTM\\commercial utm.shp" }, "geometry": { "type": "Point", "coordinates": [ 110.3679778, -7.7733154 ] } },
{ "type": "Feature", "properties": { "fid": 1120.0, "osm_id": 13822324537.0, "osm_type": "nodes", "amenity": null, "name": "Eiger Store", "layer": "commercial utm", "path": "D:\\geomapid\\Kebutuhan Final Project\\SHP\\UTM\\commercial utm.shp" }, "geometry": { "type": "Point", "coordinates": [ 110.3732323, -7.7804959 ] } },
{ "type": "Feature", "properties": { "fid": 1121.0, "osm_id": 3472798344.0, "osm_type": "nodes", "amenity": null, "name": "favehotel Kusumanegara", "layer": "commercial utm", "path": "D:\\geomapid\\Kebutuhan Final Project\\SHP\\UTM\\commercial utm.shp" }, "geometry": { "type": "Point", "coordinates": [ 110.3882241, -7.8014508 ] } },
{ "type": "Feature", "properties": { "fid": 1122.0, "osm_id": 2701067413.0, "osm_type": "nodes", "amenity": null, "name": "DPW PKS DIY", "layer": "commercial utm", "path": "D:\\geomapid\\Kebutuhan Final Project\\SHP\\UTM\\commercial utm.shp" }, "geometry": { "type": "Point", "coordinates": [ 110.3913889, -7.816797 ] } },
{ "type": "Feature", "properties": { "fid": 1123.0, "osm_id": 1987943181.0, "osm_type": "nodes", "amenity": null, "name": null, "layer": "commercial utm", "path": "D:\\geomapid\\Kebutuhan Final Project\\SHP\\UTM\\commercial utm.shp" }, "geometry": { "type": "Point", "coordinates": [ 110.380588700000018, -7.7981293 ] } },
{ "type": "Feature", "properties": { "fid": 1124.0, "osm_id": 1987943599.0, "osm_type": "nodes", "amenity": "fast_food", "name": null, "layer": "commercial utm", "path": "D:\\geomapid\\Kebutuhan Final Project\\SHP\\UTM\\commercial utm.shp" }, "geometry": { "type": "Point", "coordinates": [ 110.3812808, -7.7982037 ] } },
{ "type": "Feature", "properties": { "fid": 1125.0, "osm_id": 1674791296.0, "osm_type": "nodes", "amenity": null, "name": "SIWA NATA RAJA", "layer": "commercial utm", "path": "D:\\geomapid\\Kebutuhan Final Project\\SHP\\UTM\\commercial utm.shp" }, "geometry": { "type": "Point", "coordinates": [ 110.382884, -7.8252755 ] } },
{ "type": "Feature", "properties": { "fid": 1126.0, "osm_id": 7808417596.0, "osm_type": "nodes", "amenity": null, "name": "New Topsy", "layer": "commercial utm", "path": "D:\\geomapid\\Kebutuhan Final Project\\SHP\\UTM\\commercial utm.shp" }, "geometry": { "type": "Point", "coordinates": [ 110.3749688, -7.7885973 ] } },
{ "type": "Feature", "properties": { "fid": 1127.0, "osm_id": 12114570211.0, "osm_type": "nodes", "amenity": "restaurant", "name": "Nasi Goreng TBK", "layer": "commercial utm", "path": "D:\\geomapid\\Kebutuhan Final Project\\SHP\\UTM\\commercial utm.shp" }, "geometry": { "type": "Point", "coordinates": [ 110.3794244, -7.7828322 ] } },
{ "type": "Feature", "properties": { "fid": 1128.0, "osm_id": 12150454803.0, "osm_type": "nodes", "amenity": null, "name": "Roti'O", "layer": "commercial utm", "path": "D:\\geomapid\\Kebutuhan Final Project\\SHP\\UTM\\commercial utm.shp" }, "geometry": { "type": "Point", "coordinates": [ 110.3764554, -7.7902253 ] } },
{ "type": "Feature", "properties": { "fid": 1129.0, "osm_id": 11015682741.0, "osm_type": "nodes", "amenity": "fast_food", "name": "Nina Risol", "layer": "commercial utm", "path": "D:\\geomapid\\Kebutuhan Final Project\\SHP\\UTM\\commercial utm.shp" }, "geometry": { "type": "Point", "coordinates": [ 110.3723913, -7.7904062 ] } },
{ "type": "Feature", "properties": { "fid": 1130.0, "osm_id": 7038441385.0, "osm_type": "nodes", "amenity": "restaurant", "name": "Moerni 78", "layer": "commercial utm", "path": "D:\\geomapid\\Kebutuhan Final Project\\SHP\\UTM\\commercial utm.shp" }, "geometry": { "type": "Point", "coordinates": [ 110.3724615, -7.791139 ] } },
{ "type": "Feature", "properties": { "fid": 1131.0, "osm_id": 9198357823.0, "osm_type": "nodes", "amenity": null, "name": "Bak Cang & Kue Mangkok", "layer": "commercial utm", "path": "D:\\geomapid\\Kebutuhan Final Project\\SHP\\UTM\\commercial utm.shp" }, "geometry": { "type": "Point", "coordinates": [ 110.3724067, -7.7913051 ] } },
{ "type": "Feature", "properties": { "fid": 1132.0, "osm_id": 4423162839.0, "osm_type": "nodes", "amenity": "restaurant", "name": "Manuk Londho", "layer": "commercial utm", "path": "D:\\geomapid\\Kebutuhan Final Project\\SHP\\UTM\\commercial utm.shp" }, "geometry": { "type": "Point", "coordinates": [ 110.3719224, -7.7918948 ] } },
{ "type": "Feature", "properties": { "fid": 1133.0, "osm_id": 5833614473.0, "osm_type": "nodes", "amenity": null, "name": "RedDoorz Plus near Lempuyangan Station 3", "layer": "commercial utm", "path": "D:\\geomapid\\Kebutuhan Final Project\\SHP\\UTM\\commercial utm.shp" }, "geometry": { "type": "Point", "coordinates": [ 110.3719753, -7.7921597 ] } },
{ "type": "Feature", "properties": { "fid": 1134.0, "osm_id": 4692238589.0, "osm_type": "nodes", "amenity": null, "name": "Hotel Gaotama", "layer": "commercial utm", "path": "D:\\geomapid\\Kebutuhan Final Project\\SHP\\UTM\\commercial utm.shp" }, "geometry": { "type": "Point", "coordinates": [ 110.3674656, -7.7938706 ] } },
{ "type": "Feature", "properties": { "fid": 1135.0, "osm_id": 7057954288.0, "osm_type": "nodes", "amenity": "restaurant", "name": "Sate Ayam Podomoro", "layer": "commercial utm", "path": "D:\\geomapid\\Kebutuhan Final Project\\SHP\\UTM\\commercial utm.shp" }, "geometry": { "type": "Point", "coordinates": [ 110.3689638, -7.7958779 ] } },
{ "type": "Feature", "properties": { "fid": 1136.0, "osm_id": 4769002523.0, "osm_type": "nodes", "amenity": "fast_food", "name": "Dunkin'", "layer": "commercial utm", "path": "D:\\geomapid\\Kebutuhan Final Project\\SHP\\UTM\\commercial utm.shp" }, "geometry": { "type": "Point", "coordinates": [ 110.3652763, -7.796682 ] } },
{ "type": "Feature", "properties": { "fid": 1137.0, "osm_id": 11554891375.0, "osm_type": "nodes", "amenity": null, "name": "Batik Keris", "layer": "commercial utm", "path": "D:\\geomapid\\Kebutuhan Final Project\\SHP\\UTM\\commercial utm.shp" }, "geometry": { "type": "Point", "coordinates": [ 110.3655194, -7.7966919 ] } },
{ "type": "Feature", "properties": { "fid": 1138.0, "osm_id": 4168500297.0, "osm_type": "nodes", "amenity": null, "name": "Yogyakarta BnB", "layer": "commercial utm", "path": "D:\\geomapid\\Kebutuhan Final Project\\SHP\\UTM\\commercial utm.shp" }, "geometry": { "type": "Point", "coordinates": [ 110.362985, -7.7966198 ] } },
{ "type": "Feature", "properties": { "fid": 1139.0, "osm_id": 11674437504.0, "osm_type": "nodes", "amenity": null, "name": "Riss Hotel Malioboro", "layer": "commercial utm", "path": "D:\\geomapid\\Kebutuhan Final Project\\SHP\\UTM\\commercial utm.shp" }, "geometry": { "type": "Point", "coordinates": [ 110.3644211, -7.7874823 ] } },
{ "type": "Feature", "properties": { "fid": 1140.0, "osm_id": 3353047443.0, "osm_type": "nodes", "amenity": null, "name": "Tourist Information", "layer": "commercial utm", "path": "D:\\geomapid\\Kebutuhan Final Project\\SHP\\UTM\\commercial utm.shp" }, "geometry": { "type": "Point", "coordinates": [ 110.3633251, -7.7895446 ] } },
{ "type": "Feature", "properties": { "fid": 1141.0, "osm_id": 4785817026.0, "osm_type": "nodes", "amenity": "cafe", "name": "Starbucks", "layer": "commercial utm", "path": "D:\\geomapid\\Kebutuhan Final Project\\SHP\\UTM\\commercial utm.shp" }, "geometry": { "type": "Point", "coordinates": [ 110.3656557, -7.794942899999988 ] } },
{ "type": "Feature", "properties": { "fid": 1142.0, "osm_id": 5957327685.0, "osm_type": "nodes", "amenity": "cafe", "name": "Starbucks", "layer": "commercial utm", "path": "D:\\geomapid\\Kebutuhan Final Project\\SHP\\UTM\\commercial utm.shp" }, "geometry": { "type": "Point", "coordinates": [ 110.3654214, -7.7951464 ] } },
{ "type": "Feature", "properties": { "fid": 1143.0, "osm_id": 10658062305.0, "osm_type": "nodes", "amenity": "fast_food", "name": "Lumpia Malioboro", "layer": "commercial utm", "path": "D:\\geomapid\\Kebutuhan Final Project\\SHP\\UTM\\commercial utm.shp" }, "geometry": { "type": "Point", "coordinates": [ 110.365388, -7.7951434 ] } },
{ "type": "Feature", "properties": { "fid": 1144.0, "osm_id": 11571959952.0, "osm_type": "nodes", "amenity": null, "name": "Rocket Shop", "layer": "commercial utm", "path": "D:\\geomapid\\Kebutuhan Final Project\\SHP\\UTM\\commercial utm.shp" }, "geometry": { "type": "Point", "coordinates": [ 110.3652854, -7.7961206 ] } },
{ "type": "Feature", "properties": { "fid": 1145.0, "osm_id": 11571959954.0, "osm_type": "nodes", "amenity": "restaurant", "name": "Rumah Makan \"Kondang Jaya\"", "layer": "commercial utm", "path": "D:\\geomapid\\Kebutuhan Final Project\\SHP\\UTM\\commercial utm.shp" }, "geometry": { "type": "Point", "coordinates": [ 110.365046, -7.7962566 ] } },
{ "type": "Feature", "properties": { "fid": 1146.0, "osm_id": 11571959955.0, "osm_type": "nodes", "amenity": null, "name": "Matahari Mall", "layer": "commercial utm", "path": "D:\\geomapid\\Kebutuhan Final Project\\SHP\\UTM\\commercial utm.shp" }, "geometry": { "type": "Point", "coordinates": [ 110.3653272, -7.7958909 ] } },
{ "type": "Feature", "properties": { "fid": 1147.0, "osm_id": 11571959958.0, "osm_type": "nodes", "amenity": null, "name": "Batik Danar hadi", "layer": "commercial utm", "path": "D:\\geomapid\\Kebutuhan Final Project\\SHP\\UTM\\commercial utm.shp" }, "geometry": { "type": "Point", "coordinates": [ 110.3653607, -7.7955285 ] } },
{ "type": "Feature", "properties": { "fid": 1148.0, "osm_id": 11571959959.0, "osm_type": "nodes", "amenity": null, "name": "Toko \"Mac Mohan\"", "layer": "commercial utm", "path": "D:\\geomapid\\Kebutuhan Final Project\\SHP\\UTM\\commercial utm.shp" }, "geometry": { "type": "Point", "coordinates": [ 110.3653934, -7.7953535 ] } },
{ "type": "Feature", "properties": { "fid": 1149.0, "osm_id": 11571959964.0, "osm_type": "nodes", "amenity": null, "name": "Pangestu", "layer": "commercial utm", "path": "D:\\geomapid\\Kebutuhan Final Project\\SHP\\UTM\\commercial utm.shp" }, "geometry": { "type": "Point", "coordinates": [ 110.365636100000017, -7.7936799 ] } },
{ "type": "Feature", "properties": { "fid": 1150.0, "osm_id": 11571959965.0, "osm_type": "nodes", "amenity": null, "name": "Dugem", "layer": "commercial utm", "path": "D:\\geomapid\\Kebutuhan Final Project\\SHP\\UTM\\commercial utm.shp" }, "geometry": { "type": "Point", "coordinates": [ 110.3656425, -7.7936069 ] } },
{ "type": "Feature", "properties": { "fid": 1151.0, "osm_id": 11571959966.0, "osm_type": "nodes", "amenity": null, "name": "OVJ \"Oblong Van Jogja\"", "layer": "commercial utm", "path": "D:\\geomapid\\Kebutuhan Final Project\\SHP\\UTM\\commercial utm.shp" }, "geometry": { "type": "Point", "coordinates": [ 110.3656524, -7.7935556 ] } },
{ "type": "Feature", "properties": { "fid": 1152.0, "osm_id": 11571959967.0, "osm_type": "nodes", "amenity": null, "name": "Polo Ralph Lauren", "layer": "commercial utm", "path": "D:\\geomapid\\Kebutuhan Final Project\\SHP\\UTM\\commercial utm.shp" }, "geometry": { "type": "Point", "coordinates": [ 110.3656595, -7.7935135 ] } },
{ "type": "Feature", "properties": { "fid": 1153.0, "osm_id": 11571962070.0, "osm_type": "nodes", "amenity": null, "name": "Batik Surya", "layer": "commercial utm", "path": "D:\\geomapid\\Kebutuhan Final Project\\SHP\\UTM\\commercial utm.shp" }, "geometry": { "type": "Point", "coordinates": [ 110.3656801, -7.7933738 ] } },
{ "type": "Feature", "properties": { "fid": 1154.0, "osm_id": 11571962072.0, "osm_type": "nodes", "amenity": null, "name": "adikusumo", "layer": "commercial utm", "path": "D:\\geomapid\\Kebutuhan Final Project\\SHP\\UTM\\commercial utm.shp" }, "geometry": { "type": "Point", "coordinates": [ 110.3656836, -7.7932754 ] } },
{ "type": "Feature", "properties": { "fid": 1155.0, "osm_id": 11571962077.0, "osm_type": "nodes", "amenity": null, "name": "Sari Ilmu", "layer": "commercial utm", "path": "D:\\geomapid\\Kebutuhan Final Project\\SHP\\UTM\\commercial utm.shp" }, "geometry": { "type": "Point", "coordinates": [ 110.3657311, -7.7927726 ] } },
{ "type": "Feature", "properties": { "fid": 1156.0, "osm_id": 11571962079.0, "osm_type": "nodes", "amenity": null, "name": "Kawedar", "layer": "commercial utm", "path": "D:\\geomapid\\Kebutuhan Final Project\\SHP\\UTM\\commercial utm.shp" }, "geometry": { "type": "Point", "coordinates": [ 110.365802, -7.7923611 ] } },
{ "type": "Feature", "properties": { "fid": 1157.0, "osm_id": 11571962081.0, "osm_type": "nodes", "amenity": "fast_food", "name": "KFC", "layer": "commercial utm", "path": "D:\\geomapid\\Kebutuhan Final Project\\SHP\\UTM\\commercial utm.shp" }, "geometry": { "type": "Point", "coordinates": [ 110.3658218, -7.7920802 ] } },
{ "type": "Feature", "properties": { "fid": 1158.0, "osm_id": 11571962082.0, "osm_type": "nodes", "amenity": null, "name": "Citra Batik", "layer": "commercial utm", "path": "D:\\geomapid\\Kebutuhan Final Project\\SHP\\UTM\\commercial utm.shp" }, "geometry": { "type": "Point", "coordinates": [ 110.3658268, -7.7920219 ] } },
{ "type": "Feature", "properties": { "fid": 1159.0, "osm_id": 11571962085.0, "osm_type": "nodes", "amenity": null, "name": "Djakjok", "layer": "commercial utm", "path": "D:\\geomapid\\Kebutuhan Final Project\\SHP\\UTM\\commercial utm.shp" }, "geometry": { "type": "Point", "coordinates": [ 110.3658566, -7.7918062 ] } },
{ "type": "Feature", "properties": { "fid": 1160.0, "osm_id": 11571962090.0, "osm_type": "nodes", "amenity": null, "name": "Maruti Batik", "layer": "commercial utm", "path": "D:\\geomapid\\Kebutuhan Final Project\\SHP\\UTM\\commercial utm.shp" }, "geometry": { "type": "Point", "coordinates": [ 110.3659241, -7.7910909 ] } },
{ "type": "Feature", "properties": { "fid": 1161.0, "osm_id": 11571962092.0, "osm_type": "nodes", "amenity": null, "name": "Batik Sekar dan Roro", "layer": "commercial utm", "path": "D:\\geomapid\\Kebutuhan Final Project\\SHP\\UTM\\commercial utm.shp" }, "geometry": { "type": "Point", "coordinates": [ 110.3659357, -7.7909772 ] } },
{ "type": "Feature", "properties": { "fid": 1162.0, "osm_id": 11571962094.0, "osm_type": "nodes", "amenity": null, "name": "Radjo batik", "layer": "commercial utm", "path": "D:\\geomapid\\Kebutuhan Final Project\\SHP\\UTM\\commercial utm.shp" }, "geometry": { "type": "Point", "coordinates": [ 110.365954, -7.7908407 ] } },
{ "type": "Feature", "properties": { "fid": 1163.0, "osm_id": 11554884024.0, "osm_type": "nodes", "amenity": null, "name": "Toko Obat Enggal Husada", "layer": "commercial utm", "path": "D:\\geomapid\\Kebutuhan Final Project\\SHP\\UTM\\commercial utm.shp" }, "geometry": { "type": "Point", "coordinates": [ 110.36547010000001, -7.7969533 ] } },
{ "type": "Feature", "properties": { "fid": 1164.0, "osm_id": 11554891991.0, "osm_type": "nodes", "amenity": null, "name": "Dynasty Fashion", "layer": "commercial utm", "path": "D:\\geomapid\\Kebutuhan Final Project\\SHP\\UTM\\commercial utm.shp" }, "geometry": { "type": "Point", "coordinates": [ 110.3652114, -7.7967249 ] } },
{ "type": "Feature", "properties": { "fid": 1165.0, "osm_id": 11555005081.0, "osm_type": "nodes", "amenity": null, "name": "Jogja Distro", "layer": "commercial utm", "path": "D:\\geomapid\\Kebutuhan Final Project\\SHP\\UTM\\commercial utm.shp" }, "geometry": { "type": "Point", "coordinates": [ 110.3651464, -7.7969624 ] } },
{ "type": "Feature", "properties": { "fid": 1166.0, "osm_id": 7100517024.0, "osm_type": "nodes", "amenity": null, "name": null, "layer": "commercial utm", "path": "D:\\geomapid\\Kebutuhan Final Project\\SHP\\UTM\\commercial utm.shp" }, "geometry": { "type": "Point", "coordinates": [ 110.3627688, -7.7936097 ] } },
{ "type": "Feature", "properties": { "fid": 1167.0, "osm_id": 4212103390.0, "osm_type": "nodes", "amenity": "bar", "name": "Lucifer Bar", "layer": "commercial utm", "path": "D:\\geomapid\\Kebutuhan Final Project\\SHP\\UTM\\commercial utm.shp" }, "geometry": { "type": "Point", "coordinates": [ 110.361802, -7.7916375 ] } },
{ "type": "Feature", "properties": { "fid": 1168.0, "osm_id": 3636570820.0, "osm_type": "nodes", "amenity": "restaurant", "name": "Mi casa es tu casa", "layer": "commercial utm", "path": "D:\\geomapid\\Kebutuhan Final Project\\SHP\\UTM\\commercial utm.shp" }, "geometry": { "type": "Point", "coordinates": [ 110.3640246, -7.7905199 ] } },
{ "type": "Feature", "properties": { "fid": 1169.0, "osm_id": 2411872249.0, "osm_type": "nodes", "amenity": "restaurant", "name": "warung oncor asli", "layer": "commercial utm", "path": "D:\\geomapid\\Kebutuhan Final Project\\SHP\\UTM\\commercial utm.shp" }, "geometry": { "type": "Point", "coordinates": [ 110.3660367, -7.7876154 ] } },
{ "type": "Feature", "properties": { "fid": 1170.0, "osm_id": 8519277413.0, "osm_type": "nodes", "amenity": "cafe", "name": "Loko Coffee Shop", "layer": "commercial utm", "path": "D:\\geomapid\\Kebutuhan Final Project\\SHP\\UTM\\commercial utm.shp" }, "geometry": { "type": "Point", "coordinates": [ 110.3659966, -7.7897939 ] } },
{ "type": "Feature", "properties": { "fid": 1171.0, "osm_id": 13011638722.0, "osm_type": "nodes", "amenity": "fast_food", "name": "KFC", "layer": "commercial utm", "path": "D:\\geomapid\\Kebutuhan Final Project\\SHP\\UTM\\commercial utm.shp" }, "geometry": { "type": "Point", "coordinates": [ 110.3660224, -7.7929917 ] } },
{ "type": "Feature", "properties": { "fid": 1172.0, "osm_id": 4562432090.0, "osm_type": "nodes", "amenity": null, "name": "Andrea hotel", "layer": "commercial utm", "path": "D:\\geomapid\\Kebutuhan Final Project\\SHP\\UTM\\commercial utm.shp" }, "geometry": { "type": "Point", "coordinates": [ 110.364036, -7.790417 ] } },
{ "type": "Feature", "properties": { "fid": 1173.0, "osm_id": 4723499991.0, "osm_type": "nodes", "amenity": null, "name": "Telephone & SimCard", "layer": "commercial utm", "path": "D:\\geomapid\\Kebutuhan Final Project\\SHP\\UTM\\commercial utm.shp" }, "geometry": { "type": "Point", "coordinates": [ 110.3657221, -7.7947655 ] } },
{ "type": "Feature", "properties": { "fid": 1174.0, "osm_id": 4752088221.0, "osm_type": "nodes", "amenity": null, "name": "Lucky Boomerang", "layer": "commercial utm", "path": "D:\\geomapid\\Kebutuhan Final Project\\SHP\\UTM\\commercial utm.shp" }, "geometry": { "type": "Point", "coordinates": [ 110.3652391, -7.791424 ] } },
{ "type": "Feature", "properties": { "fid": 1175.0, "osm_id": 4838802723.0, "osm_type": "nodes", "amenity": "bar", "name": "Taphouse", "layer": "commercial utm", "path": "D:\\geomapid\\Kebutuhan Final Project\\SHP\\UTM\\commercial utm.shp" }, "geometry": { "type": "Point", "coordinates": [ 110.360641, -7.7902442 ] } },
{ "type": "Feature", "properties": { "fid": 1176.0, "osm_id": 5272163622.0, "osm_type": "nodes", "amenity": "restaurant", "name": "Yani's Kitchen", "layer": "commercial utm", "path": "D:\\geomapid\\Kebutuhan Final Project\\SHP\\UTM\\commercial utm.shp" }, "geometry": { "type": "Point", "coordinates": [ 110.3618973, -7.793692 ] } },
{ "type": "Feature", "properties": { "fid": 1177.0, "osm_id": 5838946190.0, "osm_type": "nodes", "amenity": "restaurant", "name": "Bintang Lesehan", "layer": "commercial utm", "path": "D:\\geomapid\\Kebutuhan Final Project\\SHP\\UTM\\commercial utm.shp" }, "geometry": { "type": "Point", "coordinates": [ 110.3656324, -7.7952944 ] } },
{ "type": "Feature", "properties": { "fid": 1178.0, "osm_id": 6076004685.0, "osm_type": "nodes", "amenity": null, "name": "Material shop", "layer": "commercial utm", "path": "D:\\geomapid\\Kebutuhan Final Project\\SHP\\UTM\\commercial utm.shp" }, "geometry": { "type": "Point", "coordinates": [ 110.3655451, -7.7953787 ] } },
{ "type": "Feature", "properties": { "fid": 1179.0, "osm_id": 11554872681.0, "osm_type": "nodes", "amenity": null, "name": "Alfamart", "layer": "commercial utm", "path": "D:\\geomapid\\Kebutuhan Final Project\\SHP\\UTM\\commercial utm.shp" }, "geometry": { "type": "Point", "coordinates": [ 110.3658349, -7.7916049 ] } },
{ "type": "Feature", "properties": { "fid": 1180.0, "osm_id": 6401792057.0, "osm_type": "nodes", "amenity": null, "name": "Bakpia Tugu", "layer": "commercial utm", "path": "D:\\geomapid\\Kebutuhan Final Project\\SHP\\UTM\\commercial utm.shp" }, "geometry": { "type": "Point", "coordinates": [ 110.3630929, -7.7896887 ] } },
{ "type": "Feature", "properties": { "fid": 1181.0, "osm_id": 12150116115.0, "osm_type": "nodes", "amenity": null, "name": "Roti'O", "layer": "commercial utm", "path": "D:\\geomapid\\Kebutuhan Final Project\\SHP\\UTM\\commercial utm.shp" }, "geometry": { "type": "Point", "coordinates": [ 110.3629663, -7.7896121 ] } },
{ "type": "Feature", "properties": { "fid": 1182.0, "osm_id": 12150116120.0, "osm_type": "nodes", "amenity": null, "name": "Loket Tiket Kereta Api Bandara", "layer": "commercial utm", "path": "D:\\geomapid\\Kebutuhan Final Project\\SHP\\UTM\\commercial utm.shp" }, "geometry": { "type": "Point", "coordinates": [ 110.3636374, -7.7897481 ] } },
{ "type": "Feature", "properties": { "fid": 1183.0, "osm_id": 12150116126.0, "osm_type": "nodes", "amenity": null, "name": "Loket Tiker Commuter Line", "layer": "commercial utm", "path": "D:\\geomapid\\Kebutuhan Final Project\\SHP\\UTM\\commercial utm.shp" }, "geometry": { "type": "Point", "coordinates": [ 110.363863900000013, -7.7897302 ] } },
{ "type": "Feature", "properties": { "fid": 1184.0, "osm_id": 11877675871.0, "osm_type": "nodes", "amenity": null, "name": "Zen Moon Hostel", "layer": "commercial utm", "path": "D:\\geomapid\\Kebutuhan Final Project\\SHP\\UTM\\commercial utm.shp" }, "geometry": { "type": "Point", "coordinates": [ 110.3651018, -7.8181244 ] } },
{ "type": "Feature", "properties": { "fid": 1185.0, "osm_id": 9748490333.0, "osm_type": "nodes", "amenity": null, "name": "Biznet", "layer": "commercial utm", "path": "D:\\geomapid\\Kebutuhan Final Project\\SHP\\UTM\\commercial utm.shp" }, "geometry": { "type": "Point", "coordinates": [ 110.3899662, -7.7833122 ] } },
{ "type": "Feature", "properties": { "fid": 1186.0, "osm_id": 9217234772.0, "osm_type": "nodes", "amenity": "restaurant", "name": "Warung Makan Amunasi", "layer": "commercial utm", "path": "D:\\geomapid\\Kebutuhan Final Project\\SHP\\UTM\\commercial utm.shp" }, "geometry": { "type": "Point", "coordinates": [ 110.3794195, -7.7816819 ] } },
{ "type": "Feature", "properties": { "fid": 1187.0, "osm_id": 9200965804.0, "osm_type": "nodes", "amenity": "restaurant", "name": "Pondok Makan Bu Mardi", "layer": "commercial utm", "path": "D:\\geomapid\\Kebutuhan Final Project\\SHP\\UTM\\commercial utm.shp" }, "geometry": { "type": "Point", "coordinates": [ 110.3752658, -7.7818893 ] } },
{ "type": "Feature", "properties": { "fid": 1188.0, "osm_id": 9194593862.0, "osm_type": "nodes", "amenity": null, "name": "Barber Jethro", "layer": "commercial utm", "path": "D:\\geomapid\\Kebutuhan Final Project\\SHP\\UTM\\commercial utm.shp" }, "geometry": { "type": "Point", "coordinates": [ 110.3792273, -7.7837682 ] } },
{ "type": "Feature", "properties": { "fid": 1189.0, "osm_id": 10603443058.0, "osm_type": "nodes", "amenity": "cafe", "name": "Anak Panah Kopi", "layer": "commercial utm", "path": "D:\\geomapid\\Kebutuhan Final Project\\SHP\\UTM\\commercial utm.shp" }, "geometry": { "type": "Point", "coordinates": [ 110.3530087, -7.7872561 ] } },
{ "type": "Feature", "properties": { "fid": 1190.0, "osm_id": 8873947023.0, "osm_type": "nodes", "amenity": null, "name": "kazuma clothing jogja", "layer": "commercial utm", "path": "D:\\geomapid\\Kebutuhan Final Project\\SHP\\UTM\\commercial utm.shp" }, "geometry": { "type": "Point", "coordinates": [ 110.3561283, -7.7960126 ] } },
{ "type": "Feature", "properties": { "fid": 1191.0, "osm_id": 7178656498.0, "osm_type": "nodes", "amenity": null, "name": "Tamansari", "layer": "commercial utm", "path": "D:\\geomapid\\Kebutuhan Final Project\\SHP\\UTM\\commercial utm.shp" }, "geometry": { "type": "Point", "coordinates": [ 110.3654359, -7.7951439 ] } },
{ "type": "Feature", "properties": { "fid": 1192.0, "osm_id": 4761109923.0, "osm_type": "nodes", "amenity": "restaurant", "name": "Water Castle Cafe", "layer": "commercial utm", "path": "D:\\geomapid\\Kebutuhan Final Project\\SHP\\UTM\\commercial utm.shp" }, "geometry": { "type": "Point", "coordinates": [ 110.3600747, -7.8086823 ] } },
{ "type": "Feature", "properties": { "fid": 1193.0, "osm_id": 6332540361.0, "osm_type": "nodes", "amenity": "restaurant", "name": "Waroeng SS Kyai Mojo", "layer": "commercial utm", "path": "D:\\geomapid\\Kebutuhan Final Project\\SHP\\UTM\\commercial utm.shp" }, "geometry": { "type": "Point", "coordinates": [ 110.3554426, -7.7820842 ] } },
{ "type": "Feature", "properties": { "fid": 1194.0, "osm_id": 12291486193.0, "osm_type": "nodes", "amenity": "restaurant", "name": "Monalisa Burger", "layer": "commercial utm", "path": "D:\\geomapid\\Kebutuhan Final Project\\SHP\\UTM\\commercial utm.shp" }, "geometry": { "type": "Point", "coordinates": [ 110.3730567, -7.819783 ] } },
{ "type": "Feature", "properties": { "fid": 1195.0, "osm_id": 12473302703.0, "osm_type": "nodes", "amenity": null, "name": null, "layer": "commercial utm", "path": "D:\\geomapid\\Kebutuhan Final Project\\SHP\\UTM\\commercial utm.shp" }, "geometry": { "type": "Point", "coordinates": [ 110.3712927, -7.8179886 ] } },
{ "type": "Feature", "properties": { "fid": 1196.0, "osm_id": 3256672769.0, "osm_type": "nodes", "amenity": null, "name": "Pegadaian", "layer": "commercial utm", "path": "D:\\geomapid\\Kebutuhan Final Project\\SHP\\UTM\\commercial utm.shp" }, "geometry": { "type": "Point", "coordinates": [ 110.365341, -7.8145013 ] } },
{ "type": "Feature", "properties": { "fid": 1197.0, "osm_id": 4590940458.0, "osm_type": "nodes", "amenity": null, "name": "Hotel Brawijaya", "layer": "commercial utm", "path": "D:\\geomapid\\Kebutuhan Final Project\\SHP\\UTM\\commercial utm.shp" }, "geometry": { "type": "Point", "coordinates": [ 110.3919903, -7.8143823 ] } },
{ "type": "Feature", "properties": { "fid": 1198.0, "osm_id": 11571962086.0, "osm_type": "nodes", "amenity": null, "name": null, "layer": "commercial utm", "path": "D:\\geomapid\\Kebutuhan Final Project\\SHP\\UTM\\commercial utm.shp" }, "geometry": { "type": "Point", "coordinates": [ 110.365851, -7.7916818 ] } },
{ "type": "Feature", "properties": { "fid": 1199.0, "osm_id": 12440066724.0, "osm_type": "nodes", "amenity": "restaurant", "name": "Kasmaran", "layer": "commercial utm", "path": "D:\\geomapid\\Kebutuhan Final Project\\SHP\\UTM\\commercial utm.shp" }, "geometry": { "type": "Point", "coordinates": [ 110.36542110000002, -7.7950715 ] } },
{ "type": "Feature", "properties": { "fid": 1200.0, "osm_id": 3256672763.0, "osm_type": "nodes", "amenity": null, "name": null, "layer": "commercial utm", "path": "D:\\geomapid\\Kebutuhan Final Project\\SHP\\UTM\\commercial utm.shp" }, "geometry": { "type": "Point", "coordinates": [ 110.3657327, -7.814557 ] } },
{ "type": "Feature", "properties": { "fid": 1201.0, "osm_id": 12583061758.0, "osm_type": "nodes", "amenity": null, "name": "Ud Pak Man", "layer": "commercial utm", "path": "D:\\geomapid\\Kebutuhan Final Project\\SHP\\UTM\\commercial utm.shp" }, "geometry": { "type": "Point", "coordinates": [ 110.379898700000012, -7.8293076 ] } },
{ "type": "Feature", "properties": { "fid": 1202.0, "osm_id": 12583061759.0, "osm_type": "nodes", "amenity": "restaurant", "name": "Pawon Kremesan Budhé", "layer": "commercial utm", "path": "D:\\geomapid\\Kebutuhan Final Project\\SHP\\UTM\\commercial utm.shp" }, "geometry": { "type": "Point", "coordinates": [ 110.3798478, -7.8291341 ] } },
{ "type": "Feature", "properties": { "fid": 1203.0, "osm_id": 10774907815.0, "osm_type": "nodes", "amenity": null, "name": "Museum Dewantara Kirti Griya", "layer": "commercial utm", "path": "D:\\geomapid\\Kebutuhan Final Project\\SHP\\UTM\\commercial utm.shp" }, "geometry": { "type": "Point", "coordinates": [ 110.3784127, -7.8054562 ] } },
{ "type": "Feature", "properties": { "fid": 1204.0, "osm_id": 9118787717.0, "osm_type": "nodes", "amenity": null, "name": "Royal Malioboro", "layer": "commercial utm", "path": "D:\\geomapid\\Kebutuhan Final Project\\SHP\\UTM\\commercial utm.shp" }, "geometry": { "type": "Point", "coordinates": [ 110.3644978, -7.790026 ] } },
{ "type": "Feature", "properties": { "fid": 1205.0, "osm_id": 9819405184.0, "osm_type": "nodes", "amenity": null, "name": "The Cabin Hotel Sutomo", "layer": "commercial utm", "path": "D:\\geomapid\\Kebutuhan Final Project\\SHP\\UTM\\commercial utm.shp" }, "geometry": { "type": "Point", "coordinates": [ 110.3778556, -7.7969982 ] } },
{ "type": "Feature", "properties": { "fid": 1206.0, "osm_id": 10173231153.0, "osm_type": "nodes", "amenity": null, "name": "Museum Sidik Martowidjojo", "layer": "commercial utm", "path": "D:\\geomapid\\Kebutuhan Final Project\\SHP\\UTM\\commercial utm.shp" }, "geometry": { "type": "Point", "coordinates": [ 110.3629211, -7.8084912 ] } },
{ "type": "Feature", "properties": { "fid": 1207.0, "osm_id": 10665024505.0, "osm_type": "nodes", "amenity": "fast_food", "name": "Lumpia Samijaya", "layer": "commercial utm", "path": "D:\\geomapid\\Kebutuhan Final Project\\SHP\\UTM\\commercial utm.shp" }, "geometry": { "type": "Point", "coordinates": [ 110.3657061, -7.7943318 ] } },
{ "type": "Feature", "properties": { "fid": 1208.0, "osm_id": 6302925933.0, "osm_type": "nodes", "amenity": "restaurant", "name": "Hungry Nomad", "layer": "commercial utm", "path": "D:\\geomapid\\Kebutuhan Final Project\\SHP\\UTM\\commercial utm.shp" }, "geometry": { "type": "Point", "coordinates": [ 110.3704115, -7.8201856 ] } },
{ "type": "Feature", "properties": { "fid": 1209.0, "osm_id": 9180775717.0, "osm_type": "nodes", "amenity": null, "name": "YAP & Partners", "layer": "commercial utm", "path": "D:\\geomapid\\Kebutuhan Final Project\\SHP\\UTM\\commercial utm.shp" }, "geometry": { "type": "Point", "coordinates": [ 110.379681, -7.7885516 ] } },
{ "type": "Feature", "properties": { "fid": 1210.0, "osm_id": 9174098803.0, "osm_type": "nodes", "amenity": "restaurant", "name": "Warung Bakmi Ngangeni", "layer": "commercial utm", "path": "D:\\geomapid\\Kebutuhan Final Project\\SHP\\UTM\\commercial utm.shp" }, "geometry": { "type": "Point", "coordinates": [ 110.3785368, -7.7882086 ] } },
{ "type": "Feature", "properties": { "fid": 1211.0, "osm_id": 4069871628.0, "osm_type": "nodes", "amenity": null, "name": "Hero Supermarket", "layer": "commercial utm", "path": "D:\\geomapid\\Kebutuhan Final Project\\SHP\\UTM\\commercial utm.shp" }, "geometry": { "type": "Point", "coordinates": [ 110.3661679, -7.7929904 ] } },
{ "type": "Feature", "properties": { "fid": 1212.0, "osm_id": 4905999621.0, "osm_type": "nodes", "amenity": "cafe", "name": "Dangan", "layer": "commercial utm", "path": "D:\\geomapid\\Kebutuhan Final Project\\SHP\\UTM\\commercial utm.shp" }, "geometry": { "type": "Point", "coordinates": [ 110.3647608, -7.7915584 ] } },
{ "type": "Feature", "properties": { "fid": 1213.0, "osm_id": 9763771868.0, "osm_type": "nodes", "amenity": null, "name": "Hotel Melia Purosani", "layer": "commercial utm", "path": "D:\\geomapid\\Kebutuhan Final Project\\SHP\\UTM\\commercial utm.shp" }, "geometry": { "type": "Point", "coordinates": [ 110.3689789, -7.7969057 ] } },
{ "type": "Feature", "properties": { "fid": 1214.0, "osm_id": 9831975705.0, "osm_type": "nodes", "amenity": null, "name": "Selaras Inn Hotel Yogyakarta", "layer": "commercial utm", "path": "D:\\geomapid\\Kebutuhan Final Project\\SHP\\UTM\\commercial utm.shp" }, "geometry": { "type": "Point", "coordinates": [ 110.3630563, -7.7916775 ] } },
{ "type": "Feature", "properties": { "fid": 1215.0, "osm_id": 9252270617.0, "osm_type": "nodes", "amenity": "restaurant", "name": "Soto Ayam", "layer": "commercial utm", "path": "D:\\geomapid\\Kebutuhan Final Project\\SHP\\UTM\\commercial utm.shp" }, "geometry": { "type": "Point", "coordinates": [ 110.3761118, -7.7863022 ] } },
{ "type": "Feature", "properties": { "fid": 1216.0, "osm_id": 9219846872.0, "osm_type": "nodes", "amenity": "restaurant", "name": "Mie Ayam Kobar Jaya", "layer": "commercial utm", "path": "D:\\geomapid\\Kebutuhan Final Project\\SHP\\UTM\\commercial utm.shp" }, "geometry": { "type": "Point", "coordinates": [ 110.3709391, -7.7872179 ] } },
{ "type": "Feature", "properties": { "fid": 1217.0, "osm_id": 9217234775.0, "osm_type": "nodes", "amenity": "restaurant", "name": "Sae Chicken - Warung 543", "layer": "commercial utm", "path": "D:\\geomapid\\Kebutuhan Final Project\\SHP\\UTM\\commercial utm.shp" }, "geometry": { "type": "Point", "coordinates": [ 110.3792365, -7.7836891 ] } },
{ "type": "Feature", "properties": { "fid": 1218.0, "osm_id": 5823423053.0, "osm_type": "nodes", "amenity": "restaurant", "name": "Sagan Dak Galbi", "layer": "commercial utm", "path": "D:\\geomapid\\Kebutuhan Final Project\\SHP\\UTM\\commercial utm.shp" }, "geometry": { "type": "Point", "coordinates": [ 110.3793977, -7.7826198 ] } },
{ "type": "Feature", "properties": { "fid": 1219.0, "osm_id": 9208542432.0, "osm_type": "nodes", "amenity": null, "name": "Home Schooling HSPG", "layer": "commercial utm", "path": "D:\\geomapid\\Kebutuhan Final Project\\SHP\\UTM\\commercial utm.shp" }, "geometry": { "type": "Point", "coordinates": [ 110.3862795, -7.786151 ] } },
{ "type": "Feature", "properties": { "fid": 1220.0, "osm_id": 9200965801.0, "osm_type": "nodes", "amenity": null, "name": "Barber shop", "layer": "commercial utm", "path": "D:\\geomapid\\Kebutuhan Final Project\\SHP\\UTM\\commercial utm.shp" }, "geometry": { "type": "Point", "coordinates": [ 110.3752698, -7.7818575 ] } },
{ "type": "Feature", "properties": { "fid": 1221.0, "osm_id": 9198357821.0, "osm_type": "nodes", "amenity": null, "name": "Kurnia Motor", "layer": "commercial utm", "path": "D:\\geomapid\\Kebutuhan Final Project\\SHP\\UTM\\commercial utm.shp" }, "geometry": { "type": "Point", "coordinates": [ 110.372892, -7.7907718 ] } },
{ "type": "Feature", "properties": { "fid": 1222.0, "osm_id": 9198357824.0, "osm_type": "nodes", "amenity": null, "name": "Nila Cake", "layer": "commercial utm", "path": "D:\\geomapid\\Kebutuhan Final Project\\SHP\\UTM\\commercial utm.shp" }, "geometry": { "type": "Point", "coordinates": [ 110.3723691, -7.7917607 ] } },
{ "type": "Feature", "properties": { "fid": 1223.0, "osm_id": 9194565891.0, "osm_type": "nodes", "amenity": null, "name": "Taman Pustaka Kristen", "layer": "commercial utm", "path": "D:\\geomapid\\Kebutuhan Final Project\\SHP\\UTM\\commercial utm.shp" }, "geometry": { "type": "Point", "coordinates": [ 110.3788946, -7.7858911 ] } },
{ "type": "Feature", "properties": { "fid": 1224.0, "osm_id": 7868903280.0, "osm_type": "nodes", "amenity": null, "name": "JNE", "layer": "commercial utm", "path": "D:\\geomapid\\Kebutuhan Final Project\\SHP\\UTM\\commercial utm.shp" }, "geometry": { "type": "Point", "coordinates": [ 110.3796629, -7.7874578 ] } },
{ "type": "Feature", "properties": { "fid": 1225.0, "osm_id": 9184084958.0, "osm_type": "nodes", "amenity": null, "name": "Balai Bahasa", "layer": "commercial utm", "path": "D:\\geomapid\\Kebutuhan Final Project\\SHP\\UTM\\commercial utm.shp" }, "geometry": { "type": "Point", "coordinates": [ 110.3708525, -7.7847897 ] } },
{ "type": "Feature", "properties": { "fid": 1226.0, "osm_id": 7859923662.0, "osm_type": "nodes", "amenity": null, "name": "LPK Dian Gitaya", "layer": "commercial utm", "path": "D:\\geomapid\\Kebutuhan Final Project\\SHP\\UTM\\commercial utm.shp" }, "geometry": { "type": "Point", "coordinates": [ 110.376512300000016, -7.7862721 ] } },
{ "type": "Feature", "properties": { "fid": 1227.0, "osm_id": 7071652385.0, "osm_type": "nodes", "amenity": "restaurant", "name": "Kota Kembang", "layer": "commercial utm", "path": "D:\\geomapid\\Kebutuhan Final Project\\SHP\\UTM\\commercial utm.shp" }, "geometry": { "type": "Point", "coordinates": [ 110.3782239, -7.7937032 ] } },
{ "type": "Feature", "properties": { "fid": 1228.0, "osm_id": 9252270618.0, "osm_type": "nodes", "amenity": "restaurant", "name": "Siomay Kotabaru", "layer": "commercial utm", "path": "D:\\geomapid\\Kebutuhan Final Project\\SHP\\UTM\\commercial utm.shp" }, "geometry": { "type": "Point", "coordinates": [ 110.3747143, -7.7859728 ] } },
{ "type": "Feature", "properties": { "fid": 1229.0, "osm_id": 7868743429.0, "osm_type": "nodes", "amenity": null, "name": "Oksigen Abadi", "layer": "commercial utm", "path": "D:\\geomapid\\Kebutuhan Final Project\\SHP\\UTM\\commercial utm.shp" }, "geometry": { "type": "Point", "coordinates": [ 110.3788263, -7.7870755 ] } },
{ "type": "Feature", "properties": { "fid": 1230.0, "osm_id": 9191142225.0, "osm_type": "nodes", "amenity": "restaurant", "name": "Warung Makan Sederhana", "layer": "commercial utm", "path": "D:\\geomapid\\Kebutuhan Final Project\\SHP\\UTM\\commercial utm.shp" }, "geometry": { "type": "Point", "coordinates": [ 110.3797644, -7.7874986 ] } },
{ "type": "Feature", "properties": { "fid": 1231.0, "osm_id": 9205485637.0, "osm_type": "nodes", "amenity": "cafe", "name": "Threesna Cafe", "layer": "commercial utm", "path": "D:\\geomapid\\Kebutuhan Final Project\\SHP\\UTM\\commercial utm.shp" }, "geometry": { "type": "Point", "coordinates": [ 110.3798397, -7.78753 ] } },
{ "type": "Feature", "properties": { "fid": 1232.0, "osm_id": 9208431566.0, "osm_type": "nodes", "amenity": null, "name": "Top Laundry", "layer": "commercial utm", "path": "D:\\geomapid\\Kebutuhan Final Project\\SHP\\UTM\\commercial utm.shp" }, "geometry": { "type": "Point", "coordinates": [ 110.380309400000016, -7.7875154 ] } },
{ "type": "Feature", "properties": { "fid": 1233.0, "osm_id": 9194565890.0, "osm_type": "nodes", "amenity": null, "name": null, "layer": "commercial utm", "path": "D:\\geomapid\\Kebutuhan Final Project\\SHP\\UTM\\commercial utm.shp" }, "geometry": { "type": "Point", "coordinates": [ 110.3787663, -7.7867828 ] } },
{ "type": "Feature", "properties": { "fid": 1234.0, "osm_id": 9194565893.0, "osm_type": "nodes", "amenity": null, "name": "Gypsum Mekar Klitren", "layer": "commercial utm", "path": "D:\\geomapid\\Kebutuhan Final Project\\SHP\\UTM\\commercial utm.shp" }, "geometry": { "type": "Point", "coordinates": [ 110.3787451, -7.7868648 ] } },
{ "type": "Feature", "properties": { "fid": 1235.0, "osm_id": 9194565896.0, "osm_type": "nodes", "amenity": null, "name": "Alpha Medika", "layer": "commercial utm", "path": "D:\\geomapid\\Kebutuhan Final Project\\SHP\\UTM\\commercial utm.shp" }, "geometry": { "type": "Point", "coordinates": [ 110.3787968, -7.7865153 ] } },
{ "type": "Feature", "properties": { "fid": 1236.0, "osm_id": 4438722097.0, "osm_type": "nodes", "amenity": null, "name": "Hotel Sekar Ayu", "layer": "commercial utm", "path": "D:\\geomapid\\Kebutuhan Final Project\\SHP\\UTM\\commercial utm.shp" }, "geometry": { "type": "Point", "coordinates": [ 110.3709409, -7.7889685 ] } },
{ "type": "Feature", "properties": { "fid": 1237.0, "osm_id": 4516268491.0, "osm_type": "nodes", "amenity": "restaurant", "name": "La-capila", "layer": "commercial utm", "path": "D:\\geomapid\\Kebutuhan Final Project\\SHP\\UTM\\commercial utm.shp" }, "geometry": { "type": "Point", "coordinates": [ 110.3724948, -7.7887367 ] } },
{ "type": "Feature", "properties": { "fid": 1238.0, "osm_id": 9161072858.0, "osm_type": "nodes", "amenity": "restaurant", "name": "Nasi Goreng Mas Tarman", "layer": "commercial utm", "path": "D:\\geomapid\\Kebutuhan Final Project\\SHP\\UTM\\commercial utm.shp" }, "geometry": { "type": "Point", "coordinates": [ 110.3723956, -7.7878417 ] } },
{ "type": "Feature", "properties": { "fid": 1239.0, "osm_id": 7862132542.0, "osm_type": "nodes", "amenity": null, "name": "Kios", "layer": "commercial utm", "path": "D:\\geomapid\\Kebutuhan Final Project\\SHP\\UTM\\commercial utm.shp" }, "geometry": { "type": "Point", "coordinates": [ 110.3771505, -7.789047 ] } },
{ "type": "Feature", "properties": { "fid": 1240.0, "osm_id": 7877729979.0, "osm_type": "nodes", "amenity": "restaurant", "name": "Depot Instan", "layer": "commercial utm", "path": "D:\\geomapid\\Kebutuhan Final Project\\SHP\\UTM\\commercial utm.shp" }, "geometry": { "type": "Point", "coordinates": [ 110.3758047, -7.7891503 ] } },
{ "type": "Feature", "properties": { "fid": 1241.0, "osm_id": 7811468609.0, "osm_type": "nodes", "amenity": "restaurant", "name": "Warung Makan dan Gorengan", "layer": "commercial utm", "path": "D:\\geomapid\\Kebutuhan Final Project\\SHP\\UTM\\commercial utm.shp" }, "geometry": { "type": "Point", "coordinates": [ 110.374110400000021, -7.7889704 ] } }
]
}
